year,item,unit,national,national_kind,sum_raw,sum_repaired,gap,gap_pct,consistent_raw,consistent_repaired,repair_rule,gap_reason,n_num,n_dash,n_x,n_absent,regime,scale_flag,source_file
1965,えのきたけ,(t),,dash,0,0,,,,,,,0,46,0,1,unobserved,,edfa08000_s40.xls
1965,くり,(t),1955.0,num,1955.0,1955.0,0.0,0.0,1,1,,,46,0,0,1,positive_only,,edfa08000_s40.xls
1965,くるみ,(t),305.0,num,305.0,305.0,0.0,0.0,1,1,,,20,26,0,1,positive_only,,edfa08000_s40.xls
1965,しいたけ原木伏込,（立方メートル）,,dash,0,0,,,,,,,0,46,0,1,unobserved,,edfa08000_s40.xls
1965,しゅろ皮,(t),383.0,num,383.0,383.0,0.0,0.0,1,1,,,33,13,0,1,positive_only,,edfa08000_s40.xls
1965,たけのこ,(t),21278.5,num,21278.5,21278.5,0.0,0.0,1,1,,,46,0,0,1,positive_only,,edfa08000_s40.xls
1965,なめこ,(t),1882.5,num,1882.5,1882.5,0.0,0.0,1,1,,,35,11,0,1,positive_only,,edfa08000_s40.xls
1965,まき,（千束）,119555.0,num,119555.0,119555.0,0.0,0.0,1,1,,,46,0,0,1,positive_only,,edfa08000_s40.xls
1965,まつたけ,(t),1291.3,num,1291.3,1291.3,0.0,0.0,1,1,,,41,5,0,1,positive_only,,edfa08000_s40.xls
1965,乾しいたけ,(t),4810.4,num,4810.4,4810.4,0.0,0.0,1,1,,,45,1,0,1,positive_only,,edfa08000_s40.xls
1965,木炭計,(t),593113.0,num,593113.0,593113.0,0.0,0.0,1,1,,,46,0,0,1,positive_only,,edfa08000_s40.xls
1965,生しいたけ,(t),16556.7,num,16556.7,16556.7,0.0,0.0,1,1,,,46,0,0,1,positive_only,,edfa08000_s40.xls
1965,白炭,(t),,dash,0,0,,,,,,,0,46,0,1,unobserved,,edfa08000_s40.xls
1965,竹材,（千束）,8549.2,num,8549.2,8549.2,0.0,0.0,1,1,,,46,0,0,1,positive_only,,edfa08000_s40.xls
1965,黒炭,(t),,dash,0,0,,,,,,,0,46,0,1,unobserved,,edfa08000_s40.xls
1966,えのきたけ,(t),,dash,0,0,,,,,,,0,46,0,1,unobserved,,edfa08000_s41.xls
1966,くり,(t),2758.0,num,2758.0,2758.0,0.0,0.0,1,1,,,46,0,0,1,positive_only,,edfa08000_s41.xls
1966,くるみ,(t),248.0,num,248.0,248.0,0.0,0.0,1,1,,,22,24,0,1,positive_only,,edfa08000_s41.xls
1966,しいたけ原木伏込,（立方メートル）,,dash,0,0,,,,,,,0,46,0,1,unobserved,,edfa08000_s41.xls
1966,しゅろ皮,(t),482.0,num,482.0,482.0,0.0,0.0,1,1,,,30,16,0,1,positive_only,,edfa08000_s41.xls
1966,たけのこ,(t),24205.9,num,24205.9,24205.9,0.0,0.0,1,1,,,46,0,0,1,positive_only,,edfa08000_s41.xls
1966,なめこ,(t),2330.2,num,2330.2,2330.2,0.0,0.0,1,1,,,37,8,0,1,positive_only,,edfa08000_s41.xls
1966,まき,（千束）,109398.0,num,109398.0,109398.0,0.0,0.0,1,1,,,46,0,0,1,positive_only,,edfa08000_s41.xls
1966,まつたけ,(t),1713.0,num,1713.0,1713.0,0.0,0.0,1,1,,,40,5,0,1,positive_only,,edfa08000_s41.xls
1966,乾しいたけ,(t),5021.9,num,5021.6,5021.6,0.3,6e-05,1,1,,,45,1,0,1,positive_only,,edfa08000_s41.xls
1966,木炭計,(t),516833.0,num,516833.0,516833.0,0.0,0.0,1,1,,,46,0,0,1,positive_only,,edfa08000_s41.xls
1966,生しいたけ,(t),20974.8,num,20974.8,20974.8,0.0,0.0,1,1,,,46,0,0,1,positive_only,,edfa08000_s41.xls
1966,白炭,(t),,dash,0,0,,,,,,,0,46,0,1,unobserved,,edfa08000_s41.xls
1966,竹材,（千束）,9237.5,num,9237.5,9237.5,0.0,0.0,1,1,,,46,0,0,1,positive_only,,edfa08000_s41.xls
1966,黒炭,(t),,dash,0,0,,,,,,,0,46,0,1,unobserved,,edfa08000_s41.xls
1967,えのきたけ,(t),,dash,0,0,,,,,,,0,46,0,1,unobserved,,edfa08000_s42.xls
1967,くり,(t),2836.0,num,2836.0,2836.0,0.0,0.0,1,1,,,46,0,0,1,positive_only,,edfa08000_s42.xls
1967,くるみ,(t),288.0,num,288.0,288.0,0.0,0.0,1,1,,,22,24,0,1,positive_only,,edfa08000_s42.xls
1967,しいたけ原木伏込,（立方メートル）,1161896.0,num,1161896.0,1161896.0,0.0,0.0,1,1,,,46,0,0,1,positive_only,,edfa08000_s42.xls
1967,しゅろ皮,(t),708.0,num,705.0,705.0,3.0,0.00424,1,1,,,27,19,0,1,positive_only,,edfa08000_s42.xls
1967,たけのこ,(t),18300.8,num,18300.8,18300.8,0.0,0.0,1,1,,,46,0,0,1,positive_only,,edfa08000_s42.xls
1967,なめこ,(t),3351.6,num,3351.6,3351.6,0.0,0.0,1,1,,,38,8,0,1,positive_only,,edfa08000_s42.xls
1967,まき,（千束）,91000.0,num,91000.0,91000.0,0.0,0.0,1,1,,,46,0,0,1,positive_only,,edfa08000_s42.xls
1967,まつたけ,(t),587.3,num,587.3,587.3,0.0,0.0,1,1,,,39,7,0,1,positive_only,,edfa08000_s42.xls
1967,乾しいたけ,(t),5845.8,num,5845.8,5845.8,0.0,0.0,1,1,,,45,1,0,1,positive_only,,edfa08000_s42.xls
1967,木炭計,(t),450305.0,num,450305.0,450305.0,0.0,0.0,1,1,,,46,0,0,1,positive_only,,edfa08000_s42.xls
1967,生しいたけ,(t),25898.2,num,25898.2,25898.2,0.0,0.0,1,1,,,46,0,0,1,positive_only,,edfa08000_s42.xls
1967,白炭,(t),,dash,0,0,,,,,,,0,46,0,1,unobserved,,edfa08000_s42.xls
1967,竹材,（千束）,8230.4,num,8230.4,8230.4,0.0,0.0,1,1,,,46,0,0,1,positive_only,,edfa08000_s42.xls
1967,黒炭,(t),,dash,0,0,,,,,,,0,46,0,1,unobserved,,edfa08000_s42.xls
1968,えのきたけ,(t),,dash,0,0,,,,,,,0,46,0,1,unobserved,,edfa08000_s43.xls
1968,くり,(t),3076.0,num,3076.0,3076.0,0.0,0.0,1,1,,,46,0,0,1,positive_only,,edfa08000_s43.xls
1968,くるみ,(t),291.0,num,291.0,291.0,0.0,0.0,1,1,,,13,33,0,1,positive_only,,edfa08000_s43.xls
1968,しいたけ原木伏込,（立方メートル）,1279566.0,num,1279566.0,1279566.0,0.0,0.0,1,1,,,46,0,0,1,positive_only,,edfa08000_s43.xls
1968,しゅろ皮,(t),687.0,num,687.0,687.0,0.0,0.0,1,1,,,10,36,0,1,positive_only,,edfa08000_s43.xls
1968,たけのこ,(t),19138.5,num,19138.5,19138.5,0.0,0.0,1,1,,,46,0,0,1,positive_only,,edfa08000_s43.xls
1968,なめこ,(t),4812.0,num,4812.0,4812.0,0.0,0.0,1,1,,,38,8,0,1,positive_only,,edfa08000_s43.xls
1968,まき,（千束）,83432.0,num,83432.0,83432.0,0.0,0.0,1,1,,,46,0,0,1,positive_only,,edfa08000_s43.xls
1968,まつたけ,(t),1523.8,num,1523.8,1523.8,0.0,0.0,1,1,,,35,11,0,1,positive_only,,edfa08000_s43.xls
1968,乾しいたけ,(t),7269.7,num,7269.7,7269.7,0.0,0.0,1,1,,,44,2,0,1,positive_only,,edfa08000_s43.xls
1968,木炭計,(t),360912.0,num,360912.0,360912.0,0.0,0.0,1,1,,,46,0,0,1,positive_only,,edfa08000_s43.xls
1968,生しいたけ,(t),28732.6,num,28732.6,28732.6,0.0,0.0,1,1,,,46,0,0,1,positive_only,,edfa08000_s43.xls
1968,白炭,(t),,dash,0,0,,,,,,,0,46,0,1,unobserved,,edfa08000_s43.xls
1968,竹材,（千束）,7969.6,num,7969.6,7969.6,0.0,0.0,1,1,,,46,0,0,1,positive_only,,edfa08000_s43.xls
1968,黒炭,(t),,dash,0,0,,,,,,,0,46,0,1,unobserved,,edfa08000_s43.xls
1969,えのきたけ,(t),,dash,0,0,,,,,,,0,46,0,1,unobserved,,edfa08000_s44.xls
1969,くり,(t),2444.0,num,2444.0,2444.0,0.0,0.0,1,1,,,46,0,0,1,positive_only,,edfa08000_s44.xls
1969,くるみ,(t),236.0,num,236.0,236.0,0.0,0.0,1,1,,,20,26,0,1,positive_only,,edfa08000_s44.xls
1969,しいたけ原木伏込,（立方メートル）,1261000.0,num,1261000.0,1261000.0,0.0,0.0,1,1,,,46,0,0,1,positive_only,,edfa08000_s44.xls
1969,しゅろ皮,(t),423.0,num,423.0,423.0,0.0,0.0,1,1,,,21,25,0,1,positive_only,,edfa08000_s44.xls
1969,たけのこ,(t),23021.6,num,23021.7,23021.7,-0.1,-0.0,1,1,,,46,0,0,1,positive_only,,edfa08000_s44.xls
1969,なめこ,(t),6473.5,num,6473.5,6473.5,0.0,0.0,1,1,,,40,6,0,1,positive_only,,edfa08000_s44.xls
1969,まき,（千束）,57530.0,num,57530.0,57530.0,0.0,0.0,1,1,,,46,0,0,1,positive_only,,edfa08000_s44.xls
1969,まつたけ,(t),507.4,num,507.4,507.4,-0.0,-0.0,1,1,,,40,6,0,1,positive_only,,edfa08000_s44.xls
1969,乾しいたけ,(t),6679.5,num,6679.5,6679.5,0.0,0.0,1,1,,,46,0,0,1,positive_only,,edfa08000_s44.xls
1969,木炭計,(t),251027.0,num,251027.0,251027.0,0.0,0.0,1,1,,,46,0,0,1,positive_only,,edfa08000_s44.xls
1969,生しいたけ,(t),30961.5,num,30961.8,30961.8,-0.3,-1e-05,1,1,,,46,0,0,1,positive_only,,edfa08000_s44.xls
1969,白炭,(t),,dash,0,0,,,,,,,0,46,0,1,unobserved,,edfa08000_s44.xls
1969,竹材,（千束）,7621.9,num,7621.9,7621.9,0.0,0.0,1,1,,,46,0,0,1,positive_only,,edfa08000_s44.xls
1969,黒炭,(t),,dash,0,0,,,,,,,0,46,0,1,unobserved,,edfa08000_s44.xls
1970,えのきたけ,(t),,dash,0,0,,,,,,,0,46,0,1,unobserved,,edfa08000_s45.xls
1970,くり,(t),2799.0,num,2798.0,2798.0,1.0,0.00036,1,1,,,46,0,0,1,positive_only,,edfa08000_s45.xls
1970,くるみ,(t),210.0,num,210.0,210.0,0.0,0.0,1,1,,,21,25,0,1,positive_only,,edfa08000_s45.xls
1970,しいたけ原木伏込,（立方メートル）,1298269.0,num,1298269.0,1298269.0,0.0,0.0,1,1,,,46,0,0,1,positive_only,,edfa08000_s45.xls
1970,しゅろ皮,(t),350.0,num,350.0,350.0,0.0,0.0,1,1,,,21,25,0,1,positive_only,,edfa08000_s45.xls
1970,たけのこ,(t),22974.4,num,22974.4,22974.4,0.0,0.0,1,1,,,46,0,0,1,positive_only,,edfa08000_s45.xls
1970,なめこ,(t),7069.5,num,7069.5,7069.5,0.0,0.0,1,1,,,40,6,0,1,positive_only,,edfa08000_s45.xls
1970,まき,（千束）,43354.0,num,43354.0,43354.0,0.0,0.0,1,1,,,46,0,0,1,positive_only,,edfa08000_s45.xls
1970,まつたけ,(t),1973.8,num,1973.8,1973.8,0.0,0.0,1,1,,,37,9,0,1,positive_only,,edfa08000_s45.xls
1970,乾しいたけ,(t),7290.9,num,7290.9,7290.9,-0.0,-0.0,1,1,,,44,2,0,1,positive_only,,edfa08000_s45.xls
1970,木炭計,(t),178233.0,num,178233.0,178233.0,0.0,0.0,1,1,,,46,0,0,1,positive_only,,edfa08000_s45.xls
1970,生しいたけ,(t),34017.6,num,34017.6,34017.6,0.0,0.0,1,1,,,46,0,0,1,positive_only,,edfa08000_s45.xls
1970,白炭,(t),,dash,0,0,,,,,,,0,46,0,1,unobserved,,edfa08000_s45.xls
1970,竹材,（千束）,7651.5,num,7651.5,7651.5,0.0,0.0,1,1,,,46,0,0,1,positive_only,,edfa08000_s45.xls
1970,黒炭,(t),,dash,0,0,,,,,,,0,46,0,1,unobserved,,edfa08000_s45.xls
1971,えのきたけ,(t),,dash,0,0,,,,,,,0,46,0,1,unobserved,,edfa08000_s46.xls
1971,くり,(t),2828.0,num,2828.0,2828.0,0.0,0.0,1,1,,,45,1,0,1,positive_only,,edfa08000_s46.xls
1971,くるみ,(t),219.0,num,219.0,219.0,0.0,0.0,1,1,,,21,25,0,1,positive_only,,edfa08000_s46.xls
1971,しいたけ原木伏込,（立方メートル）,1517308.0,num,1517308.0,1517308.0,0.0,0.0,1,1,,,46,0,0,1,positive_only,,edfa08000_s46.xls
1971,しゅろ皮,(t),366.0,num,366.0,366.0,0.0,0.0,1,1,,,15,31,0,1,positive_only,,edfa08000_s46.xls
1971,たけのこ,(t),26512.5,num,26512.5,26512.5,0.0,0.0,1,1,,,45,1,0,1,positive_only,,edfa08000_s46.xls
1971,なめこ,(t),7945.1,num,7945.1,7945.1,0.0,0.0,1,1,,,38,8,0,1,positive_only,,edfa08000_s46.xls
1971,まき,（千束）,31691.0,num,31691.0,31691.0,0.0,0.0,1,1,,,46,0,0,1,positive_only,,edfa08000_s46.xls
1971,まつたけ,(t),610.4,num,610.4,610.4,0.0,0.0,1,1,,,35,11,0,1,positive_only,,edfa08000_s46.xls
1971,乾しいたけ,(t),8613.8,num,8613.8,8613.8,0.0,0.0,1,1,,,45,1,0,1,positive_only,,edfa08000_s46.xls
1971,木炭計,(t),165887.0,num,165887.0,165887.0,0.0,0.0,1,1,,,46,0,0,1,positive_only,,edfa08000_s46.xls
1971,生しいたけ,(t),37545.1,num,37545.1,37545.1,0.0,0.0,1,1,,,46,0,0,1,positive_only,,edfa08000_s46.xls
1971,白炭,(t),,dash,0,0,,,,,,,0,46,0,1,unobserved,,edfa08000_s46.xls
1971,竹材,（千束）,6945.9,num,6945.9,6945.9,0.0,0.0,1,1,,,46,0,0,1,positive_only,,edfa08000_s46.xls
1971,黒炭,(t),,dash,0,0,,,,,,,0,46,0,1,unobserved,,edfa08000_s46.xls
1972,えのきたけ,(t),24516.0,num,24516.0,24516.0,0.0,0.0,1,1,,,34,12,0,1,positive_only,,edfa08000_s47.xls
1972,くり,(t),2837.0,num,2837.0,2837.0,0.0,0.0,1,1,,,45,1,0,1,positive_only,,edfa08000_s47.xls
1972,くるみ,(t),243.0,num,243.0,243.0,0.0,0.0,1,1,,,23,23,0,1,positive_only,,edfa08000_s47.xls
1972,しいたけ原木伏込,（立方メートル）,1512539.0,num,1512539.0,1512539.0,0.0,0.0,1,1,,,46,0,0,1,positive_only,,edfa08000_s47.xls
1972,しゅろ皮,(t),204.0,num,204.0,204.0,0.0,0.0,1,1,,,16,30,0,1,positive_only,,edfa08000_s47.xls
1972,たけのこ,(t),27363.0,num,27363.0,27363.0,0.0,0.0,1,1,,,45,1,0,1,positive_only,,edfa08000_s47.xls
1972,なめこ,(t),9357.0,num,9357.0,9357.0,0.0,0.0,1,1,,,43,3,0,1,positive_only,,edfa08000_s47.xls
1972,まき,（千束）,24137.0,num,24137.0,24137.0,0.0,0.0,1,1,,,46,0,0,1,positive_only,,edfa08000_s47.xls
1972,まつたけ,(t),445.0,num,445.0,445.0,0.0,0.0,1,1,,,39,7,0,1,positive_only,,edfa08000_s47.xls
1972,乾しいたけ,(t),9030.0,num,9030.0,9030.0,0.0,0.0,1,1,,,46,0,0,1,positive_only,,edfa08000_s47.xls
1972,木炭計,(t),126371.0,num,126371.0,126371.0,0.0,0.0,1,1,,,46,0,0,1,positive_only,,edfa08000_s47.xls
1972,生しいたけ,(t),43582.0,num,43582.0,43582.0,0.0,0.0,1,1,,,46,0,0,1,positive_only,,edfa08000_s47.xls
1972,白炭,(t),,dash,0,0,,,,,,,0,46,0,1,unobserved,,edfa08000_s47.xls
1972,竹材,（千束）,6344.0,num,6344.0,6344.0,0.0,0.0,1,1,,,45,1,0,1,positive_only,,edfa08000_s47.xls
1972,黒炭,(t),,dash,0,0,,,,,,,0,46,0,1,unobserved,,edfa08000_s47.xls
1973,えのきたけ,(t),30357.0,num,30359.0,30359.0,-2.0,-7e-05,1,1,,,36,11,0,0,positive_only,,edfa08000_s48.xls
1973,くり,(t),470.0,num,471.0,471.0,-1.0,-0.00213,1,1,,,35,12,0,0,positive_only,manual_known_break,edfa08000_s48.xls
1973,くるみ,(t),206.0,num,207.0,207.0,-1.0,-0.00485,1,1,,,14,33,0,0,positive_only,,edfa08000_s48.xls
1973,しいたけ原木伏込,（立方メートル）,1881062.0,num,1881062.0,1881062.0,0.0,0.0,1,1,,,46,1,0,0,positive_only,,edfa08000_s48.xls
1973,しゅろ皮,(t),121.0,num,121.0,121.0,0.0,0.0,1,1,,,3,44,0,0,positive_only,,edfa08000_s48.xls
1973,たけのこ,(t),,dash,0,0,,,,,,,0,47,0,0,unobserved,,edfa08000_s48.xls
1973,なめこ,(t),11922.0,num,11924.0,11924.0,-2.0,-0.00017,1,1,,,41,6,0,0,positive_only,,edfa08000_s48.xls
1973,まき,（千束）,22666.0,num,22664.0,22664.0,2.0,9e-05,1,1,,,45,2,0,0,positive_only,,edfa08000_s48.xls
1973,まつたけ,(t),564.0,num,567.0,567.0,-3.0,-0.00532,1,1,,,29,18,0,0,positive_only,,edfa08000_s48.xls
1973,乾しいたけ,(t),8517.0,num,8520.0,8520.0,-3.0,-0.00035,1,1,,,44,3,0,0,positive_only,,edfa08000_s48.xls
1973,木炭計,(t),83065.0,num,83065.0,83065.0,0.0,0.0,1,1,,,46,1,0,0,positive_only,,edfa08000_s48.xls
1973,生しいたけ,(t),46360.0,num,46362.0,46362.0,-2.0,-4e-05,1,1,,,46,1,0,0,positive_only,,edfa08000_s48.xls
1973,白炭,(t),15404.0,num,15404.0,15404.0,0.0,0.0,1,1,,,31,16,0,0,positive_only,,edfa08000_s48.xls
1973,竹材,（千束）,7500.0,num,7502.0,7502.0,-2.0,-0.00027,1,1,,,45,2,0,0,positive_only,,edfa08000_s48.xls
1973,黒炭,(t),67661.0,num,67661.0,67661.0,0.0,0.0,1,1,,,46,1,0,0,positive_only,,edfa08000_s48.xls
1974,えのきたけ,(t),34148.0,num,34148.0,34148.0,0.0,0.0,1,1,,,41,6,0,0,positive_only,,edfa08000_s49.xls
1974,くり,(t),468.0,num,467.0,467.0,1.0,0.00214,1,1,,,36,11,0,0,positive_only,,edfa08000_s49.xls
1974,くるみ,(t),227.0,num,229.0,229.0,-2.0,-0.00881,1,1,,,14,33,0,0,positive_only,,edfa08000_s49.xls
1974,しいたけ原木伏込,（立方メートル）,1849854.0,num,1849854.0,1849854.0,0.0,0.0,1,1,,,46,1,0,0,positive_only,,edfa08000_s49.xls
1974,しゅろ皮,(t),157.0,num,157.0,157.0,0.0,0.0,1,1,,,7,40,0,0,positive_only,,edfa08000_s49.xls
1974,たけのこ,(t),,dash,0,0,,,,,,,0,47,0,0,unobserved,,edfa08000_s49.xls
1974,なめこ,(t),12800.0,num,12801.0,12801.0,-1.0,-8e-05,1,1,,,43,4,0,0,positive_only,,edfa08000_s49.xls
1974,まき,（千束）,19567.0,num,19567.0,19567.0,0.0,0.0,1,1,,,42,5,0,0,positive_only,,edfa08000_s49.xls
1974,まつたけ,(t),546.0,num,548.0,548.0,-2.0,-0.00366,1,1,,,26,21,0,0,positive_only,,edfa08000_s49.xls
1974,乾しいたけ,(t),11626.0,num,11626.0,11626.0,0.0,0.0,1,1,,,45,2,0,0,positive_only,,edfa08000_s49.xls
1974,木炭計,(t),74812.0,num,74812.0,74812.0,0.0,0.0,1,1,,,46,1,0,0,positive_only,,edfa08000_s49.xls
1974,生しいたけ,(t),50248.0,num,50249.0,50249.0,-1.0,-2e-05,1,1,,,46,1,0,0,positive_only,,edfa08000_s49.xls
1974,白炭,(t),12958.0,num,12958.0,12958.0,0.0,0.0,1,1,,,30,17,0,0,positive_only,,edfa08000_s49.xls
1974,竹材,（千束）,11698.0,num,11701.0,11701.0,-3.0,-0.00026,1,1,,,45,2,0,0,positive_only,,edfa08000_s49.xls
1974,黒炭,(t),61854.0,num,61854.0,61854.0,0.0,0.0,1,1,,,46,1,0,0,positive_only,,edfa08000_s49.xls
1975,えのきたけ,(t),37497.0,num,37498.0,37498.0,-1.0,-3e-05,1,1,,,47,0,0,0,all_listed,,edfa08000_s50.xls
1975,くり,(t),631.0,num,634.0,634.0,-3.0,-0.00475,1,1,,,47,0,0,0,all_listed,,edfa08000_s50.xls
1975,くるみ,(t),204.0,num,206.0,206.0,-2.0,-0.0098,1,1,,,47,0,0,0,all_listed,,edfa08000_s50.xls
1975,しいたけ原木伏込,（立方メートル）,1802271.0,num,1802271.0,1802271.0,0.0,0.0,1,1,,,47,0,0,0,all_listed,,edfa08000_s50.xls
1975,しゅろ皮,(t),112.0,num,112.0,112.0,0.0,0.0,1,1,,,47,0,0,0,all_listed,,edfa08000_s50.xls
1975,たけのこ,(t),,dash,0,0,,,,,,,0,47,0,0,unobserved,,edfa08000_s50.xls
1975,なめこ,(t),11416.0,num,11417.0,11417.0,-1.0,-9e-05,1,1,,,47,0,0,0,all_listed,,edfa08000_s50.xls
1975,まき,（千束）,15259.0,num,15262.0,15262.0,-3.0,-0.0002,1,1,,,47,0,0,0,all_listed,,edfa08000_s50.xls
1975,まつたけ,(t),774.0,num,776.0,776.0,-2.0,-0.00258,1,1,,,47,0,0,0,all_listed,,edfa08000_s50.xls
1975,乾しいたけ,(t),10706.0,num,10708.0,10708.0,-2.0,-0.00019,1,1,,,47,0,0,0,all_listed,,edfa08000_s50.xls
1975,木炭計,(t),70412.0,num,70412.0,70412.0,0.0,0.0,1,1,,,47,0,0,0,all_listed,,edfa08000_s50.xls
1975,生しいたけ,(t),54043.0,num,54046.0,54046.0,-3.0,-6e-05,1,1,,,47,0,0,0,all_listed,,edfa08000_s50.xls
1975,白炭,(t),12921.0,num,12921.0,12921.0,0.0,0.0,1,1,,,47,0,0,0,all_listed,,edfa08000_s50.xls
1975,竹材,（千束）,10494.0,num,10500.0,10500.0,-6.0,-0.00057,1,1,,,47,0,0,0,all_listed,,edfa08000_s50.xls
1975,黒炭,(t),57491.0,num,57491.0,57491.0,0.0,0.0,1,1,,,47,0,0,0,all_listed,,edfa08000_s50.xls
1976,えのきたけ,(t),38973.0,num,38973.0,38973.0,0.0,0.0,1,1,,,47,0,0,0,all_listed,,edfa08000_s51.xls
1976,くり,(t),812.0,num,812.0,812.0,0.0,0.0,1,1,,,47,0,0,0,all_listed,,edfa08000_s51.xls
1976,くるみ,(t),374.0,num,374.0,374.0,0.0,0.0,1,1,,,47,0,0,0,all_listed,,edfa08000_s51.xls
1976,しいたけ原木伏込,（立方メートル）,1840311.0,num,1830311.0,1830311.0,10000.0,0.00543,1,1,,,47,0,0,0,all_listed,,edfa08000_s51.xls
1976,しゅろ皮,(t),103.0,num,103.0,103.0,0.0,0.0,1,1,,,47,0,0,0,all_listed,,edfa08000_s51.xls
1976,たけのこ,(t),,dash,0,0,,,,,,,0,47,0,0,unobserved,,edfa08000_s51.xls
1976,なめこ,(t),11259.0,num,11259.0,11259.0,0.0,0.0,1,1,,,47,0,0,0,all_listed,,edfa08000_s51.xls
1976,まき,（層積立方メートル）,307.0,num,307.0,307.0,0.0,0.0,1,1,,,47,0,0,0,all_listed,unit_label_change,edfa08000_s51.xls
1976,まつたけ,(t),604.0,num,604.0,604.0,0.0,0.0,1,1,,,47,0,0,0,all_listed,,edfa08000_s51.xls
1976,乾しいたけ,(t),11189.0,num,12189.0,12189.0,-1000.0,-0.08937,0,0,,unresolved,46,1,0,0,positive_only,,edfa08000_s51.xls
1976,木炭計,(t),54591.0,num,54591.0,54591.0,0.0,0.0,1,1,,,47,0,0,0,all_listed,,edfa08000_s51.xls
1976,生しいたけ,(t),62510.0,num,62510.0,62510.0,0.0,0.0,1,1,,,47,0,0,0,all_listed,,edfa08000_s51.xls
1976,白炭,(t),9471.0,num,9471.0,9471.0,0.0,0.0,1,1,,,47,0,0,0,all_listed,,edfa08000_s51.xls
1976,竹材,（千束）,10111.0,num,10112.0,10112.0,-1.0,-0.0001,1,1,,,47,0,0,0,all_listed,,edfa08000_s51.xls
1976,黒炭,(t),45120.0,num,45120.0,45120.0,0.0,0.0,1,1,,,47,0,0,0,all_listed,,edfa08000_s51.xls
1977,えのきたけ,(t),41843.0,num,41844.0,41844.0,-1.0,-2e-05,1,1,,,47,0,0,0,all_listed,,edfa08000_s52.xls
1977,くり,(t),512.0,num,515.0,515.0,-3.0,-0.00586,1,1,,,47,0,0,0,all_listed,,edfa08000_s52.xls
1977,くるみ,(t),356.0,num,355.0,355.0,1.0,0.00281,1,1,,,47,0,0,0,all_listed,,edfa08000_s52.xls
1977,しいたけ原木伏込,（立方メートル）,1956946.0,num,1956946.0,1956946.0,0.0,0.0,1,1,,,47,0,0,0,all_listed,,edfa08000_s52.xls
1977,しゅろ皮,(t),6.0,num,7.0,7.0,-1.0,-0.16667,1,1,,,47,0,0,0,all_listed,,edfa08000_s52.xls
1977,たけのこ,(t),,dash,0,0,,,,,,,0,47,0,0,unobserved,,edfa08000_s52.xls
1977,なめこ,(t),11861.0,num,11864.0,11864.0,-3.0,-0.00025,1,1,,,47,0,0,0,all_listed,,edfa08000_s52.xls
1977,まき,（層積立方メートル）,308.0,num,302.0,302.0,6.0,0.01948,1,1,,,47,0,0,0,all_listed,,edfa08000_s52.xls
1977,まつたけ,(t),428.0,num,429.0,429.0,-1.0,-0.00234,1,1,,,47,0,0,0,all_listed,,edfa08000_s52.xls
1977,乾しいたけ,(t),11487.0,num,11490.0,11490.0,-3.0,-0.00026,1,1,,,47,0,0,0,all_listed,,edfa08000_s52.xls
1977,木炭計,(t),43305.0,num,43305.0,43305.0,0.0,0.0,1,1,,,47,0,0,0,all_listed,,edfa08000_s52.xls
1977,生しいたけ,(t),67388.0,num,67388.0,67388.0,0.0,0.0,1,1,,,47,0,0,0,all_listed,,edfa08000_s52.xls
1977,白炭,(t),8409.0,num,8409.0,8409.0,0.0,0.0,1,1,,,47,0,0,0,all_listed,,edfa08000_s52.xls
1977,竹材,（千束）,8843.0,num,8846.0,8846.0,-3.0,-0.00034,1,1,,,47,0,0,0,all_listed,,edfa08000_s52.xls
1977,黒炭,(t),34896.0,num,34896.0,34896.0,0.0,0.0,1,1,,,47,0,0,0,all_listed,,edfa08000_s52.xls
1978,えのきたけ,(t),48811.0,num,48812.0,48812.0,-1.0,-2e-05,1,1,,,47,0,0,0,all_listed,,edfa08000_s53.xls
1978,くり,(t),523.0,num,525.0,525.0,-2.0,-0.00382,1,1,,,47,0,0,0,all_listed,,edfa08000_s53.xls
1978,くるみ,(t),162.0,num,165.0,165.0,-3.0,-0.01852,1,1,,,47,0,0,0,all_listed,,edfa08000_s53.xls
1978,しいたけ原木伏込,（立方メートル）,2035226.0,num,2035225.0,2035225.0,1.0,0.0,1,1,,,47,0,0,0,all_listed,,edfa08000_s53.xls
1978,しゅろ皮,(t),6.0,num,6.0,6.0,0.0,0.0,1,1,,,47,0,0,0,all_listed,,edfa08000_s53.xls
1978,たけのこ,(t),,dash,0,0,,,,,,,0,47,0,0,unobserved,,edfa08000_s53.xls
1978,なめこ,(t),13776.0,num,13777.0,13777.0,-1.0,-7e-05,1,1,,,47,0,0,0,all_listed,,edfa08000_s53.xls
1978,まき,（層積立方メートル）,192.0,num,189.0,189.0,3.0,0.01562,1,1,,,47,0,0,0,all_listed,,edfa08000_s53.xls
1978,まつたけ,(t),620.0,num,623.0,623.0,-3.0,-0.00484,1,1,,,47,0,0,0,all_listed,,edfa08000_s53.xls
1978,乾しいたけ,(t),12669.0,num,12669.0,12669.0,0.0,0.0,1,1,,,47,0,0,0,all_listed,,edfa08000_s53.xls
1978,木炭計,(t),35957.0,num,35957.0,35957.0,0.0,0.0,1,1,,,47,0,0,0,all_listed,,edfa08000_s53.xls
1978,生しいたけ,(t),71910.0,num,71912.0,71912.0,-2.0,-3e-05,1,1,,,47,0,0,0,all_listed,,edfa08000_s53.xls
1978,白炭,(t),7102.0,num,7102.0,7102.0,0.0,0.0,1,1,,,47,0,0,0,all_listed,,edfa08000_s53.xls
1978,竹材,（千束）,9149.0,num,9151.0,9151.0,-2.0,-0.00022,1,1,,,47,0,0,0,all_listed,,edfa08000_s53.xls
1978,黒炭,(t),28855.0,num,28855.0,28855.0,0.0,0.0,1,1,,,47,0,0,0,all_listed,,edfa08000_s53.xls
1979,えのきたけ,(t),51856.0,num,51859.0,51859.0,-3.0,-6e-05,1,1,,,39,8,0,0,positive_only,,edfa08000_s54.xls
1979,くり,(t),866.0,num,866.0,866.0,0.0,0.0,1,1,,,47,0,0,0,all_listed,,edfa08000_s54.xls
1979,くるみ,(t),178.0,num,178.0,178.0,0.0,0.0,1,1,,,47,0,0,0,all_listed,,edfa08000_s54.xls
1979,しいたけ原木伏込,（立方メートル）,2115926.0,num,2115926.0,2115926.0,0.0,0.0,1,1,,,47,0,0,0,all_listed,,edfa08000_s54.xls
1979,しゅろ皮,(t),13.0,num,13.0,13.0,0.0,0.0,1,1,,,47,0,0,0,all_listed,,edfa08000_s54.xls
1979,たけのこ,(t),,dash,0,0,,,,,,,0,47,0,0,unobserved,,edfa08000_s54.xls
1979,なめこ,(t),16514.0,num,16514.0,16514.0,0.0,0.0,1,1,,,47,0,0,0,all_listed,,edfa08000_s54.xls
1979,まき,（層積立方メートル）,168.0,num,168.0,168.0,0.0,0.0,1,1,,,47,0,0,0,all_listed,,edfa08000_s54.xls
1979,まつたけ,(t),660.0,num,660.0,660.0,0.0,0.0,1,1,,,47,0,0,0,all_listed,,edfa08000_s54.xls
1979,乾しいたけ,(t),15975.0,num,15975.0,15975.0,0.0,0.0,1,1,,,47,0,0,0,all_listed,,edfa08000_s54.xls
1979,木炭計,(t),36828.0,num,36828.0,36828.0,0.0,0.0,1,1,,,47,0,0,0,all_listed,,edfa08000_s54.xls
1979,生しいたけ,(t),118894.0,num,118904.0,118904.0,-10.0,-8e-05,1,1,,,47,0,0,0,all_listed,,edfa08000_s54.xls
1979,白炭,(t),7006.0,num,7006.0,7006.0,0.0,0.0,1,1,,,47,0,0,0,all_listed,,edfa08000_s54.xls
1979,竹材,（千束）,8624.0,num,8624.0,8624.0,0.0,0.0,1,1,,,47,0,0,0,all_listed,,edfa08000_s54.xls
1979,黒炭,(t),29822.0,num,29822.0,29822.0,0.0,0.0,1,1,,,47,0,0,0,all_listed,,edfa08000_s54.xls
1980,えのきたけ,(t),52565.0,num,52666.0,52666.0,-101.0,-0.00192,1,1,,,38,9,0,0,positive_only,,edfa08000_s55.xls
1980,くり,(t),484.0,num,484.0,484.0,0.0,0.0,1,1,,,47,0,0,0,all_listed,,edfa08000_s55.xls
1980,くるみ,(t),130.0,num,130.0,130.0,0.0,0.0,1,1,,,47,0,0,0,all_listed,,edfa08000_s55.xls
1980,しいたけ原木伏込,（立方メートル）,2047405.0,num,2047406.0,2047406.0,-1.0,-0.0,1,1,,,47,0,0,0,all_listed,,edfa08000_s55.xls
1980,しゅろ皮,(t),11.0,num,11.0,11.0,0.0,0.0,1,1,,,47,0,0,0,all_listed,,edfa08000_s55.xls
1980,たけのこ,(t),,dash,0,0,,,,,,,0,47,0,0,unobserved,,edfa08000_s55.xls
1980,なめこ,(t),16776.0,num,16779.0,16779.0,-3.0,-0.00018,1,1,,,42,5,0,0,positive_only,,edfa08000_s55.xls
1980,まき,（層積立方メートル）,151.0,num,150.0,150.0,1.0,0.00662,1,1,,,41,6,0,0,positive_only,,edfa08000_s55.xls
1980,まつたけ,(t),457.0,num,458.0,458.0,-1.0,-0.00219,1,1,,,26,21,0,0,positive_only,,edfa08000_s55.xls
1980,乾しいたけ,(t),13579.0,num,13582.0,13582.0,-3.0,-0.00022,1,1,,,46,1,0,0,positive_only,,edfa08000_s55.xls
1980,木炭計,(t),35298.0,num,35298.0,35298.0,0.0,0.0,1,1,,,47,0,0,0,all_listed,,edfa08000_s55.xls
1980,生しいたけ,(t),79855.0,num,79857.0,79857.0,-2.0,-3e-05,1,1,,,47,0,0,0,all_listed,,edfa08000_s55.xls
1980,白炭,(t),7178.0,num,7178.0,7178.0,0.0,0.0,1,1,,,47,0,0,0,all_listed,,edfa08000_s55.xls
1980,竹材,（千束）,8965.0,num,8964.0,8964.0,1.0,0.00011,1,1,,,44,3,0,0,positive_only,,edfa08000_s55.xls
1980,黒炭,(t),28120.0,num,28117.0,28117.0,3.0,0.00011,1,1,,,47,0,0,0,all_listed,,edfa08000_s55.xls
1981,えのきたけ,(t),53282.0,num,53286.0,53286.0,-4.0,-8e-05,1,1,,,37,10,0,0,positive_only,,edfa08000_s56.xls
1981,くり,(t),315.0,num,316.0,316.0,-1.0,-0.00317,1,1,,,23,24,0,0,positive_only,,edfa08000_s56.xls
1981,くるみ,(t),110.0,num,111.0,111.0,-1.0,-0.00909,1,1,,,11,36,0,0,positive_only,,edfa08000_s56.xls
1981,しいたけ原木伏込,（立方メートル）,1965544.0,num,1965544.0,1965544.0,0.0,0.0,1,1,,,47,0,0,0,all_listed,,edfa08000_s56.xls
1981,しゅろ皮,(t),19.0,num,19.0,19.0,0.0,0.0,1,1,,,47,0,0,0,all_listed,,edfa08000_s56.xls
1981,たけのこ,(t),,dash,0,0,,,,,,,0,47,0,0,unobserved,,edfa08000_s56.xls
1981,なめこ,(t),16348.0,num,16350.0,16350.0,-2.0,-0.00012,1,1,,,43,4,0,0,positive_only,,edfa08000_s56.xls
1981,まき,（層積立方メートル）,167.0,num,168.0,168.0,-1.0,-0.00599,1,1,,,43,4,0,0,positive_only,,edfa08000_s56.xls
1981,まつたけ,(t),208.0,num,210.0,210.0,-2.0,-0.00962,1,1,,,27,20,0,0,positive_only,,edfa08000_s56.xls
1981,乾しいたけ,(t),14735.0,num,14736.0,14736.0,-1.0,-7e-05,1,1,,,46,1,0,0,positive_only,,edfa08000_s56.xls
1981,木炭計,(t),37505.0,num,37505.0,37505.0,0.0,0.0,1,1,,,47,0,0,0,all_listed,,edfa08000_s56.xls
1981,生しいたけ,(t),78365.0,num,78365.0,78365.0,0.0,0.0,1,1,,,47,0,0,0,all_listed,,edfa08000_s56.xls
1981,白炭,(t),7436.0,num,7436.0,7436.0,0.0,0.0,1,1,,,47,0,0,0,all_listed,,edfa08000_s56.xls
1981,竹材,（千束）,8428.0,num,8434.0,8434.0,-6.0,-0.00071,1,1,,,44,3,0,0,positive_only,,edfa08000_s56.xls
1981,黒炭,(t),30069.0,num,30069.0,30069.0,0.0,0.0,1,1,,,47,0,0,0,all_listed,,edfa08000_s56.xls
1982,えのきたけ,(t),50985.0,num,50988.0,50988.0,-3.0,-6e-05,1,1,,,37,10,0,0,positive_only,,edfa08000_s57.xls
1982,くり,(t),264.0,num,263.0,263.0,1.0,0.00379,1,1,,,25,22,0,0,positive_only,,edfa08000_s57.xls
1982,くるみ,(t),82.0,num,84.0,84.0,-2.0,-0.02439,1,1,,,13,34,0,0,positive_only,,edfa08000_s57.xls
1982,しいたけ原木伏込,（立方メートル）,1852244.0,num,1852244.0,1852244.0,0.0,0.0,1,1,,,47,0,0,0,all_listed,,edfa08000_s57.xls
1982,しゅろ皮,(t),12.0,num,12.0,12.0,0.0,0.0,1,1,,,1,46,0,0,positive_only,,edfa08000_s57.xls
1982,たけのこ,(t),,dash,0,0,,,,,,,0,47,0,0,unobserved,,edfa08000_s57.xls
1982,なめこ,(t),16499.0,num,16501.0,16501.0,-2.0,-0.00012,1,1,,,43,4,0,0,positive_only,,edfa08000_s57.xls
1982,まき,（層積立方メートル）,167.0,num,168.0,168.0,-1.0,-0.00599,1,1,,,42,5,0,0,positive_only,,edfa08000_s57.xls
1982,まつたけ,(t),484.0,num,486.0,486.0,-2.0,-0.00413,1,1,,,27,20,0,0,positive_only,,edfa08000_s57.xls
1982,乾しいたけ,(t),12560.0,num,12561.0,12561.0,-1.0,-8e-05,1,1,,,46,1,0,0,positive_only,,edfa08000_s57.xls
1982,木炭計,(t),35196.0,num,35196.0,35196.0,0.0,0.0,1,1,,,47,0,0,0,all_listed,,edfa08000_s57.xls
1982,生しいたけ,(t),75777.0,num,75779.0,75779.0,-2.0,-3e-05,1,1,,,47,0,0,0,all_listed,,edfa08000_s57.xls
1982,白炭,(t),7068.0,num,7068.0,7068.0,0.0,0.0,1,1,,,29,18,0,0,positive_only,,edfa08000_s57.xls
1982,竹材,（千束）,8135.0,num,8139.0,8139.0,-4.0,-0.00049,1,1,,,43,4,0,0,positive_only,,edfa08000_s57.xls
1982,黒炭,(t),28128.0,num,28128.0,28128.0,0.0,0.0,1,1,,,47,0,0,0,all_listed,,edfa08000_s57.xls
1983,えのきたけ,(t),55769.0,num,9430.8,55167.0,46338.2,0.8309,0,1,decimal,,38,9,0,0,positive_only,,edfa08000_s58.xls
1983,くり,(t),304.0,num,181.8,297.0,122.2,0.40197,0,1,decimal,,25,22,0,0,positive_only,,edfa08000_s58.xls
1983,くるみ,(t),66.0,num,45.1,64.0,20.9,0.31667,0,1,decimal,,12,35,0,0,positive_only,,edfa08000_s58.xls
1983,しいたけ原木伏込,（立方メートル）,1936318.0,num,1936318.0,1936318.0,0.0,0.0,1,1,,,47,0,0,0,all_listed,,edfa08000_s58.xls
1983,しゅろ皮,(t),6.0,num,0.6,6.0,5.4,0.9,0,1,decimal,,1,46,0,0,positive_only,,edfa08000_s58.xls
1983,たけのこ,(t),,dash,0,0,,,,,,,0,47,0,0,unobserved,,edfa08000_s58.xls
1983,なめこ,(t),18141.0,num,13310.9,18143.0,4830.1,0.26625,0,1,neighbor,,44,3,0,0,positive_only,,edfa08000_s58.xls
1983,まき,（層積立方メートル）,166.0,num,165.0,165.0,1.0,0.00602,1,1,,,43,4,0,0,positive_only,,edfa08000_s58.xls
1983,まつたけ,(t),742.0,num,104.9,743.0,637.1,0.85863,0,1,decimal,,30,17,0,0,positive_only,,edfa08000_s58.xls
1983,乾しいたけ,(t),12025.0,num,2933.4,12027.0,9091.6,0.75606,0,1,neighbor,,46,1,0,0,positive_only,,edfa08000_s58.xls
1983,木炭計,(t),32994.0,num,32994.0,32994.0,0.0,0.0,1,1,,,47,0,0,0,all_listed,,edfa08000_s58.xls
1983,生しいたけ,(t),74680.0,num,40308.4,74683.0,34371.6,0.46025,0,1,neighbor,,47,0,0,0,all_listed,,edfa08000_s58.xls
1983,白炭,(t),6934.0,num,6934.0,6934.0,0.0,0.0,1,1,,,31,16,0,0,positive_only,,edfa08000_s58.xls
1983,竹材,（千束）,7740.0,num,1731.8,7742.0,6008.2,0.77625,0,1,neighbor,,43,4,0,0,positive_only,,edfa08000_s58.xls
1983,黒炭,(t),26060.0,num,26060.0,26060.0,0.0,0.0,1,1,,,47,0,0,0,all_listed,,edfa08000_s58.xls
1984,えのきたけ,(t),63283.0,num,63285.0,63285.0,-2.0,-3e-05,1,1,,,38,9,0,0,positive_only,,edfa08000_s59.xls
1984,くり,(t),408.0,num,409.0,409.0,-1.0,-0.00245,1,1,,,23,24,0,0,positive_only,,edfa08000_s59.xls
1984,くるみ,(t),85.0,num,86.0,86.0,-1.0,-0.01176,1,1,,,11,36,0,0,positive_only,,edfa08000_s59.xls
1984,しいたけ原木伏込,（立方メートル）,1987589.0,num,1987589.0,1987589.0,0.0,0.0,1,1,,,47,0,0,0,all_listed,,edfa08000_s59.xls
1984,しゅろ皮,(t),6.0,num,6.0,6.0,0.0,0.0,1,1,,,2,45,0,0,positive_only,,edfa08000_s59.xls
1984,たけのこ,(t),,dash,0,0,,,,,,,0,47,0,0,unobserved,,edfa08000_s59.xls
1984,なめこ,(t),19577.0,num,19581.0,19581.0,-4.0,-0.0002,1,1,,,42,5,0,0,positive_only,,edfa08000_s59.xls
1984,まき,（層積立方メートル）,149.0,num,148.0,148.0,1.0,0.00671,1,1,,,42,5,0,0,positive_only,,edfa08000_s59.xls
1984,まつたけ,(t),181.0,num,181.0,181.0,0.0,0.0,1,1,,,28,19,0,0,positive_only,,edfa08000_s59.xls
1984,乾しいたけ,(t),16685.0,num,16686.0,16686.0,-1.0,-6e-05,1,1,,,46,1,0,0,positive_only,,edfa08000_s59.xls
1984,木炭計,(t),31756.0,num,31756.0,31756.0,0.0,0.0,1,1,,,47,0,0,0,all_listed,,edfa08000_s59.xls
1984,生しいたけ,(t),73921.0,num,73922.0,73922.0,-1.0,-1e-05,1,1,,,47,0,0,0,all_listed,,edfa08000_s59.xls
1984,白炭,(t),6947.0,num,6947.0,6947.0,0.0,0.0,1,1,,,30,17,0,0,positive_only,,edfa08000_s59.xls
1984,竹材,（千束）,7966.0,num,7968.0,7968.0,-2.0,-0.00025,1,1,,,44,3,0,0,positive_only,,edfa08000_s59.xls
1984,黒炭,(t),24809.0,num,24809.0,24809.0,0.0,0.0,1,1,,,47,0,0,0,all_listed,,edfa08000_s59.xls
1985,えのきたけ,(t),69533.2,num,69533.2,69533.2,0.0,0.0,1,1,,,39,8,0,0,positive_only,,edfa08000_s60.xls
1985,くり,(t),540.2,num,540.2,540.2,0.0,0.0,1,1,,,25,22,0,0,positive_only,,edfa08000_s60.xls
1985,くるみ,(t),150.0,num,150.0,150.0,0.0,0.0,1,1,,,12,35,0,0,positive_only,,edfa08000_s60.xls
1985,しいたけ原木伏込,（立方メートル）,1974449.0,num,1974449.0,1974449.0,0.0,0.0,1,1,,,47,0,0,0,all_listed,,edfa08000_s60.xls
1985,しゅろ皮,(t),5.6,num,5.6,5.6,0.0,0.0,1,1,,,1,46,0,0,positive_only,,edfa08000_s60.xls
1985,たけのこ,(t),,dash,0,0,,,,,,,0,47,0,0,unobserved,,edfa08000_s60.xls
1985,なめこ,(t),19793.4,num,19793.4,19793.4,0.0,0.0,1,1,,,43,4,0,0,positive_only,,edfa08000_s60.xls
1985,まき,（層積立方メートル）,137734.0,num,137734.0,137734.0,0.0,0.0,1,1,,,41,6,0,0,positive_only,unmarked_scale_break,edfa08000_s60.xls
1985,まつたけ,(t),819.9,num,819.9,819.9,0.0,0.0,1,1,,,28,19,0,0,positive_only,,edfa08000_s60.xls
1985,乾しいたけ,(t),12065.1,num,12065.1,12065.1,0.0,0.0,1,1,,,46,1,0,0,positive_only,,edfa08000_s60.xls
1985,木炭計,(t),32255.0,num,32255.0,32255.0,0.0,0.0,1,1,,,47,0,0,0,all_listed,,edfa08000_s60.xls
1985,生しいたけ,(t),74706.0,num,74706.0,74706.0,0.0,0.0,1,1,,,47,0,0,0,all_listed,,edfa08000_s60.xls
1985,白炭,(t),7003.0,num,7003.0,7003.0,0.0,0.0,1,1,,,30,17,0,0,positive_only,,edfa08000_s60.xls
1985,竹材,（千束）,7478.9,num,7478.7,7478.7,0.2,3e-05,1,1,,,44,3,0,0,positive_only,,edfa08000_s60.xls
1985,黒炭,(t),25252.0,num,25252.0,25252.0,0.0,0.0,1,1,,,47,0,0,0,all_listed,,edfa08000_s60.xls
1986,えのきたけ,(t),74378.0,num,74378.0,74378.0,0.0,0.0,1,1,,,47,0,0,0,all_listed,,edfa08000_s61.xls
1986,くり,(t),582.0,num,582.0,582.0,0.0,0.0,1,1,,,47,0,0,0,all_listed,,edfa08000_s61.xls
1986,くるみ,(t),108.1,num,108.1,108.1,0.0,0.0,1,1,,,13,34,0,0,positive_only,,edfa08000_s61.xls
1986,しいたけ原木伏込,（立方メートル）,1896336.0,num,1896336.0,1896336.0,0.0,0.0,1,1,,,47,0,0,0,all_listed,,edfa08000_s61.xls
1986,しゅろ皮,(t),5.8,num,5.8,5.8,0.0,0.0,1,1,,,4,43,0,0,positive_only,,edfa08000_s61.xls
1986,たけのこ,(t),146772.6,num,146772.6,146772.6,0.0,0.0,1,1,,,43,4,0,0,positive_only,,edfa08000_s61.xls
1986,なめこ,(t),20079.4,num,20079.4,20079.4,0.0,0.0,1,1,,,47,0,0,0,all_listed,,edfa08000_s61.xls
1986,まき,（層積立方メートル）,168554.0,num,168254.0,168254.0,300.0,0.00178,1,1,,,47,0,0,0,all_listed,,edfa08000_s61.xls
1986,まつたけ,(t),199.4,num,199.4,199.4,0.0,0.0,1,1,,,29,18,0,0,positive_only,,edfa08000_s61.xls
1986,乾しいたけ,(t),14098.1,num,14098.1,14098.1,0.0,0.0,1,1,,,47,0,0,0,all_listed,,edfa08000_s61.xls
1986,木炭計,(t),35256.0,num,35256.0,35256.0,0.0,0.0,1,1,,,47,0,0,0,all_listed,,edfa08000_s61.xls
1986,生しいたけ,(t),77951.8,num,77951.8,77951.8,0.0,0.0,1,1,,,47,0,0,0,all_listed,,edfa08000_s61.xls
1986,白炭,(t),7154.0,num,7154.0,7154.0,0.0,0.0,1,1,,,47,0,0,0,all_listed,,edfa08000_s61.xls
1986,竹材,（千束）,7135.8,num,7135.8,7135.8,0.0,0.0,1,1,,,47,0,0,0,all_listed,,edfa08000_s61.xls
1986,黒炭,(t),28102.0,num,28102.0,28102.0,0.0,0.0,1,1,,,47,0,0,0,all_listed,,edfa08000_s61.xls
1987,えのきたけ,(t),78129.4,num,78129.4,78129.4,0.0,0.0,1,1,,,47,0,0,0,all_listed,,edfa08000_s62.xls
1987,くり,(t),647.2,num,647.22,647.22,-0.02,-3e-05,1,1,,,47,0,0,0,all_listed,,edfa08000_s62.xls
1987,くるみ,(t),100.0,num,100.0,100.0,0.0,0.0,1,1,,,12,35,0,0,positive_only,,edfa08000_s62.xls
1987,しいたけ原木伏込,（立方メートル）,1823335.0,num,1823335.0,1823335.0,0.0,0.0,1,1,,,47,0,0,0,all_listed,,edfa08000_s62.xls
1987,しゅろ皮,(t),5.9,num,5.9,5.9,0.0,0.0,1,1,,,2,45,0,0,positive_only,,edfa08000_s62.xls
1987,たけのこ,(t),137216.0,num,137216.0,137216.0,0.0,0.0,1,1,,,44,3,0,0,positive_only,,edfa08000_s62.xls
1987,なめこ,(t),21053.6,num,21053.5,21053.5,0.1,0.0,1,1,,,47,0,0,0,all_listed,,edfa08000_s62.xls
1987,まき,（層積立方メートル）,161104.0,num,161104.0,161104.0,0.0,0.0,1,1,,,47,0,0,0,all_listed,,edfa08000_s62.xls
1987,まつたけ,(t),463.7,num,463.7,463.7,0.0,0.0,1,1,,,27,20,0,0,positive_only,,edfa08000_s62.xls
1987,乾しいたけ,(t),11803.0,num,11803.0,11803.0,0.0,0.0,1,1,,,47,0,0,0,all_listed,,edfa08000_s62.xls
1987,木炭計,(t),35386.0,num,35386.0,35386.0,0.0,0.0,1,1,,,47,0,0,0,all_listed,,edfa08000_s62.xls
1987,生しいたけ,(t),80940.2,num,80940.2,80940.2,0.0,0.0,1,1,,,47,0,0,0,all_listed,,edfa08000_s62.xls
1987,白炭,(t),7317.0,num,7317.0,7317.0,0.0,0.0,1,1,,,47,0,0,0,all_listed,,edfa08000_s62.xls
1987,竹材,（千束）,7111.2,num,7111.2,7111.2,0.0,0.0,1,1,,,47,0,0,0,all_listed,,edfa08000_s62.xls
1987,黒炭,(t),28069.0,num,28069.0,28069.0,0.0,0.0,1,1,,,47,0,0,0,all_listed,,edfa08000_s62.xls
1988,えのきたけ,(t),78069.9,num,78069.9,78069.9,0.0,0.0,1,1,,,39,8,0,0,positive_only,,edfa08000_s63.xls
1988,くり,(t),36849.7,num,28849.7,28849.7,8000.0,0.2171,0,0,,unresolved,46,1,0,0,positive_only,unmarked_scale_break,edfa08000_s63.xls
1988,くるみ,(t),752.0,num,752.0,752.0,0.0,0.0,1,1,,,14,33,0,0,positive_only,manual_known_break,edfa08000_s63.xls
1988,しいたけ原木伏込,（立方メートル）,1734526.0,num,1734526.0,1734526.0,0.0,0.0,1,1,,,47,0,0,0,all_listed,,edfa08000_s63.xls
1988,しゅろ皮,(t),4.8,num,4.8,4.8,0.0,0.0,1,1,,,2,45,0,0,positive_only,,edfa08000_s63.xls
1988,たけのこ,(t),150349.1,num,150349.1,150349.1,0.0,0.0,1,1,,,45,2,0,0,positive_only,,edfa08000_s63.xls
1988,なめこ,(t),21048.7,num,21048.7,21048.7,0.0,0.0,1,1,,,43,4,0,0,positive_only,,edfa08000_s63.xls
1988,まき,（層積立方メートル）,149727.0,num,149727.0,149727.0,0.0,0.0,1,1,,,42,5,0,0,positive_only,,edfa08000_s63.xls
1988,まつたけ,(t),405.5,num,405.5,405.5,0.0,0.0,1,1,,,27,20,0,0,positive_only,,edfa08000_s63.xls
1988,乾しいたけ,(t),11888.3,num,11888.3,11888.3,0.0,0.0,1,1,,,46,1,0,0,positive_only,,edfa08000_s63.xls
1988,木炭計,(t),35236.0,num,35236.0,35236.0,0.0,0.0,1,1,,,47,0,0,0,all_listed,,edfa08000_s63.xls
1988,生しいたけ,(t),82678.4,num,83678.4,83678.4,-1000.0,-0.0121,1,1,,,47,0,0,0,all_listed,,edfa08000_s63.xls
1988,白炭,(t),7270.0,num,7270.0,7270.0,0.0,0.0,1,1,,,31,16,0,0,positive_only,,edfa08000_s63.xls
1988,竹材,（千束）,7024.3,num,7024.3,7024.3,0.0,0.0,1,1,,,44,3,0,0,positive_only,,edfa08000_s63.xls
1988,黒炭,(t),27966.0,num,27966.0,27966.0,0.0,0.0,1,1,,,47,0,0,0,all_listed,,edfa08000_s63.xls
1989,えのきたけ,(t),83200.4,num,83200.4,83200.4,0.0,0.0,1,1,,,40,7,0,0,positive_only,,edfa08000_h1.xls
1989,くり,(t),32345.4,num,32345.4,32345.4,0.0,0.0,1,1,,,46,1,0,0,positive_only,,edfa08000_h1.xls
1989,くるみ,(t),450.4,num,450.4,450.4,0.0,0.0,1,1,,,15,32,0,0,positive_only,,edfa08000_h1.xls
1989,しいたけ原木伏込,（立方メートル）,1615993.0,num,1615993.0,1615993.0,0.0,0.0,1,1,,,47,0,0,0,all_listed,,edfa08000_h1.xls
1989,しゅろ皮,(t),3.8,num,3.8,3.8,0.0,0.0,1,1,,,1,46,0,0,positive_only,,edfa08000_h1.xls
1989,たけのこ,(t),138275.6,num,138275.6,138275.6,0.0,0.0,1,1,,,45,2,0,0,positive_only,,edfa08000_h1.xls
1989,なめこ,(t),21125.0,num,21125.0,21125.0,0.0,0.0,1,1,,,43,4,0,0,positive_only,,edfa08000_h1.xls
1989,まき,（層積立方メートル）,165504.0,num,165504.0,165504.0,0.0,0.0,1,1,,,42,5,0,0,positive_only,,edfa08000_h1.xls
1989,まつたけ,(t),456.9,num,456.9,456.9,-0.0,-0.0,1,1,,,29,18,0,0,positive_only,,edfa08000_h1.xls
1989,乾しいたけ,(t),11065.7,num,11065.7,11065.7,0.0,0.0,1,1,,,46,1,0,0,positive_only,,edfa08000_h1.xls
1989,木炭計,(t),36284.0,num,36284.0,36284.0,0.0,0.0,1,1,,,47,0,0,0,all_listed,,edfa08000_h1.xls
1989,生しいたけ,(t),82394.9,num,82394.9,82394.9,0.0,0.0,1,1,,,47,0,0,0,all_listed,,edfa08000_h1.xls
1989,白炭,(t),7780.0,num,7780.0,7780.0,0.0,0.0,1,1,,,32,15,0,0,positive_only,,edfa08000_h1.xls
1989,竹材,（千束）,6861.6,num,6861.6,6861.6,0.0,0.0,1,1,,,44,3,0,0,positive_only,,edfa08000_h1.xls
1989,黒炭,(t),28504.0,num,28504.0,28504.0,0.0,0.0,1,1,,,47,0,0,0,all_listed,,edfa08000_h1.xls
1990,えのきたけ,(t),92334.9,num,92334.9,92334.9,0.0,0.0,1,1,,,40,7,0,0,positive_only,,edfa08000_h2.xls
1990,くり,(t),30080.6,num,30080.6,30080.6,0.0,0.0,1,1,,,46,1,0,0,positive_only,,edfa08000_h2.xls
1990,くるみ,(t),704.9,num,704.9,704.9,0.0,0.0,1,1,,,15,32,0,0,positive_only,,edfa08000_h2.xls
1990,しいたけ原木伏込,（立方メートル）,1563489.0,num,1563489.0,1563489.0,0.0,0.0,1,1,,,47,0,0,0,all_listed,,edfa08000_h2.xls
1990,しゅろ皮,(t),3.6,num,3.6,3.6,0.0,0.0,1,1,,,1,46,0,0,positive_only,,edfa08000_h2.xls
1990,たけのこ,(t),137615.9,num,137615.9,137615.9,0.0,0.0,1,1,,,43,4,0,0,positive_only,,edfa08000_h2.xls
1990,なめこ,(t),22082.6,num,22082.6,22082.6,0.0,0.0,1,1,,,43,4,0,0,positive_only,,edfa08000_h2.xls
1990,まき,（層積立方メートル）,165413.0,num,165413.0,165413.0,0.0,0.0,1,1,,,42,5,0,0,positive_only,,edfa08000_h2.xls
1990,まつたけ,(t),513.0,num,507.0,507.0,6.0,0.0117,1,1,,,29,18,0,0,positive_only,,edfa08000_h2.xls
1990,乾しいたけ,(t),11237.8,num,11237.8,11237.8,0.0,0.0,1,1,,,46,1,0,0,positive_only,,edfa08000_h2.xls
1990,木炭計,(t),35399.0,num,35399.0,35399.0,0.0,0.0,1,1,,,47,0,0,0,all_listed,,edfa08000_h2.xls
1990,生しいたけ,(t),79133.6,num,79133.6,79133.6,0.0,0.0,1,1,,,47,0,0,0,all_listed,,edfa08000_h2.xls
1990,白炭,(t),7729.0,num,7729.0,7729.0,0.0,0.0,1,1,,,34,13,0,0,positive_only,,edfa08000_h2.xls
1990,竹材,（千束）,6822.0,num,6822.0,6822.0,0.0,0.0,1,1,,,42,5,0,0,positive_only,,edfa08000_h2.xls
1990,黒炭,(t),27670.0,num,27670.0,27670.0,0.0,0.0,1,1,,,47,0,0,0,all_listed,,edfa08000_h2.xls
1991,えのきたけ,(t),95123.0,num,95123.0,95123.0,0.0,0.0,1,1,,,40,7,0,0,positive_only,,edfa08000_h3.xls
1991,くり,(t),23793.8,num,23793.8,23793.8,0.0,0.0,1,1,,,46,1,0,0,positive_only,,edfa08000_h3.xls
1991,くるみ,(t),624.0,num,624.0,624.0,0.0,0.0,1,1,,,15,32,0,0,positive_only,,edfa08000_h3.xls
1991,しいたけ原木伏込,（立方メートル）,1422712.0,num,1422712.0,1422712.0,0.0,0.0,1,1,,,47,0,0,0,all_listed,,edfa08000_h3.xls
1991,しゅろ皮,(t),3.5,num,3.5,3.5,0.0,0.0,1,1,,,1,46,0,0,positive_only,,edfa08000_h3.xls
1991,たけのこ,(t),112459.8,num,112459.8,112459.8,0.0,0.0,1,1,,,44,3,0,0,positive_only,,edfa08000_h3.xls
1991,なめこ,(t),21738.2,num,21738.2,21738.2,0.0,0.0,1,1,,,43,4,0,0,positive_only,,edfa08000_h3.xls
1991,まき,（層積立方メートル）,168473.0,num,168463.0,168463.0,10.0,6e-05,1,1,,,42,5,0,0,positive_only,,edfa08000_h3.xls
1991,まつたけ,(t),267.0,num,267.0,267.0,0.0,0.0,1,1,,,28,19,0,0,positive_only,,edfa08000_h3.xls
1991,乾しいたけ,(t),10168.3,num,10168.3,10168.3,0.0,0.0,1,1,,,46,1,0,0,positive_only,,edfa08000_h3.xls
1991,木炭計,(t),34666.0,num,34666.0,34666.0,0.0,0.0,1,1,,,47,0,0,0,all_listed,,edfa08000_h3.xls
1991,生しいたけ,(t),78046.6,num,78046.6,78046.6,0.0,0.0,1,1,,,47,0,0,0,all_listed,,edfa08000_h3.xls
1991,白炭,(t),7897.0,num,7897.0,7897.0,0.0,0.0,1,1,,,33,14,0,0,positive_only,,edfa08000_h3.xls
1991,竹材,（千束）,6568.4,num,6320.4,6320.4,248.0,0.03776,0,0,,unresolved,43,4,0,0,positive_only,,edfa08000_h3.xls
1991,黒炭,(t),26769.0,num,26769.0,26769.0,0.0,0.0,1,1,,,47,0,0,0,all_listed,,edfa08000_h3.xls
1992,えのきたけ,(t),102834.4,num,102834.4,102834.4,0.0,0.0,1,1,,,40,7,0,0,positive_only,,edfa08000_h4.xls
1992,くり,(t),23472.9,num,23472.9,23472.9,0.0,0.0,1,1,,,46,1,0,0,positive_only,,edfa08000_h4.xls
1992,くるみ,(t),630.0,num,630.0,630.0,0.0,0.0,1,1,,,14,33,0,0,positive_only,,edfa08000_h4.xls
1992,しいたけ原木伏込,（立方メートル）,1373504.0,num,1373504.0,1373504.0,0.0,0.0,1,1,,,47,0,0,0,all_listed,,edfa08000_h4.xls
1992,しゅろ皮,(t),3.2,num,3.2,3.2,0.0,0.0,1,1,,,1,46,0,0,positive_only,,edfa08000_h4.xls
1992,たけのこ,(t),100060.1,num,100060.1,100060.1,0.0,0.0,1,1,,,43,4,0,0,positive_only,,edfa08000_h4.xls
1992,なめこ,(t),22104.4,num,22104.4,22104.4,0.0,0.0,1,1,,,43,4,0,0,positive_only,,edfa08000_h4.xls
1992,まき,（層積立方メートル）,161666.0,num,161666.0,161666.0,0.0,0.0,1,1,,,42,5,0,0,positive_only,,edfa08000_h4.xls
1992,まつたけ,(t),187.1,num,187.1,187.1,0.0,0.0,1,1,,,27,20,0,0,positive_only,,edfa08000_h4.xls
1992,乾しいたけ,(t),10035.5,num,10035.7,10035.7,-0.2,-2e-05,1,1,,,46,1,0,0,positive_only,,edfa08000_h4.xls
1992,木炭計,(t),36469.0,num,36469.0,36469.0,0.0,0.0,1,1,,,47,0,0,0,all_listed,,edfa08000_h4.xls
1992,生しいたけ,(t),76803.6,num,76803.6,76803.6,0.0,0.0,1,1,,,47,0,0,0,all_listed,,edfa08000_h4.xls
1992,白炭,(t),7307.0,num,7306.0,7306.0,1.0,0.00014,1,1,,,30,17,0,0,positive_only,,edfa08000_h4.xls
1992,竹材,（千束）,5798.9,num,5798.9,5798.9,0.0,0.0,1,1,,,43,4,0,0,positive_only,,edfa08000_h4.xls
1992,黒炭,(t),29162.0,num,29162.0,29162.0,0.0,0.0,1,1,,,47,0,0,0,all_listed,,edfa08000_h4.xls
1993,えのきたけ,(t),103537.2,num,103537.2,103537.2,0.0,0.0,1,1,,,39,8,0,0,positive_only,,edfa08000_h5.xls
1993,くり,(t),21004.2,num,21004.2,21004.2,0.0,0.0,1,1,,,46,1,0,0,positive_only,,edfa08000_h5.xls
1993,くるみ,(t),587.8,num,587.8,587.8,0.0,0.0,1,1,,,14,33,0,0,positive_only,,edfa08000_h5.xls
1993,しいたけ原木伏込,（立方メートル）,1262492.0,num,1262492.0,1262492.0,0.0,0.0,1,1,,,47,0,0,0,all_listed,,edfa08000_h5.xls
1993,しゅろ皮,(t),0.0,num,0,0,0.0,,1,1,,,0,47,0,0,positive_only,,edfa08000_h5.xls
1993,たけのこ,(t),90164.0,num,90164.0,90164.0,0.0,0.0,1,1,,,44,3,0,0,positive_only,,edfa08000_h5.xls
1993,なめこ,(t),22613.6,num,22613.6,22613.6,0.0,0.0,1,1,,,42,5,0,0,positive_only,,edfa08000_h5.xls
1993,まき,（層積立方メートル）,150784.0,num,150784.0,150784.0,0.0,0.0,1,1,,,42,5,0,0,positive_only,,edfa08000_h5.xls
1993,まつたけ,(t),349.4,num,349.4,349.4,-0.0,-0.0,1,1,,,28,19,0,0,positive_only,,edfa08000_h5.xls
1993,乾しいたけ,(t),9298.6,num,9298.6,9298.6,0.0,0.0,1,1,,,46,1,0,0,positive_only,,edfa08000_h5.xls
1993,木炭計,(t),34729.0,num,34729.0,34729.0,0.0,0.0,1,1,,,47,0,0,0,all_listed,,edfa08000_h5.xls
1993,生しいたけ,(t),77394.2,num,77394.2,77394.2,0.0,0.0,1,1,,,47,0,0,0,all_listed,,edfa08000_h5.xls
1993,白炭,(t),6577.0,num,6577.0,6577.0,0.0,0.0,1,1,,,31,16,0,0,positive_only,,edfa08000_h5.xls
1993,竹材,（千束）,5065.6,num,5065.6,5065.6,0.0,0.0,1,1,,,43,4,0,0,positive_only,,edfa08000_h5.xls
1993,黒炭,(t),28152.0,num,28152.0,28152.0,0.0,0.0,1,1,,,47,0,0,0,all_listed,,edfa08000_h5.xls
1994,えのきたけ,(t),101805.9,num,101805.9,101805.9,0.0,0.0,1,1,,,39,8,0,0,positive_only,,edfa08000_h6.xls
1994,くり,(t),21223.3,num,21223.3,21223.3,0.0,0.0,1,1,,,46,1,0,0,positive_only,,edfa08000_h6.xls
1994,くるみ,(t),517.4,num,517.4,517.4,0.0,0.0,1,1,,,14,33,0,0,positive_only,,edfa08000_h6.xls
1994,しいたけ原木伏込,（立方メートル）,1185836.0,num,1185836.0,1185836.0,0.0,0.0,1,1,,,47,0,0,0,all_listed,,edfa08000_h6.xls
1994,しゅろ皮,(t),,dash,0,0,,,,,,,0,47,0,0,unobserved,,edfa08000_h6.xls
1994,たけのこ,(t),74616.6,num,74616.6,74616.6,0.0,0.0,1,1,,,44,3,0,0,positive_only,,edfa08000_h6.xls
1994,なめこ,(t),22637.9,num,22637.9,22637.9,0.0,0.0,1,1,,,42,5,0,0,positive_only,,edfa08000_h6.xls
1994,まき,（層積立方メートル）,141280.0,num,141280.0,141280.0,0.0,0.0,1,1,,,42,5,0,0,positive_only,,edfa08000_h6.xls
1994,まつたけ,(t),120.4,num,120.7,120.7,-0.3,-0.00249,1,1,,,25,22,0,0,positive_only,,edfa08000_h6.xls
1994,乾しいたけ,(t),8311.9,num,8311.9,8311.9,0.0,0.0,1,1,,,47,0,0,0,all_listed,,edfa08000_h6.xls
1994,木炭計,(t),32925.0,num,32925.0,32925.0,0.0,0.0,1,1,,,47,0,0,0,all_listed,,edfa08000_h6.xls
1994,生しいたけ,(t),74294.3,num,74294.3,74294.3,0.0,0.0,1,1,,,47,0,0,0,all_listed,,edfa08000_h6.xls
1994,白炭,(t),5910.0,num,5911.0,5911.0,-1.0,-0.00017,1,1,,,31,16,0,0,positive_only,,edfa08000_h6.xls
1994,竹材,（千束）,4510.6,num,4510.6,4510.6,0.0,0.0,1,1,,,43,4,0,0,positive_only,,edfa08000_h6.xls
1994,黒炭,(t),27015.0,num,27015.0,27015.0,0.0,0.0,1,1,,,47,0,0,0,all_listed,,edfa08000_h6.xls
1995,えのきたけ,(t),105752.2,num,105752.8,105752.8,-0.6,-1e-05,1,1,,,40,7,0,0,positive_only,,edfa08000_h7.xls
1995,くり,(t),21850.6,num,21850.6,21850.6,0.0,0.0,1,1,,,46,1,0,0,positive_only,,edfa08000_h7.xls
1995,くるみ,(t),398.0,num,398.0,398.0,0.0,0.0,1,1,,,14,33,0,0,positive_only,,edfa08000_h7.xls
1995,しいたけ原木伏込,（立方メートル）,1054684.0,num,1054684.0,1054684.0,0.0,0.0,1,1,,,47,0,0,0,all_listed,,edfa08000_h7.xls
1995,しゅろ皮,(t),,dash,0,0,,,,,,,0,47,0,0,unobserved,,edfa08000_h7.xls
1995,たけのこ,(t),57082.7,num,57082.7,57082.7,0.0,0.0,1,1,,,45,2,0,0,positive_only,,edfa08000_h7.xls
1995,なめこ,(t),22857.9,num,22857.9,22857.9,0.0,0.0,1,1,,,42,5,0,0,positive_only,,edfa08000_h7.xls
1995,まき,（層積立方メートル）,160884.0,num,160884.0,160884.0,0.0,0.0,1,1,,,39,8,0,0,positive_only,,edfa08000_h7.xls
1995,まつたけ,(t),210.7,num,210.7,210.7,0.0,0.0,1,1,,,29,18,0,0,positive_only,,edfa08000_h7.xls
1995,乾しいたけ,(t),8069.6,num,8069.6,8069.6,0.0,0.0,1,1,,,46,1,0,0,positive_only,,edfa08000_h7.xls
1995,木炭計,(t),31133.0,num,31132.0,31132.0,1.0,3e-05,1,1,,,47,0,0,0,all_listed,,edfa08000_h7.xls
1995,生しいたけ,(t),74494.7,num,74494.7,74494.7,0.0,0.0,1,1,,,47,0,0,0,all_listed,,edfa08000_h7.xls
1995,白炭,(t),5789.0,num,5788.0,5788.0,1.0,0.00017,1,1,,,31,16,0,0,positive_only,,edfa08000_h7.xls
1995,竹材,（千束）,3940.7,num,3940.6,3940.6,0.1,3e-05,1,1,,,44,3,0,0,positive_only,,edfa08000_h7.xls
1995,黒炭,(t),25344.0,num,25344.0,25344.0,0.0,0.0,1,1,,,47,0,0,0,all_listed,,edfa08000_h7.xls
1999,えのきたけ,(t),113713.19999999998,num,113713.2,113713.2,-0.0,-0.0,1,1,,,47,0,0,0,all_listed,,edfa08000_h11.xls
1999,くり,(t),18473.1,num,18473.1,18473.1,0.0,0.0,1,1,,,46,0,0,0,all_listed,,edfa08000_h11.xls
1999,くるみ,(t),281.3,num,281.3,281.3,0.0,0.0,1,1,,,47,0,0,0,all_listed,,edfa08000_h11.xls
1999,たけのこ,(t),38053.299999999996,num,38053.3,38053.3,-0.0,-0.0,1,1,,,47,0,0,0,all_listed,,edfa08000_h11.xls
1999,なめこ,(t),25743.699999999993,num,25743.7,25743.7,-0.0,-0.0,1,1,,,47,0,0,0,all_listed,,edfa08000_h11.xls
1999,まき,（層積立方メートル）,174124.0,num,174124.0,174124.0,0.0,0.0,1,1,,,47,0,0,0,all_listed,,edfa08000_h11.xls
1999,まつたけ,(t),147.20000000000002,num,147.2,147.2,0.0,0.0,1,1,,,47,0,0,0,all_listed,,edfa08000_h11.xls
1999,乾しいたけ,(t),5582.0,num,5582.0,5582.0,0.0,0.0,1,1,,,47,0,0,0,all_listed,,edfa08000_h11.xls
1999,木炭計,(t),25468.0,num,25468.0,25468.0,0.0,0.0,1,1,,,47,0,0,0,all_listed,,edfa08000_h11.xls
1999,生しいたけ,(t),70510.7,num,70510.7,70510.7,0.0,0.0,1,1,,,47,0,0,0,all_listed,,edfa08000_h11.xls
1999,白炭,(t),5057.0,num,5057.0,5057.0,0.0,0.0,1,1,,,47,0,0,0,all_listed,,edfa08000_h11.xls
1999,竹材,（千束）,2262.4000000000005,num,2262.4,2262.4,0.0,0.0,1,1,,,47,0,0,0,all_listed,,edfa08000_h11.xls
1999,黒炭,(t),20411.0,num,20411.0,20411.0,0.0,0.0,1,1,,,47,0,0,0,all_listed,,edfa08000_h11.xls
2000,えのきたけ,(t),109509.9,num,109509.9,109509.9,0.0,0.0,1,1,,,43,4,0,0,positive_only,,edfa08000_h12.xls
2000,くり,(t),17487.6,num,17487.7,17487.7,-0.1,-1e-05,1,1,,,46,1,0,0,positive_only,,edfa08000_h12.xls
2000,くるみ,(t),276.9,num,276.9,276.9,-0.0,-0.0,1,1,,,13,34,0,0,positive_only,,edfa08000_h12.xls
2000,たけのこ,(t),35595.6,num,35595.7,35595.7,-0.1,-0.0,1,1,,,47,0,0,0,all_listed,,edfa08000_h12.xls
2000,なめこ,(t),24942.2,num,24942.1,24942.1,0.1,0.0,1,1,,,46,1,0,0,positive_only,,edfa08000_h12.xls
2000,まき,（層積立方メートル）,79984.0,num,79984.0,79984.0,0.0,0.0,1,1,,,32,15,0,0,positive_only,,edfa08000_h12.xls
2000,まつたけ,(t),181.3,num,181.3,181.3,0.0,0.0,1,1,,,26,21,0,0,positive_only,,edfa08000_h12.xls
2000,乾しいたけ,(t),5236.0,num,5236.0,5236.0,0.0,0.0,1,1,,,47,0,0,0,all_listed,,edfa08000_h12.xls
2000,木炭計,(t),24729.0,num,24728.0,24728.0,1.0,4e-05,1,1,,,46,1,0,0,positive_only,,edfa08000_h12.xls
2000,生しいたけ,(t),67223.9,num,67223.9,67223.9,0.0,0.0,1,1,,,47,0,0,0,all_listed,,edfa08000_h12.xls
2000,白炭,(t),4608.0,num,4608.0,4608.0,0.0,0.0,1,1,,,27,20,0,0,positive_only,,edfa08000_h12.xls
2000,竹材,（千束）,2007.5,num,2007.5,2007.5,0.0,0.0,1,1,,,41,6,0,0,positive_only,,edfa08000_h12.xls
2000,黒炭,(t),20121.0,num,20122.0,20122.0,-1.0,-5e-05,1,1,,,46,1,0,0,positive_only,,edfa08000_h12.xls
2001,えのきたけ,(t),108444.2,num,108444.3,108444.3,-0.1,-0.0,1,1,,,43,4,0,0,positive_only,,edfa08000_h13.xls
2001,くり,(t),18993.6,num,18993.6,18993.6,0.0,0.0,1,1,,,46,1,0,0,positive_only,,edfa08000_h13.xls
2001,くるみ,(t),203.9,num,203.9,203.9,0.0,0.0,1,1,,,13,34,0,0,positive_only,,edfa08000_h13.xls
2001,たけのこ,(t),36114.1,num,36114.0,36114.0,0.1,0.0,1,1,,,45,2,0,0,positive_only,,edfa08000_h13.xls
2001,なめこ,(t),23775.1,num,23775.1,23775.1,0.0,0.0,1,1,,,47,0,0,0,all_listed,,edfa08000_h13.xls
2001,まき,（層積立方メートル）,66965.0,num,66965.0,66965.0,0.0,0.0,1,1,,,28,19,0,0,positive_only,,edfa08000_h13.xls
2001,まつたけ,(t),77.9,num,77.9,77.9,0.0,0.0,1,1,,,25,22,0,0,positive_only,,edfa08000_h13.xls
2001,乾しいたけ,(t),4964.4,num,4964.4,4964.4,0.0,0.0,1,1,,,46,1,0,0,positive_only,,edfa08000_h13.xls
2001,木炭計,(t),23070.0,num,23069.0,23069.0,1.0,4e-05,1,1,,,47,0,0,0,all_listed,,edfa08000_h13.xls
2001,生しいたけ,(t),66127.8,num,66128.0,66128.0,-0.2,-0.0,1,1,,,47,0,0,0,all_listed,,edfa08000_h13.xls
2001,白炭,(t),4406.0,num,4407.0,4407.0,-1.0,-0.00023,1,1,,,29,18,0,0,positive_only,,edfa08000_h13.xls
2001,竹材,（千束）,1859.9,num,1859.9,1859.9,0.0,0.0,1,1,,,37,10,0,0,positive_only,,edfa08000_h13.xls
2001,黒炭,(t),18664.0,num,18664.0,18664.0,0.0,0.0,1,1,,,47,0,0,0,all_listed,,edfa08000_h13.xls
2002,えのきたけ,(t),110444.1,num,110444.1,110444.1,0.0,0.0,1,1,,,37,10,0,0,positive_only,,edfa08000_h14.xls
2002,くり,(t),17774.4,num,17774.4,17774.4,0.0,0.0,1,1,,,45,2,0,0,positive_only,,edfa08000_h14.xls
2002,くるみ,(t),196.9,num,196.9,196.9,0.0,0.0,1,1,,,12,35,0,0,positive_only,,edfa08000_h14.xls
2002,たけのこ,(t),35177.7,num,35177.7,35177.7,-0.0,-0.0,1,1,,,41,6,0,0,positive_only,,edfa08000_h14.xls
2002,なめこ,(t),24817.7,num,24817.7,24817.7,0.0,0.0,1,1,,,41,6,0,0,positive_only,,edfa08000_h14.xls
2002,まき,（層積立方メートル）,60010.0,num,60010.0,60010.0,0.0,0.0,1,1,,,28,19,0,0,positive_only,,edfa08000_h14.xls
2002,まつたけ,(t),52.3,num,52.3,52.3,0.0,0.0,1,1,,,24,23,0,0,positive_only,,edfa08000_h14.xls
2002,乾しいたけ,(t),4449.4,num,4449.4,4449.4,-0.0,-0.0,1,1,,,45,2,0,0,positive_only,,edfa08000_h14.xls
2002,木炭計,(t),20564.0,num,20565.0,20565.0,-1.0,-5e-05,1,1,,,47,0,0,0,all_listed,,edfa08000_h14.xls
2002,生しいたけ,(t),64442.5,num,64442.5,64442.5,0.0,0.0,1,1,,,47,0,0,0,all_listed,,edfa08000_h14.xls
2002,白炭,(t),4033.0,num,4034.0,4034.0,-1.0,-0.00025,1,1,,,28,19,0,0,positive_only,,edfa08000_h14.xls
2002,竹材,（千束）,1477.1,num,1477.1,1477.1,0.0,0.0,1,1,,,37,10,0,0,positive_only,,edfa08000_h14.xls
2002,黒炭,(t),16530.0,num,16531.0,16531.0,-1.0,-6e-05,1,1,,,47,0,0,0,all_listed,,edfa08000_h14.xls
2003,えのきたけ,(t),110185.09999999999,num,110185.1,110185.1,-0.0,-0.0,1,1,,,36,11,0,0,positive_only,,edfa08000_h15.xls
2003,くり,(t),16857.7,num,16857.7,16857.7,0.0,0.0,1,1,,,45,2,0,0,positive_only,,edfa08000_h15.xls
2003,くるみ,(t),116.0,num,116.0,116.0,0.0,0.0,1,1,,,11,36,0,0,positive_only,,edfa08000_h15.xls
2003,たけのこ,(t),31712.3,num,31712.3,31712.3,0.0,0.0,1,1,,,42,5,0,0,positive_only,,edfa08000_h15.xls
2003,なめこ,(t),25068.199999999993,num,25068.2,25068.2,-0.0,-0.0,1,1,,,41,6,0,0,positive_only,,edfa08000_h15.xls
2003,まき,（層積立方メートル）,37485.0,num,37485.0,37485.0,0.0,0.0,1,1,,,26,21,0,0,positive_only,,edfa08000_h15.xls
2003,まつたけ,(t),80.29999999999998,num,80.3,80.3,-0.0,-0.0,1,1,,,22,25,0,0,positive_only,,edfa08000_h15.xls
2003,乾しいたけ,(t),4108.1,num,4108.1,4108.1,0.0,0.0,1,1,,,45,2,0,0,positive_only,,edfa08000_h15.xls
2003,木炭計,(t),21300.0,num,21300.0,21300.0,0.0,0.0,1,1,,,47,0,0,0,all_listed,,edfa08000_h15.xls
2003,生しいたけ,(t),65362.700000000004,num,65362.7,65362.7,0.0,0.0,1,1,,,47,0,0,0,all_listed,,edfa08000_h15.xls
2003,白炭,(t),3782.0,num,3781.0,3781.0,1.0,0.00026,1,1,,,28,19,0,0,positive_only,,edfa08000_h15.xls
2003,竹材,（千束）,1503.1,num,1503.1,1503.1,0.0,0.0,1,1,,,35,12,0,0,positive_only,,edfa08000_h15.xls
2003,黒炭,(t),17519.0,num,17518.0,17518.0,1.0,6e-05,1,1,,,47,0,0,0,all_listed,,edfa08000_h15.xls
2004,えのきたけ,(t),112996.7,num,112996.7,112996.7,0.0,0.0,1,1,,,35,12,0,0,positive_only,,edfa08000_h16.xls
2004,くり,(t),13908.400000000003,num,13908.4,13908.4,0.0,0.0,1,1,,,46,1,0,0,positive_only,,edfa08000_h16.xls
2004,くるみ,(t),84.7,num,84.7,84.7,0.0,0.0,1,1,,,10,37,0,0,positive_only,,edfa08000_h16.xls
2004,たけのこ,(t),30800.399999999998,num,30800.4,30800.4,0.0,0.0,1,1,,,42,5,0,0,positive_only,,edfa08000_h16.xls
2004,なめこ,(t),25815.299999999992,num,25815.3,25815.3,-0.0,-0.0,1,1,,,42,5,0,0,positive_only,,edfa08000_h16.xls
2004,まき,（層積立方メートル）,37477.0,num,37477.0,37477.0,0.0,0.0,1,1,,,22,25,0,0,positive_only,,edfa08000_h16.xls
2004,まつたけ,(t),149.39999999999998,num,149.4,149.4,-0.0,-0.0,1,1,,,21,26,0,0,positive_only,,edfa08000_h16.xls
2004,乾しいたけ,(t),4088.3999999999996,num,4088.4,4088.4,-0.0,-0.0,1,1,,,45,2,0,0,positive_only,,edfa08000_h16.xls
2004,木炭計,(t),19608.0,num,19609.0,19609.0,-1.0,-5e-05,1,1,,,47,0,0,0,all_listed,,edfa08000_h16.xls
2004,生しいたけ,(t),66203.80000000002,num,66203.8,66203.8,0.0,0.0,1,1,,,47,0,0,0,all_listed,,edfa08000_h16.xls
2004,白炭,(t),3475.0,num,3475.0,3475.0,0.0,0.0,1,1,,,27,20,0,0,positive_only,,edfa08000_h16.xls
2004,竹材,（千束）,1371.6999999999998,num,1371.7,1371.7,-0.0,-0.0,1,1,,,33,14,0,0,positive_only,,edfa08000_h16.xls
2004,黒炭,(t),16133.0,num,16135.0,16135.0,-2.0,-0.00012,1,1,,,47,0,0,0,all_listed,,edfa08000_h16.xls
2005,えのきたけ,(t),114541.6,num,114541.6,114541.6,0.0,0.0,1,1,,,35,12,0,0,positive_only,,edfa08000_h17.xls
2005,くり,(t),12369.7,num,12369.7,12369.7,0.0,0.0,1,1,,,46,1,0,0,positive_only,,edfa08000_h17.xls
2005,くるみ,(t),82.7,num,82.7,82.7,0.0,0.0,1,1,,,10,37,0,0,positive_only,,edfa08000_h17.xls
2005,たけのこ,(t),23201.0,num,23201.0,23201.0,0.0,0.0,1,1,,,40,7,0,0,positive_only,,edfa08000_h17.xls
2005,なめこ,(t),24800.7,num,24800.7,24800.7,0.0,0.0,1,1,,,42,5,0,0,positive_only,,edfa08000_h17.xls
2005,まき,（層積立方メートル）,37385.0,num,37385.0,37385.0,0.0,0.0,1,1,,,26,21,0,0,positive_only,,edfa08000_h17.xls
2005,まつたけ,(t),39.1,num,39.1,39.1,0.0,0.0,1,1,,,19,28,0,0,positive_only,,edfa08000_h17.xls
2005,乾しいたけ,(t),4091.2,num,4091.2,4091.2,0.0,0.0,1,1,,,45,2,0,0,positive_only,,edfa08000_h17.xls
2005,木炭計,(t),18256.0,num,18256.0,18256.0,0.0,0.0,1,1,,,47,0,0,0,all_listed,,edfa08000_h17.xls
2005,生しいたけ,(t),65186.3,num,65186.3,65186.3,0.0,0.0,1,1,,,47,0,0,0,all_listed,,edfa08000_h17.xls
2005,白炭,(t),3779.0,num,3779.0,3779.0,0.0,0.0,1,1,,,26,21,0,0,positive_only,,edfa08000_h17.xls
2005,竹材,（千束）,1290.3,num,1290.3,1290.3,0.0,0.0,1,1,,,32,15,0,0,positive_only,,edfa08000_h17.xls
2005,黒炭,(t),14477.0,num,14477.0,14477.0,0.0,0.0,1,1,,,47,0,0,0,all_listed,,edfa08000_h17.xls
2006,えのきたけ,(t),114629.8,num,114629.8,114629.8,0.0,0.0,1,1,,,35,12,0,0,positive_only,,edfa08000_h18.xls
2006,くり,(t),14047.6,num,14047.6,14047.6,0.0,0.0,1,1,,,45,2,0,0,positive_only,,edfa08000_h18.xls
2006,くるみ,(t),76.6,num,76.6,76.6,0.0,0.0,1,1,,,8,39,0,0,positive_only,,edfa08000_h18.xls
2006,たけのこ,(t),26900.2,num,26900.2,26900.2,0.0,0.0,1,1,,,40,7,0,0,positive_only,,edfa08000_h18.xls
2006,なめこ,(t),25615.0,num,25615.0,25615.0,0.0,0.0,1,1,,,43,4,0,0,positive_only,,edfa08000_h18.xls
2006,まき,（層積立方メートル）,35506.0,num,35506.0,35506.0,0.0,0.0,1,1,,,27,20,0,0,positive_only,,edfa08000_h18.xls
2006,まつたけ,(t),64.8,num,64.8,64.8,0.0,0.0,1,1,,,18,29,0,0,positive_only,,edfa08000_h18.xls
2006,乾しいたけ,(t),3860.9,num,3860.9,3860.9,0.0,0.0,1,1,,,45,2,0,0,positive_only,,edfa08000_h18.xls
2006,木炭計,(t),17169.0,num,17171.0,17171.0,-2.0,-0.00012,1,1,,,47,0,0,0,all_listed,,edfa08000_h18.xls
2006,生しいたけ,(t),66348.5,num,66348.5,66348.5,0.0,0.0,1,1,,,47,0,0,0,all_listed,,edfa08000_h18.xls
2006,白炭,(t),3558.0,num,3559.0,3559.0,-1.0,-0.00028,1,1,,,29,18,0,0,positive_only,,edfa08000_h18.xls
2006,竹材,（千束）,1190.6,num,1190.6,1190.6,0.0,0.0,1,1,,,31,16,0,0,positive_only,,edfa08000_h18.xls
2006,黒炭,(t),13611.0,num,13613.0,13613.0,-2.0,-0.00015,1,1,,,47,0,0,0,all_listed,,edfa08000_h18.xls
2007,えのきたけ,(t),129770.0,num,129770.0,129770.0,0.0,0.0,1,1,,,47,0,0,0,all_listed,,edfa08000_h19.xls
2007,くり,(t),12937.8,num,12937.8,12937.8,0.0,0.0,1,1,,,47,0,0,0,all_listed,,edfa08000_h19.xls
2007,くるみ,(t),54.3,num,54.3,54.3,0.0,0.0,1,1,,,47,0,0,0,all_listed,,edfa08000_h19.xls
2007,たけのこ,(t),22338.7,num,22338.7,22338.7,0.0,0.0,1,1,,,47,0,0,0,all_listed,,edfa08000_h19.xls
2007,なめこ,(t),25817.8,num,25817.8,25817.8,0.0,0.0,1,1,,,47,0,0,0,all_listed,,edfa08000_h19.xls
2007,まき,（層積立方メートル）,36052.1,num,36052.1,36052.1,0.0,0.0,1,1,,,47,0,0,0,all_listed,,edfa08000_h19.xls
2007,まつたけ,(t),51.1,num,51.1,51.1,0.0,0.0,1,1,,,47,0,0,0,all_listed,,edfa08000_h19.xls
2007,乾しいたけ,(t),3565.9,num,3565.9,3565.9,0.0,0.0,1,1,,,47,0,0,0,all_listed,,edfa08000_h19.xls
2007,木炭計,(t),16578.3,num,16578.3,16578.3,0.0,0.0,1,1,,,47,0,0,0,all_listed,,edfa08000_h19.xls
2007,生しいたけ,(t),67154.8,num,67154.8,67154.8,0.0,0.0,1,1,,,47,0,0,0,all_listed,,edfa08000_h19.xls
2007,白炭,(t),3542.3,num,3542.3,3542.3,0.0,0.0,1,1,,,47,0,0,0,all_listed,,edfa08000_h19.xls
2007,竹材,（千束）,1142.7,num,1142.7,1142.7,0.0,0.0,1,1,,,47,0,0,0,all_listed,,edfa08000_h19.xls
2007,黒炭,(t),13036.0,num,13036.0,13036.0,0.0,0.0,1,1,,,47,0,0,0,all_listed,,edfa08000_h19.xls
2008,えのきたけ,(t),131106.7,num,131106.7,131106.7,0.0,0.0,1,1,,,47,0,0,0,all_listed,,edfa08000_h20.xls
2008,くり,(t),14171.6,num,14171.6,14171.6,0.0,0.0,1,1,,,47,0,0,0,all_listed,,edfa08000_h20.xls
2008,くるみ,(t),59.6,num,59.6,59.6,0.0,0.0,1,1,,,47,0,0,0,all_listed,,edfa08000_h20.xls
2008,たけのこ,(t),29926.1,num,29926.1,29926.1,0.0,0.0,1,1,,,47,0,0,0,all_listed,,edfa08000_h20.xls
2008,なめこ,(t),25944.8,num,25944.8,25944.8,0.0,0.0,1,1,,,47,0,0,0,all_listed,,edfa08000_h20.xls
2008,まき,（層積立方メートル）,45116.0,num,45116.0,45116.0,0.0,0.0,1,1,,,47,0,0,0,all_listed,,edfa08000_h20.xls
2008,まつたけ,(t),70.6,num,70.6,70.6,0.0,0.0,1,1,,,47,0,0,0,all_listed,,edfa08000_h20.xls
2008,乾しいたけ,(t),3867.3,num,3867.3,3867.3,0.0,0.0,1,1,,,47,0,0,0,all_listed,,edfa08000_h20.xls
2008,木炭計,(t),15839.2,num,15839.2,15839.2,0.0,0.0,1,1,,,47,0,0,0,all_listed,,edfa08000_h20.xls
2008,生しいたけ,(t),70341.9,num,70341.9,70341.9,0.0,0.0,1,1,,,47,0,0,0,all_listed,,edfa08000_h20.xls
2008,白炭,(t),3515.6,num,3515.6,3515.6,0.0,0.0,1,1,,,47,0,0,0,all_listed,,edfa08000_h20.xls
2008,竹材,（千束）,1043.1,num,1043.1,1043.1,0.0,0.0,1,1,,,47,0,0,0,all_listed,,edfa08000_h20.xls
2008,黒炭,(t),12323.6,num,12323.6,12323.6,0.0,0.0,1,1,,,47,0,0,0,all_listed,,edfa08000_h20.xls
2009,えのきたけ,(t),138501.0,num,138501.0,138501.0,0.0,0.0,1,1,,,47,0,0,0,all_listed,,edfa08000_h21.xls
2009,くり,(t),11906.6,num,11906.6,11906.6,0.0,0.0,1,1,,,47,0,0,0,all_listed,,edfa08000_h21.xls
2009,くるみ,(t),167.8,num,167.8,167.8,0.0,0.0,1,1,,,47,0,0,0,all_listed,,edfa08000_h21.xls
2009,たけのこ,(t),30812.100000000002,num,30812.1,30812.1,0.0,0.0,1,1,,,47,0,0,0,all_listed,,edfa08000_h21.xls
2009,なめこ,(t),26138.200000000004,num,26138.2,26138.2,0.0,0.0,1,1,,,47,0,0,0,all_listed,,edfa08000_h21.xls
2009,まき,（層積立方メートル）,50782.0,num,50782.0,50782.0,0.0,0.0,1,1,,,47,0,0,0,all_listed,,edfa08000_h21.xls
2009,まつたけ,(t),24.2,num,24.2,24.2,0.0,0.0,1,1,,,47,0,0,0,all_listed,,edfa08000_h21.xls
2009,乾しいたけ,(t),3596.5000000000005,num,3596.5,3596.5,0.0,0.0,1,1,,,47,0,0,0,all_listed,,edfa08000_h21.xls
2009,木炭計,(t),15244.300000000001,num,15244.3,15244.3,0.0,0.0,1,1,,,47,0,0,0,all_listed,,edfa08000_h21.xls
2009,生しいたけ,(t),75015.70000000001,num,75015.7,75015.7,0.0,0.0,1,1,,,47,0,0,0,all_listed,,edfa08000_h21.xls
2009,白炭,(t),3541.4,num,3541.4,3541.4,0.0,0.0,1,1,,,47,0,0,0,all_listed,,edfa08000_h21.xls
2009,竹材,（千束）,995.4000000000001,num,995.4,995.4,0.0,0.0,1,1,,,47,0,0,0,all_listed,,edfa08000_h21.xls
2009,黒炭,(t),11702.9,num,11702.9,11702.9,0.0,0.0,1,1,,,47,0,0,0,all_listed,,edfa08000_h21.xls
2010,えのきたけ,(t),140951.0,num,140951.0,140951.0,0.0,0.0,1,1,,,47,0,0,0,all_listed,,edfa08000_h22.xls
2010,くり,(t),23500.0,num,18507.0,18507.0,4993.0,0.21247,0,0,,unresolved,47,0,0,0,all_listed,,edfa08000_h22.xls
2010,くるみ,(t),199.5,num,199.5,199.5,0.0,0.0,1,1,,,47,0,0,0,all_listed,,edfa08000_h22.xls
2010,たけのこ,(t),39746.0,num,39746.0,39746.0,0.0,0.0,1,1,,,47,0,0,0,all_listed,,edfa08000_h22.xls
2010,なめこ,(t),27261.000000000004,num,27261.0,27261.0,0.0,0.0,1,1,,,47,0,0,0,all_listed,,edfa08000_h22.xls
2010,まき,（層積立方メートル）,85481.0,num,85481.0,85481.0,0.0,0.0,1,1,,,47,0,0,0,all_listed,,edfa08000_h22.xls
2010,まつたけ,(t),139.79999999999995,num,139.8,139.8,-0.0,-0.0,1,1,,,47,0,0,0,all_listed,,edfa08000_h22.xls
2010,乾しいたけ,(t),3516.2999999999997,num,3516.3,3516.3,-0.0,-0.0,1,1,,,47,0,0,0,all_listed,,edfa08000_h22.xls
2010,木炭計,(t),13747.800000000001,num,13747.8,13747.8,0.0,0.0,1,1,,,47,0,0,0,all_listed,,edfa08000_h22.xls
2010,生しいたけ,(t),77079.0,num,77079.0,77079.0,0.0,0.0,1,1,,,47,0,0,0,all_listed,,edfa08000_h22.xls
2010,白炭,(t),3421.3999999999996,num,3421.4,3421.4,-0.0,-0.0,1,1,,,47,0,0,0,all_listed,,edfa08000_h22.xls
2010,竹材,（千束）,962.6,num,962.6,962.6,0.0,0.0,1,1,,,47,0,0,0,all_listed,,edfa08000_h22.xls
2010,黒炭,(t),10326.4,num,10326.4,10326.4,-0.0,-0.0,1,1,,,47,0,0,0,all_listed,,edfa08000_h22.xls
2011,えのきたけ,(t),143189.00000000003,num,143189.0,143189.0,0.0,0.0,1,1,,,47,0,0,0,all_listed,,edfa08000_h23.xls
2011,くり,(t),19100.0,num,14508.0,14508.0,4592.0,0.24042,0,0,,unresolved,47,0,0,0,all_listed,,edfa08000_h23.xls
2011,くるみ,(t),174.4,num,174.4,174.4,0.0,0.0,1,1,,,47,0,0,0,all_listed,,edfa08000_h23.xls
2011,たけのこ,(t),32217.000000000007,num,32217.0,32217.0,0.0,0.0,1,1,,,47,0,0,0,all_listed,,edfa08000_h23.xls
2011,なめこ,(t),25425.699999999993,num,25425.7,25425.7,-0.0,-0.0,1,1,,,47,0,0,0,all_listed,,edfa08000_h23.xls
2011,まき,（層積立方メートル）,87760.0,num,87760.0,87760.0,0.0,0.0,1,1,,,47,0,0,0,all_listed,,edfa08000_h23.xls
2011,まつたけ,(t),36.1,num,36.1,36.1,0.0,0.0,1,1,,,47,0,0,0,all_listed,,edfa08000_h23.xls
2011,乾しいたけ,(t),3695.9,num,3695.9,3695.9,0.0,0.0,1,1,,,47,0,0,0,all_listed,,edfa08000_h23.xls
2011,木炭計,(t),12169.1,num,12169.1,12169.1,0.0,0.0,1,1,,,47,0,0,0,all_listed,,edfa08000_h23.xls
2011,生しいたけ,(t),71253.5,num,71253.5,71253.5,0.0,0.0,1,1,,,47,0,0,0,all_listed,,edfa08000_h23.xls
2011,白炭,(t),3107.7999999999997,num,3107.8,3107.8,-0.0,-0.0,1,1,,,47,0,0,0,all_listed,,edfa08000_h23.xls
2011,竹材,（千束）,1181.4,num,1181.4,1181.4,0.0,0.0,1,1,,,47,0,0,0,all_listed,,edfa08000_h23.xls
2011,黒炭,(t),9061.299999999996,num,9061.3,9061.3,-0.0,-0.0,1,1,,,47,0,0,0,all_listed,,edfa08000_h23.xls
2012,えのきたけ,(t),134097.3,num,134097.3,134097.3,-0.0,-0.0,1,1,,,34,13,0,0,positive_only,,edfa08000_h24.xls
2012,くり,(t),20900.0,num,15910.0,15910.0,4990.0,0.23876,0,0,,unresolved,17,30,0,0,positive_only,,edfa08000_h24.xls
2012,くるみ,(t),194.6,num,194.6,194.6,0.0,0.0,1,1,,,4,43,0,0,positive_only,,edfa08000_h24.xls
2012,たけのこ,(t),39244.09999999999,num,39244.1,39244.1,-0.0,-0.0,1,1,,,43,4,0,0,positive_only,,edfa08000_h24.xls
2012,なめこ,(t),25815.999999999996,num,25816.0,25816.0,-0.0,-0.0,1,1,,,44,3,0,0,positive_only,,edfa08000_h24.xls
2012,まき,（層積立方メートル）,62071.0,num,62070.5,62070.5,0.5,1e-05,1,1,,,31,16,0,0,positive_only,,edfa08000_h24.xls
2012,まつたけ,(t),15.7,num,15.7,15.7,-0.0,-0.0,1,1,,,17,30,0,0,positive_only,,edfa08000_h24.xls
2012,乾しいたけ,(t),3705.4,num,3705.41,3705.41,-0.01,-0.0,1,1,,,46,1,0,0,positive_only,,edfa08000_h24.xls
2012,木炭計,(t),11618.4,num,11618.4,11618.4,0.0,0.0,1,1,,,47,0,0,0,all_listed,,edfa08000_h24.xls
2012,生しいたけ,(t),66476.2,num,66476.2,66476.2,0.0,0.0,1,1,,,47,0,0,0,all_listed,,edfa08000_h24.xls
2012,白炭,(t),3226.7000000000003,num,3226.7,3226.7,0.0,0.0,1,1,,,26,21,0,0,positive_only,,edfa08000_h24.xls
2012,竹材,（千束）,1199.3000000000002,num,1199.3,1199.3,0.0,0.0,1,1,,,27,20,0,0,positive_only,,edfa08000_h24.xls
2012,黒炭,(t),8391.700000000003,num,8391.7,8391.7,0.0,0.0,1,1,,,47,0,0,0,all_listed,,edfa08000_h24.xls
2013,えのきたけ,(t),133647.0,num,133647.0,133647.0,0.0,0.0,1,1,,,47,0,0,0,all_listed,,edfa08000_h25.xls
2013,くり,(t),21000.0,num,15981.0,15981.0,5019.0,0.239,0,0,,unresolved,47,0,0,0,all_listed,,edfa08000_h25.xls
2013,くるみ,(t),166.8,num,166.8,166.8,0.0,0.0,1,1,,,47,0,0,0,all_listed,,edfa08000_h25.xls
2013,たけのこ,(t),24202.7,num,24202.7,24202.7,0.0,0.0,1,1,,,47,0,0,0,all_listed,,edfa08000_h25.xls
2013,なめこ,(t),23383.3,num,23383.3,23383.3,0.0,0.0,1,1,,,47,0,0,0,all_listed,,edfa08000_h25.xls
2013,まき,（層積立方メートル）,85136.0,num,85136.0,85136.0,0.0,0.0,1,1,,,32,15,0,0,positive_only,,edfa08000_h25.xls
2013,まつたけ,(t),37.8,num,37.8,37.8,0.0,0.0,1,1,,,47,0,0,0,all_listed,,edfa08000_h25.xls
2013,乾しいたけ,(t),3498.7,num,3498.7,3498.7,-0.0,-0.0,1,1,,,47,0,0,0,all_listed,,edfa08000_h25.xls
2013,木炭計,(t),11218.5,num,11218.5,11218.5,0.0,0.0,1,1,,,47,0,0,0,all_listed,,edfa08000_h25.xls
2013,生しいたけ,(t),67946.2,num,67946.2,67946.2,0.0,0.0,1,1,,,47,0,0,0,all_listed,,edfa08000_h25.xls
2013,白炭,(t),3214.7,num,3214.7,3214.7,0.0,0.0,1,1,,,47,0,0,0,all_listed,,edfa08000_h25.xls
2013,竹材,（千束）,1196.4000000000003,num,1196.4,1196.4,0.0,0.0,1,1,,,47,0,0,0,all_listed,,edfa08000_h25.xls
2013,黒炭,(t),8003.8,num,8003.8,8003.8,0.0,0.0,1,1,,,47,0,0,0,all_listed,,edfa08000_h25.xls
2014,えのきたけ,(t),135919.1,num,135919.1,135919.1,0.0,0.0,1,1,,,47,0,0,0,all_listed,,edfa08000_h26.xls
2014,くり,(t),21400.0,num,21387.0,21387.0,13.0,0.00061,1,1,,,46,1,0,0,positive_only,,edfa08000_h26.xls
2014,くるみ,(t),182.7,num,182.7,182.7,0.0,0.0,1,1,,,47,0,0,0,all_listed,,edfa08000_h26.xls
2014,たけのこ,(t),35120.399999999994,num,35120.4,35120.4,-0.0,-0.0,1,1,,,47,0,0,0,all_listed,,edfa08000_h26.xls
2014,なめこ,(t),21795.500000000004,num,21795.5,21795.5,0.0,0.0,1,1,,,47,0,0,0,all_listed,,edfa08000_h26.xls
2014,まき,（層積立方メートル）,84659.0,num,84659.2,84659.2,-0.2,-0.0,1,1,,,47,0,0,0,all_listed,,edfa08000_h26.xls
2014,まつたけ,(t),42.10000000000001,num,42.1,42.1,0.0,0.0,1,1,,,47,0,0,0,all_listed,,edfa08000_h26.xls
2014,乾しいたけ,(t),3174.5000000000005,num,3174.5,3174.5,0.0,0.0,1,1,,,47,0,0,0,all_listed,,edfa08000_h26.xls
2014,木炭計,(t),11040.3,num,11040.3,11040.3,0.0,0.0,1,1,,,47,0,0,0,all_listed,,edfa08000_h26.xls
2014,生しいたけ,(t),67509.99999999999,num,67510.0,67510.0,-0.0,-0.0,1,1,,,47,0,0,0,all_listed,,edfa08000_h26.xls
2014,白炭,(t),3207.100000000001,num,3207.1,3207.1,0.0,0.0,1,1,,,47,0,0,0,all_listed,,edfa08000_h26.xls
2014,竹材,（千束）,1177.6000000000001,num,1177.6,1177.6,0.0,0.0,1,1,,,47,0,0,0,all_listed,,edfa08000_h26.xls
2014,黒炭,(t),7833.200000000002,num,7833.2,7833.2,0.0,0.0,1,1,,,47,0,0,0,all_listed,,edfa08000_h26.xls
2015,えのきたけ,(t),131682.8,num,131682.8,131682.8,0.0,0.0,1,1,,,47,0,0,0,all_listed,,edfa08000_h27.xls
2015,くり,(t),16300.0,num,12503.0,12503.0,3797.0,0.23294,0,0,,unresolved,46,1,0,0,positive_only,,edfa08000_h27.xls
2015,くるみ,(t),171.0,num,171.0,171.0,0.0,0.0,1,1,,,47,0,0,0,all_listed,,edfa08000_h27.xls
2015,たけのこ,(t),28979.9,num,28979.9,28979.9,0.0,0.0,1,1,,,47,0,0,0,all_listed,,edfa08000_h27.xls
2015,なめこ,(t),22896.5,num,22896.5,22896.5,0.0,0.0,1,1,,,47,0,0,0,all_listed,,edfa08000_h27.xls
2015,まき,（層積立方メートル）,72493.1,num,72493.1,72493.1,0.0,0.0,1,1,,,47,0,0,0,all_listed,,edfa08000_h27.xls
2015,まつたけ,(t),70.89999999999998,num,70.9,70.9,-0.0,-0.0,1,1,,,47,0,0,0,all_listed,,edfa08000_h27.xls
2015,乾しいたけ,(t),2630.7,num,2630.7,2630.7,0.0,0.0,1,1,,,47,0,0,0,all_listed,,edfa08000_h27.xls
2015,木炭計,(t),10345.4,num,10345.4,10345.4,0.0,0.0,1,1,,,47,0,0,0,all_listed,,edfa08000_h27.xls
2015,生しいたけ,(t),68284.8,num,68284.8,68284.8,0.0,0.0,1,1,,,47,0,0,0,all_listed,,edfa08000_h27.xls
2015,白炭,(t),3182.6,num,3182.6,3182.6,0.0,0.0,1,1,,,47,0,0,0,all_listed,,edfa08000_h27.xls
2015,竹材,（千束）,1235.3000000000002,num,1235.3,1235.3,0.0,0.0,1,1,,,47,0,0,0,all_listed,,edfa08000_h27.xls
2015,黒炭,(t),7162.799999999998,num,7162.8,7162.8,-0.0,-0.0,1,1,,,47,0,0,0,all_listed,,edfa08000_h27.xls
2016,えのきたけ,(t),133297.4,num,133297.4,133297.4,0.0,0.0,1,1,,,47,0,0,0,all_listed,,edfa08000_h28.xls
2016,くり,(t),16500.0,num,12865.0,12865.0,3635.0,0.2203,0,0,,unresolved,17,30,0,0,positive_only,,edfa08000_h28.xls
2016,くるみ,(t),174.5,num,174.5,174.5,0.0,0.0,1,1,,,4,43,0,0,positive_only,,edfa08000_h28.xls
2016,たけのこ,(t),35592.0,num,35592.0,35592.0,0.0,0.0,1,1,,,44,3,0,0,positive_only,,edfa08000_h28.xls
2016,なめこ,(t),22934.699999999997,num,22934.7,22934.7,-0.0,-0.0,1,1,,,44,3,0,0,positive_only,,edfa08000_h28.xls
2016,まき,（層積立方メートル）,82584.0,num,82584.0,82584.0,0.0,0.0,1,1,,,31,16,0,0,positive_only,,edfa08000_h28.xls
2016,まつたけ,(t),69.4,num,69.4,69.4,0.0,0.0,1,1,,,21,26,0,0,positive_only,,edfa08000_h28.xls
2016,乾しいたけ,(t),2734.3999999999996,num,2734.4,2734.4,-0.0,-0.0,1,1,,,46,1,0,0,positive_only,,edfa08000_h28.xls
2016,木炭計,(t),10374.5,num,10374.5,10374.5,0.0,0.0,1,1,,,47,0,0,0,all_listed,,edfa08000_h28.xls
2016,生しいたけ,(t),69706.59999999999,num,69706.6,69706.6,-0.0,-0.0,1,1,,,47,0,0,0,all_listed,,edfa08000_h28.xls
2016,白炭,(t),3126.2,num,3126.2,3126.2,0.0,0.0,1,1,,,26,21,0,0,positive_only,,edfa08000_h28.xls
2016,竹材,（千束）,1272.2,num,1272.2,1272.2,0.0,0.0,1,1,,,27,20,0,0,positive_only,,edfa08000_h28.xls
2016,黒炭,(t),7248.300000000001,num,7248.3,7248.3,0.0,0.0,1,1,,,47,0,0,0,all_listed,,edfa08000_h28.xls
2017,えのきたけ,(t),135745.3,num,135745.3,135745.3,0.0,0.0,1,1,,,33,14,0,0,positive_only,,edfa08000_h29.xls
2017,くり,(t),18700.0,num,16091.0,16091.0,2609.0,0.13952,0,0,,unresolved,23,24,0,0,positive_only,,edfa08000_h29.xls
2017,くるみ,(t),151.2,num,151.2,151.2,0.0,0.0,1,1,,,4,43,0,0,positive_only,,edfa08000_h29.xls
2017,たけのこ,(t),23581.9,num,23581.9,23581.9,0.0,0.0,1,1,,,45,2,0,0,positive_only,,edfa08000_h29.xls
2017,なめこ,(t),23504.2,num,23504.2,23504.2,0.0,0.0,1,1,,,44,3,0,0,positive_only,,edfa08000_h29.xls
2017,まき,（層積立方メートル）,82838.8,num,82838.8,82838.8,0.0,0.0,1,1,,,32,15,0,0,positive_only,,edfa08000_h29.xls
2017,まつたけ,(t),18.2,num,18.2,18.2,0.0,0.0,1,1,,,21,26,0,0,positive_only,,edfa08000_h29.xls
2017,乾しいたけ,(t),2543.8,num,2543.8,2543.8,0.0,0.0,1,1,,,46,1,0,0,positive_only,,edfa08000_h29.xls
2017,木炭計,(t),9601.8,num,9601.8,9601.8,0.0,0.0,1,1,,,47,0,0,0,all_listed,,edfa08000_h29.xls
2017,生しいたけ,(t),69638.7,num,69638.7,69638.7,0.0,0.0,1,1,,,47,0,0,0,all_listed,,edfa08000_h29.xls
2017,白炭,(t),3238.7,num,3238.7,3238.7,0.0,0.0,1,1,,,27,20,0,0,positive_only,,edfa08000_h29.xls
2017,竹材,（千束）,1196.9,num,1196.9,1196.9,0.0,0.0,1,1,,,30,17,0,0,positive_only,,edfa08000_h29.xls
2017,黒炭,(t),6363.1,num,6363.1,6363.1,0.0,0.0,1,1,,,47,0,0,0,all_listed,,edfa08000_h29.xls
2018,えのきたけ,(t),140167.5,num,133842.4,133842.4,6325.1,0.04513,0,0,,suppression,17,17,13,0,positive_only,,edfa08000_h30.xls
2018,くり,(t),16500.0,num,14208.0,14208.0,2292.0,0.13891,0,0,,unresolved,23,24,0,0,positive_only,,edfa08000_h30.xls
2018,たけのこ,(t),25363.9,num,25363.9,25363.9,0.0,0.0,1,1,,,44,3,0,0,positive_only,,edfa08000_h30.xls
2018,なめこ,(t),23349.8,num,22708.7,22708.7,641.1,0.02746,0,0,,suppression,40,2,5,0,positive_only,,edfa08000_h30.xls
2018,まき,（層積立方メートル）,76659.8,num,76659.8,76659.8,0.0,0.0,1,1,,,31,16,0,0,positive_only,,edfa08000_h30.xls
2018,まつたけ,(t),63.3,num,62.9,62.9,0.4,0.00632,1,1,,,16,26,5,0,positive_only,,edfa08000_h30.xls
2018,乾しいたけ,(t),2634.6,num,2634.6,2634.6,0.0,0.0,1,1,,,45,2,0,0,positive_only,,edfa08000_h30.xls
2018,木炭計,(t),8742.2,num,8700.2,8700.2,42.0,0.0048,1,1,,,44,1,2,0,positive_only,,edfa08000_h30.xls
2018,生しいたけ,(t),70390.0,num,70390.0,70390.0,0.0,0.0,1,1,,,47,0,0,0,all_listed,,edfa08000_h30.xls
2018,白炭,(t),3066.7,num,3038.1,3038.1,28.6,0.00933,1,1,,,13,25,9,0,positive_only,,edfa08000_h30.xls
2018,竹材,（千束）,1143.3,num,1143.3,1143.3,0.0,0.0,1,1,,,25,22,0,0,positive_only,,edfa08000_h30.xls
2018,黒炭,(t),5675.5,num,4610.8,4610.8,1064.7,0.1876,0,0,,suppression,35,1,11,0,positive_only,,edfa08000_h30.xls
2019,えのきたけ,(t),129104.1,num,129104.1,129104.1,0.0,0.0,1,1,,,47,0,0,0,all_listed,,edfa08000_h31.xls
2019,くり,(t),15700.0,num,13534.0,13534.0,2166.0,0.13796,0,0,,unresolved,23,24,0,0,positive_only,,edfa08000_h31.xls
2019,くるみ,(t),,blank,0,0,,,,,,,0,0,0,0,unobserved,,edfa08000_h31.xls
2019,たけのこ,(t),22284.9,num,22284.9,22284.9,0.0,0.0,1,1,,,44,3,0,0,positive_only,,edfa08000_h31.xls
2019,なめこ,(t),23857.3,num,23857.3,23857.3,0.0,0.0,1,1,,,47,0,0,0,all_listed,,edfa08000_h31.xls
2019,まき,（層積立方メートル）,73738.5,num,73738.5,73738.5,0.0,0.0,1,1,,,35,12,0,0,positive_only,,edfa08000_h31.xls
2019,まつたけ,(t),14.3,num,13.9,13.9,0.4,0.02797,1,1,,,17,26,4,0,positive_only,,edfa08000_h31.xls
2019,乾しいたけ,(t),2414.4,num,2414.4,2414.4,0.0,0.0,1,1,,,47,0,0,0,all_listed,,edfa08000_h31.xls
2019,木炭計,(t),8389.6,num,8389.6,8389.6,0.0,0.0,1,1,,,47,0,0,0,all_listed,,edfa08000_h31.xls
2019,生しいたけ,(t),71111.90000000001,num,71111.9,71111.9,0.0,0.0,1,1,,,47,0,0,0,all_listed,,edfa08000_h31.xls
2019,白炭,(t),3157.4,num,3157.4,3157.4,0.0,0.0,1,1,,,47,0,0,0,all_listed,,edfa08000_h31.xls
2019,竹材,（千束）,1070.6,num,1070.6,1070.6,-0.0,-0.0,1,1,,,23,24,0,0,positive_only,,edfa08000_h31.xls
2019,黒炭,(t),5232.2,num,5232.2,5232.2,0.0,0.0,1,1,,,47,0,0,0,all_listed,,edfa08000_h31.xls
