assignment,is_actual,pre_mean,post_mean
宮城:1975|新潟:1977|山形:1978|山梨:1978|長野:1981|秋田:1982,1,0.20849932343354136,0.2292880987169058
宮城:1975|新潟:1977|山形:1978|山梨:1978|長野:1982|秋田:1981,0,0.3083389737876953,0.3209129315018649
宮城:1975|新潟:1977|山形:1978|山梨:1981|長野:1978|秋田:1982,0,0.1424468055120872,0.3679579124683713
宮城:1975|新潟:1977|山形:1978|山梨:1981|長野:1982|秋田:1978,0,0.30959150135958297,0.28208522546062137
宮城:1975|新潟:1977|山形:1978|山梨:1982|長野:1978|秋田:1981,0,0.2575420032944371,0.49359058646023596
宮城:1975|新潟:1977|山形:1978|山梨:1982|長野:1981|秋田:1978,0,0.3248470487877652,0.31609306666750603
宮城:1975|新潟:1977|山形:1981|山梨:1978|長野:1978|秋田:1982,0,-0.06575039081423195,0.15146591322235572
宮城:1975|新潟:1977|山形:1981|山梨:1978|長野:1982|秋田:1978,0,0.10139430503328994,0.06559322621461902
宮城:1975|新潟:1977|山形:1981|山梨:1982|長野:1978|秋田:1978,0,0.05059733454000389,0.2382708811729677
宮城:1975|新潟:1977|山形:1982|山梨:1978|長野:1978|秋田:1981,0,0.07173813219677096,0.2809926947436036
宮城:1975|新潟:1977|山形:1982|山梨:1978|長野:1981|秋田:1978,0,0.1390431776900986,0.10349517495087085
宮城:1975|新潟:1977|山形:1982|山梨:1981|長野:1978|秋田:1978,0,0.07299065976866811,0.24216498870236433
宮城:1975|新潟:1978|山形:1977|山梨:1978|長野:1981|秋田:1982,0,-0.07729697416799998,-0.03870763640180586
宮城:1975|新潟:1978|山形:1977|山梨:1978|長野:1982|秋田:1981,0,0.02254267618619672,0.05291719638320546
宮城:1975|新潟:1978|山形:1977|山梨:1981|長野:1978|秋田:1982,0,-0.1433494920894432,0.0999621773496837
宮城:1975|新潟:1978|山形:1977|山梨:1981|長野:1982|秋田:1978,0,0.023795203758081983,0.014089490341956456
宮城:1975|新潟:1978|山形:1977|山梨:1982|長野:1978|秋田:1981,0,-0.028254294307086366,0.22559485134155494
宮城:1975|新潟:1978|山形:1977|山梨:1982|長野:1981|秋田:1978,0,0.039050751186242495,0.04809733154881888
宮城:1975|新潟:1978|山形:1978|山梨:1977|長野:1981|秋田:1982,0,0.44881597686218067,0.446789943930967
宮城:1975|新潟:1978|山形:1978|山梨:1977|長野:1982|秋田:1981,0,0.5486556272163534,0.5384147767159506
宮城:1975|新潟:1978|山形:1978|山梨:1981|長野:1977|秋田:1982,0,0.21872137969276703,0.4699424269891899
宮城:1975|新潟:1978|山形:1978|山梨:1981|長野:1982|秋田:1977,0,0.5264341175169452,0.4706471127492753
宮城:1975|新潟:1978|山形:1978|山梨:1982|長野:1977|秋田:1981,0,0.3338165774751201,0.595575100981053
宮城:1975|新潟:1978|山形:1978|山梨:1982|長野:1981|秋田:1977,0,0.5416896649451157,0.5046549539561447
宮城:1975|新潟:1978|山形:1981|山梨:1977|長野:1978|秋田:1982,0,0.1745662626144297,0.36896775843644003
宮城:1975|新潟:1978|山形:1981|山梨:1977|長野:1982|秋田:1978,0,0.34171095846192995,0.28309507142869167
宮城:1975|新潟:1978|山形:1981|山梨:1978|長野:1977|秋田:1982,0,0.010524183366467576,0.253450427743183
宮城:1975|新潟:1978|山形:1981|山梨:1978|長野:1982|秋田:1977,0,0.31823692119063657,0.2541551135032636
宮城:1975|新潟:1978|山形:1981|山梨:1982|長野:1977|秋田:1978,0,0.1268719087207091,0.3402553956938041
宮城:1975|新潟:1978|山形:1981|山梨:1982|長野:1978|秋田:1977,0,0.26743995069736964,0.4268327684616228
宮城:1975|新潟:1978|山形:1982|山梨:1977|長野:1978|秋田:1981,0,0.31205478562541666,0.49849453995767645
宮城:1975|新潟:1978|山形:1982|山梨:1977|長野:1981|秋田:1978,0,0.37935983111875987,0.32099702016495923
宮城:1975|新潟:1978|山形:1982|山梨:1978|長野:1977|秋田:1981,0,0.1480127063774534,0.3829772092644228
宮城:1975|新潟:1978|山形:1982|山梨:1978|長野:1981|秋田:1977,0,0.3558857938474655,0.29205706223951994
宮城:1975|新潟:1978|山形:1982|山梨:1981|長野:1977|秋田:1978,0,0.14926523394935884,0.34414950322318894
宮城:1975|新潟:1978|山形:1982|山梨:1981|長野:1978|秋田:1977,0,0.289833275926024,0.4307268759910079
宮城:1975|新潟:1981|山形:1977|山梨:1978|長野:1978|秋田:1982,0,-0.39561701914480746,-0.25741278447885574
宮城:1975|新潟:1981|山形:1977|山梨:1978|長野:1982|秋田:1978,0,-0.22847232329728398,-0.3432854714865802
宮城:1975|新潟:1981|山形:1977|山梨:1982|長野:1978|秋田:1978,0,-0.2792692937905645,-0.17060781652823134
宮城:1975|新潟:1981|山形:1978|山梨:1977|長野:1978|秋田:1982,0,0.13049593188538505,0.22808479585392033
宮城:1975|新潟:1981|山形:1978|山梨:1977|長野:1982|秋田:1978,0,0.2976406277328932,0.14221210884618496
宮城:1975|新潟:1981|山形:1978|山梨:1978|長野:1977|秋田:1982,0,-0.033546147362586716,0.11256746516065656
宮城:1975|新潟:1981|山形:1978|山梨:1978|長野:1982|秋田:1977,0,0.27416659046158715,0.11327215092073811
宮城:1975|新潟:1981|山形:1978|山梨:1982|長野:1977|秋田:1978,0,0.08280157799164574,0.19937243311127517
宮城:1975|新潟:1981|山形:1978|山梨:1982|長野:1978|秋田:1977,0,0.22336961996831858,0.2859498058791026
宮城:1975|新潟:1981|山形:1982|山梨:1977|長野:1978|秋田:1978,0,0.06103978614194801,0.10229187208790248
宮城:1975|新潟:1981|山形:1982|山梨:1978|長野:1977|秋田:1978,0,-0.10300229310599318,-0.013225458605331662
宮城:1975|新潟:1981|山形:1982|山梨:1978|長野:1978|秋田:1977,0,0.0375657488706567,0.07335191416247776
宮城:1975|新潟:1982|山形:1977|山梨:1978|長野:1978|秋田:1981,0,-0.14722407695271844,-0.025956085484560368
宮城:1975|新潟:1982|山形:1977|山梨:1978|長野:1981|秋田:1978,0,-0.07991903145938521,-0.20345360527728573
宮城:1975|新潟:1982|山形:1977|山梨:1981|長野:1978|秋田:1978,0,-0.14597154938082185,-0.06478379152579539
宮城:1975|新潟:1982|山形:1978|山梨:1977|長野:1978|秋田:1981,0,0.37888887407747174,0.4595414948482135
宮城:1975|新潟:1982|山形:1978|山梨:1977|長野:1981|秋田:1978,0,0.4461939195707952,0.282043975055475
宮城:1975|新潟:1982|山形:1978|山梨:1978|長野:1977|秋田:1981,0,0.2148467948294892,0.3440241641549441
宮城:1975|新潟:1982|山形:1978|山梨:1978|長野:1981|秋田:1977,0,0.4227198822994892,0.2531040171300348
宮城:1975|新潟:1982|山形:1978|山梨:1981|長野:1977|秋田:1978,0,0.21609932240137816,0.30519645811369683
宮城:1975|新潟:1982|山形:1978|山梨:1981|長野:1978|秋田:1977,0,0.3566673643780506,0.39177383088152573
宮城:1975|新潟:1982|山形:1981|山梨:1977|長野:1978|秋田:1978,0,0.17194420532302607,0.20422178956094272
宮城:1975|新潟:1982|山形:1981|山梨:1978|長野:1977|秋田:1978,0,0.007902126075070811,0.08870445886768895
宮城:1975|新潟:1982|山形:1981|山梨:1978|長野:1978|秋田:1977,0,0.14847016805174112,0.17528183163551794
宮城:1977|新潟:1975|山形:1978|山梨:1978|長野:1981|秋田:1982,0,0.010057174670195521,0.2567605136240099
宮城:1977|新潟:1975|山形:1978|山梨:1978|長野:1982|秋田:1981,0,0.10989682502436492,0.34838534640899316
宮城:1977|新潟:1975|山形:1978|山梨:1981|長野:1978|秋田:1982,0,-0.055995343251244716,0.39543032737549844
宮城:1977|新潟:1975|山形:1978|山梨:1981|長野:1982|秋田:1978,0,0.11114935259625701,0.30955764036774636
宮城:1977|新潟:1975|山形:1978|山梨:1982|長野:1978|秋田:1981,0,0.059099854531111724,0.5210630013673595
宮城:1977|新潟:1975|山形:1978|山梨:1982|長野:1981|秋田:1978,0,0.12640490002443536,0.34356548157462447
宮城:1977|新潟:1975|山形:1981|山梨:1978|長野:1978|秋田:1982,0,-0.2641925395775531,0.17893832812949018
宮城:1977|新潟:1975|山形:1981|山梨:1978|長野:1982|秋田:1978,0,-0.09704784373005536,0.09306564112173282
宮城:1977|新潟:1975|山形:1981|山梨:1982|長野:1978|秋田:1978,0,-0.14784481422331555,0.2657432960801008
宮城:1977|新潟:1975|山形:1982|山梨:1978|長野:1978|秋田:1981,0,-0.12670401656655678,0.30846510965073143
宮城:1977|新潟:1975|山形:1982|山梨:1978|長野:1981|秋田:1978,0,-0.059398971073231666,0.13096758985799883
宮城:1977|新潟:1975|山形:1982|山梨:1981|長野:1978|秋田:1978,0,-0.12545148899466582,0.26963740360948363
宮城:1977|新潟:1978|山形:1975|山梨:1978|長野:1981|秋田:1982,0,0.32062662985527185,0.5537042110664961
宮城:1977|新潟:1978|山形:1975|山梨:1978|長野:1982|秋田:1981,0,0.42046628020945714,0.6453290438514909
宮城:1977|新潟:1978|山形:1975|山梨:1981|長野:1978|秋田:1982,0,0.2545741119338462,0.6923740248179946
宮城:1977|新潟:1978|山形:1975|山梨:1981|長野:1982|秋田:1978,0,0.4217188077813356,0.606501337810236
宮城:1977|新潟:1978|山形:1975|山梨:1982|長野:1978|秋田:1981,0,0.36966930971618966,0.8180066988098563
宮城:1977|新潟:1978|山形:1975|山梨:1982|長野:1981|秋田:1978,0,0.43697435520951305,0.640509179017116
宮城:1977|新潟:1978|山形:1978|山梨:1975|長野:1981|秋田:1982,0,0.4028812142806158,0.46962623490956584
宮城:1977|新潟:1978|山形:1978|山梨:1975|長野:1982|秋田:1981,0,0.5027208646347793,0.5612510676945488
宮城:1977|新潟:1978|山形:1978|山梨:1981|長野:1975|秋田:1982,0,0.05912251101327935,0.5089860849391082
宮城:1977|新潟:1978|山形:1978|山梨:1981|長野:1982|秋田:1975,0,0.6126098493212194,0.6374466141291902
宮城:1977|新潟:1978|山形:1978|山梨:1982|長野:1975|秋田:1981,0,0.17421770879563048,0.6346187589309773
宮城:1977|新潟:1978|山形:1978|山梨:1982|長野:1981|秋田:1975,0,0.6278653967494013,0.6714544553360632
宮城:1977|新潟:1978|山形:1981|山梨:1975|長野:1978|秋田:1982,0,0.1286315000328552,0.39180404941504055
宮城:1977|新潟:1978|山形:1981|山梨:1975|長野:1982|秋田:1978,0,0.2957761958803613,0.30593136240728935
宮城:1977|新潟:1978|山形:1981|山梨:1978|長野:1975|秋田:1982,0,-0.14907468531305404,0.29249408569307805
宮城:1977|新潟:1978|山形:1981|山梨:1978|長野:1982|秋田:1975,0,0.4044126529949127,0.42095461488318225
宮城:1977|新潟:1978|山形:1981|山梨:1982|長野:1975|秋田:1978,0,-0.03272695995879057,0.37929905364371935
宮城:1977|新潟:1978|山形:1981|山梨:1982|長野:1978|秋田:1975,0,0.353615682501642,0.5936322698415415
宮城:1977|新潟:1978|山形:1982|山梨:1975|長野:1978|秋田:1981,0,0.2661200230438745,0.5213308309363057
宮城:1977|新潟:1978|山形:1982|山梨:1975|長野:1981|秋田:1978,0,0.3334250685371871,0.3438333111435542
宮城:1977|新潟:1978|山形:1982|山梨:1978|長野:1975|秋田:1981,0,-0.011586162302048505,0.4220208672143333
宮城:1977|新潟:1978|山形:1982|山梨:1978|長野:1981|秋田:1975,0,0.4420615256517334,0.458856563619428
宮城:1977|新潟:1978|山形:1982|山梨:1981|長野:1975|秋田:1978,0,-0.010333634730146498,0.3831931611730969
宮城:1977|新潟:1978|山形:1982|山梨:1981|長野:1978|秋田:1975,0,0.37600900773029994,0.5975263773709242
宮城:1977|新潟:1981|山形:1975|山梨:1978|長野:1978|秋田:1982,0,0.0023065848784768633,0.3349990629894567
宮城:1977|新潟:1981|山形:1975|山梨:1978|長野:1982|秋田:1978,0,0.16945128072598106,0.24912637598171566
宮城:1977|新潟:1981|山形:1975|山梨:1982|長野:1978|秋田:1978,0,0.11865431023271185,0.42180403094006885
宮城:1977|新潟:1981|山形:1978|山梨:1975|長野:1978|秋田:1982,0,0.08456116930381374,0.25092108683252623
宮城:1977|新潟:1981|山形:1978|山梨:1975|長野:1982|秋田:1978,0,0.25170586515131815,0.16504839982478356
宮城:1977|新潟:1981|山形:1978|山梨:1978|長野:1975|秋田:1982,0,-0.19314501604208725,0.15161112311057187
宮城:1977|新潟:1981|山形:1978|山梨:1978|長野:1982|秋田:1975,0,0.36034232226586577,0.2800716523006615
宮城:1977|新潟:1981|山形:1978|山梨:1982|長野:1975|秋田:1978,0,-0.07679729068784936,0.23841609106118614
宮城:1977|新潟:1981|山形:1978|山梨:1982|長野:1978|秋田:1975,0,0.30954535177260595,0.4527493072590269
宮城:1977|新潟:1981|山形:1982|山梨:1975|長野:1978|秋田:1978,0,0.015105023560396903,0.12512816306651808
宮城:1977|新潟:1981|山形:1982|山梨:1978|長野:1975|秋田:1978,0,-0.2626011617855035,0.025818199344570792
宮城:1977|新潟:1981|山形:1982|山梨:1978|長野:1978|秋田:1975,0,0.12374148067492316,0.24015141554238426
宮城:1977|新潟:1982|山形:1975|山梨:1978|長野:1978|秋田:1981,0,0.2506995270705544,0.5664557619837374
宮城:1977|新潟:1982|山形:1975|山梨:1978|長野:1981|秋田:1978,0,0.3180045725638828,0.3889582421910049
宮城:1977|新潟:1982|山形:1975|山梨:1981|長野:1978|秋田:1978,0,0.2519520546424496,0.5276280559425015
宮城:1977|新潟:1982|山形:1978|山梨:1975|長野:1978|秋田:1981,0,0.3329541114959126,0.48237778582683083
宮城:1977|新潟:1982|山形:1978|山梨:1975|長野:1981|秋田:1978,0,0.4002591569892252,0.30488026603408297
宮城:1977|新潟:1982|山形:1978|山梨:1978|長野:1975|秋田:1981,0,0.05524792614999878,0.38306782210486096
宮城:1977|新潟:1982|山形:1978|山梨:1978|長野:1981|秋田:1975,0,0.5088956141037632,0.4199035185099524
宮城:1977|新潟:1982|山形:1978|山梨:1981|長野:1975|秋田:1978,0,0.05650045372189117,0.34424011606362603
宮城:1977|新潟:1982|山形:1978|山梨:1981|長野:1978|秋田:1975,0,0.4428430961823369,0.5585733322614583
宮城:1977|新潟:1982|山形:1981|山梨:1975|長野:1978|秋田:1978,0,0.1260094427414681,0.22705808053955542
宮城:1977|新潟:1982|山形:1981|山梨:1978|長野:1975|秋田:1978,0,-0.15169674260443916,0.12774811681759282
宮城:1977|新潟:1982|山形:1981|山梨:1978|長野:1978|秋田:1975,0,0.23464589985601791,0.3420813330154362
宮城:1978|新潟:1975|山形:1977|山梨:1978|長野:1981|秋田:1982,0,-0.5262308430907667,-0.17381627809608
宮城:1978|新潟:1975|山形:1977|山梨:1978|長野:1982|秋田:1981,0,-0.4263911927366017,-0.0821914453111031
宮城:1978|新潟:1975|山形:1977|山梨:1981|長野:1978|秋田:1982,0,-0.5922833610122286,-0.03514646434462112
宮城:1978|新潟:1975|山形:1977|山梨:1981|長野:1982|秋田:1978,0,-0.42513866516471754,-0.1210191513523553
宮城:1978|新潟:1975|山形:1977|山梨:1982|長野:1978|秋田:1981,0,-0.47718816322987045,0.0904862096472534
宮城:1978|新潟:1975|山形:1977|山梨:1982|長野:1981|秋田:1978,0,-0.40988311773654523,-0.08701131014548741
宮城:1978|新潟:1975|山形:1978|山梨:1977|長野:1981|秋田:1982,0,-0.00011789206062034643,0.31168130223665164
宮城:1978|新潟:1975|山形:1978|山梨:1977|長野:1982|秋田:1981,0,0.09972175829355863,0.4033061350216458
宮城:1978|新潟:1975|山形:1978|山梨:1981|長野:1977|秋田:1982,0,-0.23021248923001844,0.33483378529488356
宮城:1978|新潟:1975|山形:1978|山梨:1981|長野:1982|秋田:1977,0,0.0775002485941622,0.33553847105496915
宮城:1978|新潟:1975|山形:1978|山梨:1982|長野:1977|秋田:1981,0,-0.11511729144767434,0.46046645928674385
宮城:1978|新潟:1975|山形:1978|山梨:1982|長野:1981|秋田:1977,0,0.09275579602231972,0.36954631226182744
宮城:1978|新潟:1975|山形:1981|山梨:1977|長野:1978|秋田:1982,0,-0.2743676063083679,0.23385911674212673
宮城:1978|新潟:1975|山形:1981|山梨:1977|長野:1982|秋田:1978,0,-0.10722291046085829,0.14798642973438436
宮城:1978|新潟:1975|山形:1981|山梨:1978|長野:1977|秋田:1982,0,-0.43840968555632115,0.11834178604887123
宮城:1978|新潟:1975|山形:1981|山梨:1978|長野:1982|秋田:1977,0,-0.1306969477321544,0.11904647180895202
宮城:1978|新潟:1975|山形:1981|山梨:1982|長野:1977|秋田:1978,0,-0.3220619602020904,0.20514675399949134
宮城:1978|新潟:1975|山形:1981|山梨:1982|長野:1978|秋田:1977,0,-0.1814939182254183,0.2917241267673136
宮城:1978|新潟:1975|山形:1982|山梨:1977|長野:1978|秋田:1981,0,-0.13687908329737683,0.36338589826336704
宮城:1978|新潟:1975|山形:1982|山梨:1977|長野:1981|秋田:1978,0,-0.06957403780402845,0.18588837847065068
宮城:1978|新潟:1975|山形:1982|山梨:1978|長野:1977|秋田:1981,0,-0.30092116254533546,0.24786856757011497
宮城:1978|新潟:1975|山形:1982|山梨:1978|長野:1981|秋田:1977,0,-0.09304807507532521,0.1569484205452143
宮城:1978|新潟:1975|山形:1982|山梨:1981|長野:1977|秋田:1978,0,-0.2996686349734338,0.209040861528869
宮城:1978|新潟:1975|山形:1982|山梨:1981|長野:1978|秋田:1977,0,-0.15910059299676899,0.2956182342966978
宮城:1978|新潟:1977|山形:1975|山梨:1978|長野:1981|秋田:1982,0,0.07013490969580767,0.39112315446505536
宮城:1978|新潟:1977|山形:1975|山梨:1978|長野:1982|秋田:1981,0,0.16997456004998587,0.48274798725005036
宮城:1978|新潟:1977|山形:1975|山梨:1981|長野:1978|秋田:1982,0,0.0040823917743682036,0.5297929682165476
宮城:1978|新潟:1977|山形:1975|山梨:1981|長野:1982|秋田:1978,0,0.17122708762188282,0.4439202812088104
宮城:1978|新潟:1977|山形:1975|山梨:1982|長野:1978|秋田:1981,0,0.11917758955672185,0.6554256422084119
宮城:1978|新潟:1977|山形:1975|山梨:1982|長野:1981|秋田:1978,0,0.18648263505004764,0.47792812241567195
宮城:1978|新潟:1977|山形:1978|山梨:1975|長野:1981|秋田:1982,0,0.15238949412115113,0.307045178308142
宮城:1978|新潟:1977|山形:1978|山梨:1975|長野:1982|秋田:1981,0,0.2522291444753331,0.3986700110931316
宮城:1978|新潟:1977|山形:1978|山梨:1981|長野:1975|秋田:1982,0,-0.19136920914618824,0.34640502833767084
宮城:1978|新潟:1977|山形:1978|山梨:1981|長野:1982|秋田:1975,0,0.3621181291617662,0.47486555752776044
宮城:1978|新潟:1977|山形:1978|山梨:1982|長野:1975|秋田:1981,0,-0.07627401136384382,0.4720377023295281
宮城:1978|新潟:1977|山形:1978|山梨:1982|長野:1981|秋田:1975,0,0.37737367658993487,0.5088733987346269
宮城:1978|新潟:1977|山形:1981|山梨:1975|長野:1978|秋田:1982,0,-0.12186022012660716,0.22922299281359929
宮城:1978|新潟:1977|山形:1981|山梨:1975|長野:1982|秋田:1978,0,0.045284475720892815,0.1433503058058626
宮城:1978|新潟:1977|山形:1981|山梨:1978|長野:1975|秋田:1982,0,-0.39956640547250916,0.12991302909165048
宮城:1978|新潟:1977|山形:1981|山梨:1978|長野:1982|秋田:1975,0,0.15392093283544844,0.25837355828173736
宮城:1978|新潟:1977|山形:1981|山梨:1982|長野:1975|秋田:1978,0,-0.28321868011826173,0.2167179970422775
宮城:1978|新潟:1977|山形:1981|山梨:1982|長野:1978|秋田:1975,0,0.10312396234219334,0.43105121324011547
宮城:1978|新潟:1977|山形:1982|山梨:1975|長野:1978|秋田:1981,0,0.015628302884398447,0.3587497743348536
宮城:1978|新潟:1977|山形:1982|山梨:1975|長野:1981|秋田:1978,0,0.08293334837773246,0.18125225454212532
宮城:1978|新潟:1977|山形:1982|山梨:1978|長野:1975|秋田:1981,0,-0.26207788246150826,0.2594398106128959
宮城:1978|新潟:1977|山形:1982|山梨:1978|長野:1981|秋田:1975,0,0.19156980549227348,0.29627550701799643
宮城:1978|新潟:1977|山形:1982|山梨:1981|長野:1975|秋田:1978,0,-0.26082535488960473,0.22061210457165992
宮城:1978|新潟:1977|山形:1982|山梨:1981|長野:1978|秋田:1975,0,0.12551728757084055,0.4349453207694964
宮城:1978|新潟:1978|山形:1975|山梨:1977|長野:1981|秋田:1982,0,0.3104515631244706,0.6086249996791416
宮城:1978|新潟:1978|山形:1975|山梨:1977|長野:1982|秋田:1981,0,0.4102912134786472,0.7002498324641282
宮城:1978|新潟:1978|山形:1975|山梨:1981|長野:1977|秋田:1982,0,0.08035696595506157,0.6317774827373713
宮城:1978|新潟:1978|山形:1975|山梨:1981|長野:1982|秋田:1977,0,0.38806970377923167,0.6324821684974508
宮城:1978|新潟:1978|山形:1975|山梨:1982|長野:1977|秋田:1981,0,0.19545216373741423,0.7574101567292377
宮城:1978|新潟:1978|山形:1975|山梨:1982|長野:1981|秋田:1977,0,0.4033252512074097,0.6664900097043257
宮城:1978|新潟:1978|山形:1977|山梨:1975|長野:1981|秋田:1982,0,-0.13340680348035708,0.039049443189469346
宮城:1978|新潟:1978|山形:1977|山梨:1975|長野:1982|秋田:1981,0,-0.03356715312619492,0.1306742759744416
宮城:1978|新潟:1978|山形:1977|山梨:1981|長野:1975|秋田:1982,0,-0.477165506747705,0.07840929321899671
宮城:1978|新潟:1978|山形:1977|山梨:1981|長野:1982|秋田:1975,0,0.07632183156024697,0.2068698224090797
宮城:1978|新潟:1978|山形:1977|山梨:1982|長野:1975|秋田:1981,0,-0.3620703089653597,0.20404196721085485
宮城:1978|新潟:1978|山形:1977|山梨:1982|長野:1981|秋田:1975,0,0.09157737898840733,0.24087766361594334
宮城:1978|新潟:1978|山形:1981|山梨:1975|長野:1977|秋田:1982,0,-0.04558564594591409,0.3312075073344312
宮城:1978|新潟:1978|山形:1981|山梨:1975|長野:1982|秋田:1977,0,0.2621270918782622,0.33191219309451087
宮城:1978|新潟:1978|山形:1981|山梨:1977|長野:1975|秋田:1982,0,-0.159249752043855,0.347414874305731
宮城:1978|新潟:1978|山形:1981|山梨:1977|長野:1982|秋田:1975,0,0.3942375862641012,0.4758754034958221
宮城:1978|新潟:1978|山形:1981|山梨:1982|長野:1975|秋田:1977,0,-0.06637606396090975,0.40527988433091644
宮城:1978|新潟:1978|山形:1981|山梨:1982|長野:1977|秋田:1975,0,0.17939853652287444,0.5330357277609272
宮城:1978|新潟:1978|山形:1982|山梨:1975|長野:1977|秋田:1981,0,0.091902877065098,0.4607342888556883
宮城:1978|新潟:1978|山形:1982|山梨:1975|長野:1981|秋田:1977,0,0.2997759645350782,0.3698141418307575
宮城:1978|新潟:1978|山形:1982|山梨:1977|長野:1975|秋田:1981,0,-0.021761229032849168,0.47694165582698567
宮城:1978|新潟:1978|山形:1982|山梨:1977|長野:1981|秋田:1975,0,0.431886458920923,0.5137773522320747
宮城:1978|新潟:1978|山形:1982|山梨:1981|長野:1975|秋田:1977,0,-0.043982738732245674,0.40917399186031067
宮城:1978|新潟:1978|山形:1982|山梨:1981|長野:1977|秋田:1975,0,0.20179186175151936,0.5369298352903054
宮城:1978|新潟:1981|山形:1975|山梨:1977|長野:1978|秋田:1982,0,-0.007868481852327762,0.3899198516020993
宮城:1978|新潟:1981|山形:1975|山梨:1977|長野:1982|秋田:1978,0,0.1592762139951745,0.3040471645943558
宮城:1978|新潟:1981|山形:1975|山梨:1978|長野:1977|秋田:1982,0,-0.17191056110029468,0.2744025209088375
宮城:1978|新潟:1981|山形:1975|山梨:1978|長野:1982|秋田:1977,0,0.13580217672387562,0.2751072066689159
宮城:1978|新潟:1981|山形:1975|山梨:1982|長野:1977|秋田:1978,0,-0.0555628357460762,0.3612074888594448
宮城:1978|新潟:1981|山形:1975|山梨:1982|長野:1978|秋田:1977,0,0.08500520623061512,0.447784861627286
宮城:1978|新潟:1981|山形:1977|山梨:1975|長野:1978|秋田:1982,0,-0.45172684845716876,-0.17965570488758448
宮城:1978|新潟:1981|山形:1977|山梨:1975|長野:1982|秋田:1978,0,-0.2845821526096563,-0.2655283918953204
宮城:1978|新潟:1981|山形:1977|山梨:1978|長野:1975|秋田:1982,0,-0.7294330338030657,-0.2789656686095364
宮城:1978|新潟:1981|山形:1977|山梨:1978|長野:1982|秋田:1975,0,-0.17594569549511188,-0.1505051394194523
宮城:1978|新潟:1981|山形:1977|山梨:1982|長野:1975|秋田:1978,0,-0.6130853084488266,-0.1921607006589218
宮城:1978|新潟:1981|山形:1977|山梨:1982|長野:1978|秋田:1975,0,-0.22674266598837964,0.022172515538908304
宮城:1978|新潟:1981|山形:1978|山梨:1975|長野:1977|秋田:1982,0,-0.08965597667496081,0.1903245447519148
宮城:1978|新潟:1981|山形:1978|山梨:1975|長野:1982|秋田:1977,0,0.2180567611492101,0.19102923051199266
宮城:1978|新潟:1981|山形:1978|山梨:1977|長野:1975|秋田:1982,0,-0.20332008277289246,0.20653191172321497
宮城:1978|新潟:1981|山形:1978|山梨:1977|長野:1982|秋田:1975,0,0.3501672555350551,0.33499244091330255
宮城:1978|新潟:1981|山形:1978|山梨:1982|長野:1975|秋田:1977,0,-0.11044639468996309,0.2643969217483963
宮城:1978|新潟:1981|山形:1978|山梨:1982|長野:1977|秋田:1975,0,0.13532820579382138,0.3921527651784084
宮城:1978|新潟:1981|山形:1982|山梨:1975|長野:1977|秋田:1978,0,-0.15911212241838754,0.06453162098589404
宮城:1978|新潟:1981|山形:1982|山梨:1975|長野:1978|秋田:1977,0,-0.018544080441705826,0.15110899375373432
宮城:1978|新潟:1981|山形:1982|山梨:1977|長野:1975|秋田:1978,0,-0.27277622851632366,0.08073898795720451
宮城:1978|新潟:1981|山形:1982|山梨:1977|長野:1978|秋田:1975,0,0.11356641394413404,0.2950722041550481
宮城:1978|新潟:1981|山形:1982|山梨:1978|長野:1975|秋田:1977,0,-0.2962502657876138,0.05179903003177023
宮城:1978|新潟:1981|山形:1982|山梨:1978|長野:1977|秋田:1975,0,-0.05047566530384151,0.17955487346177998
宮城:1978|新潟:1982|山形:1975|山梨:1977|長野:1978|秋田:1981,0,0.24052446033974245,0.6213765505963775
宮城:1978|新潟:1982|山形:1975|山梨:1977|長野:1981|秋田:1978,0,0.3078295058330827,0.44387903080365765
宮城:1978|新潟:1982|山形:1975|山梨:1978|長野:1977|秋田:1981,0,0.07648238109177831,0.5058592199031205
宮城:1978|新潟:1982|山形:1975|山梨:1978|長野:1981|秋田:1977,0,0.28435546856177474,0.41493907287821047
宮城:1978|新潟:1982|山形:1975|山梨:1981|長野:1977|秋田:1978,0,0.07773490866366627,0.46703151386187614
宮城:1978|新潟:1982|山形:1975|山梨:1981|長野:1978|秋田:1977,0,0.21830295064034025,0.5536088866297035
宮城:1978|新潟:1982|山形:1977|山梨:1975|長野:1978|秋田:1981,0,-0.20333390626508469,0.05180099410670338
宮城:1978|新潟:1982|山形:1977|山梨:1975|長野:1981|秋田:1978,0,-0.13602886077175685,-0.12569652568603365
宮城:1978|新潟:1982|山形:1977|山梨:1978|長野:1975|秋田:1981,0,-0.4810400916109861,-0.0475089696152485
宮城:1978|新潟:1982|山形:1977|山梨:1978|長野:1981|秋田:1975,0,-0.027392403657203624,-0.010673273210148689
宮城:1978|新潟:1982|山形:1977|山梨:1981|長野:1975|秋田:1978,0,-0.4797875640390935,-0.08633667565649797
宮城:1978|新潟:1982|山形:1977|山梨:1981|長野:1978|秋田:1975,0,-0.09344492157863997,0.12799654054134188
宮城:1978|新潟:1982|山形:1978|山梨:1975|長野:1977|秋田:1981,0,0.15873696551713137,0.4217812437462134
宮城:1978|新潟:1982|山形:1978|山梨:1975|長野:1981|秋田:1977,0,0.36661005298711674,0.33086109672129616
宮城:1978|新潟:1982|山形:1978|山梨:1977|長野:1975|秋田:1981,0,0.04507285941919203,0.4379886107175167
宮城:1978|新潟:1982|山形:1978|山梨:1977|長野:1981|秋田:1975,0,0.498720547372958,0.47482430712260015
宮城:1978|新潟:1982|山形:1978|山梨:1981|長野:1975|秋田:1977,0,0.022851349719788774,0.37022094675083195
宮城:1978|新潟:1982|山形:1978|山梨:1981|長野:1977|秋田:1975,0,0.2686259502035645,0.4979767901808351
宮城:1978|新潟:1982|山形:1981|山梨:1975|長野:1977|秋田:1978,0,-0.048207703237298206,0.166461538458946
宮城:1978|新潟:1982|山形:1981|山梨:1975|長野:1978|秋田:1977,0,0.09236033873936984,0.2530389112267695
宮城:1978|新潟:1982|山形:1981|山梨:1977|長野:1975|秋田:1978,0,-0.16187180933522924,0.18266890543025208
宮城:1978|新潟:1982|山形:1981|山梨:1977|長野:1978|秋田:1975,0,0.22447083312521254,0.3970021216280821
宮城:1978|新潟:1982|山形:1981|山梨:1978|長野:1975|秋田:1977,0,-0.18534584660653053,0.15372894750481203
宮城:1978|新潟:1982|山形:1981|山梨:1978|長野:1977|秋田:1975,0,0.06042875387723746,0.28148479093481266
宮城:1981|新潟:1975|山形:1977|山梨:1978|長野:1978|秋田:1982,0,-0.8806361465892698,-0.12506542819595845
宮城:1981|新潟:1975|山形:1977|山梨:1978|長野:1982|秋田:1978,0,-0.7134914507417509,-0.21093811520369377
宮城:1981|新潟:1975|山形:1977|山梨:1982|長野:1978|秋田:1978,0,-0.7642884212350153,-0.038260460245321475
宮城:1981|新潟:1975|山形:1978|山梨:1977|長野:1978|秋田:1982,0,-0.3545231955590955,0.3604321521368012
宮城:1981|新潟:1975|山形:1978|山梨:1977|長野:1982|秋田:1978,0,-0.18737849971159254,0.2745594651290563
宮城:1981|新潟:1975|山形:1978|山梨:1978|長野:1977|秋田:1982,0,-0.5185652748070562,0.24491482144354926
宮城:1981|新潟:1975|山形:1978|山梨:1978|長野:1982|秋田:1977,0,-0.2108525369828762,0.24561950720363568
宮城:1981|新潟:1975|山形:1978|山梨:1982|長野:1977|秋田:1978,0,-0.4022175494528129,0.33171978939417096
宮城:1981|新潟:1975|山形:1978|山梨:1982|長野:1978|秋田:1977,0,-0.26164950747615406,0.41829716216199025
宮城:1981|新潟:1975|山形:1982|山梨:1977|長野:1978|秋田:1978,0,-0.4239793413025089,0.2346392283708014
宮城:1981|新潟:1975|山形:1982|山梨:1978|長野:1977|秋田:1978,0,-0.5880214205504776,0.11912189767752944
宮城:1981|新潟:1975|山形:1982|山梨:1978|長野:1978|秋田:1977,0,-0.4474533785738081,0.20569927044535985
宮城:1981|新潟:1977|山形:1975|山梨:1978|長野:1978|秋田:1982,0,-0.28427039380267166,0.43987400436520335
宮城:1981|新潟:1977|山形:1975|山梨:1978|長野:1982|秋田:1978,0,-0.11712569795515826,0.35400131735746976
宮城:1981|新潟:1977|山形:1975|山梨:1982|長野:1978|秋田:1978,0,-0.16792266844842582,0.5266789723158369
宮城:1981|新潟:1977|山形:1978|山梨:1975|長野:1978|秋田:1982,0,-0.20201580937733601,0.3557960282082816
宮城:1981|新潟:1977|山形:1978|山梨:1975|長野:1982|秋田:1978,0,-0.03487111352982708,0.2699233412005372
宮城:1981|新潟:1977|山形:1978|山梨:1978|長野:1975|秋田:1982,0,-0.4797219947232386,0.2564860644863227
宮城:1981|新潟:1977|山形:1978|山梨:1978|長野:1982|秋田:1975,0,0.07376534358472088,0.38494659367642065
宮城:1981|新潟:1977|山形:1978|山梨:1982|長野:1975|秋田:1978,0,-0.36337426936898076,0.3432910324369598
宮城:1981|新潟:1977|山形:1978|山梨:1982|長野:1978|秋田:1975,0,0.0229683730914441,0.5576242486347744
宮城:1981|新潟:1977|山形:1982|山梨:1975|長野:1978|秋田:1978,0,-0.2714719551207544,0.2300031044422741
宮城:1981|新潟:1977|山形:1982|山梨:1978|長野:1975|秋田:1978,0,-0.5491781404666455,0.13069314072032467
宮城:1981|新潟:1977|山形:1982|山梨:1978|長野:1978|秋田:1975,0,-0.16283549800620048,0.3450263569181545
宮城:1981|新潟:1978|山形:1975|山梨:1977|長野:1978|秋田:1982,0,-0.04395374037401361,0.6573758495792855
宮城:1981|新潟:1978|山形:1975|山梨:1977|長野:1982|秋田:1978,0,0.12319095547349553,0.5715031625715481
宮城:1981|新潟:1978|山形:1975|山梨:1978|長野:1977|秋田:1982,0,-0.20799581962197175,0.5418585188860354
宮城:1981|新潟:1978|山形:1975|山梨:1978|長野:1982|秋田:1977,0,0.09971691820219857,0.5425632046461116
宮城:1981|新潟:1978|山形:1975|山梨:1982|長野:1977|秋田:1978,0,-0.09164809426773912,0.6286634868366483
宮城:1981|新潟:1978|山形:1975|山梨:1982|長野:1978|秋田:1977,0,0.04891994770892315,0.7152408596044695
宮城:1981|新潟:1978|山形:1977|山梨:1975|長野:1978|秋田:1982,0,-0.487812106978847,0.08780029308960802
宮城:1981|新潟:1978|山形:1977|山梨:1975|長野:1982|秋田:1978,0,-0.3206674111313344,0.0019276060818694415
宮城:1981|新潟:1978|山形:1977|山梨:1978|長野:1975|秋田:1982,0,-0.7655182923247441,-0.011509670632351062
宮城:1981|新潟:1978|山形:1977|山梨:1978|長野:1982|秋田:1975,0,-0.21203095401679745,0.11695085855773851
宮城:1981|新潟:1978|山形:1977|山梨:1982|長野:1975|秋田:1978,0,-0.6491705669705159,0.07529529731826062
宮城:1981|新潟:1978|山形:1977|山梨:1982|長野:1978|秋田:1975,0,-0.26282792451006315,0.28962851351610164
宮城:1981|新潟:1978|山形:1978|山梨:1975|長野:1977|秋田:1982,0,-0.12574123519664507,0.4577805427291054
宮城:1981|新潟:1978|山形:1978|山梨:1975|長野:1982|秋田:1977,0,0.18197150262753864,0.45848522848919376
宮城:1981|新潟:1978|山形:1978|山梨:1977|長野:1975|秋田:1982,0,-0.23940534129457952,0.4739879097004135
宮城:1981|新潟:1978|山形:1978|山梨:1977|長野:1982|秋田:1975,0,0.3140819970133754,0.6024484388905027
宮城:1981|新潟:1978|山形:1978|山梨:1982|長野:1975|秋田:1977,0,-0.14653165321162684,0.5318529197256047
宮城:1981|新潟:1978|山形:1978|山梨:1982|長野:1977|秋田:1975,0,0.09924294727213352,0.6596087631556005
宮城:1981|新潟:1978|山形:1982|山梨:1975|長野:1977|秋田:1978,0,-0.19519738094006003,0.3319876189630945
宮城:1981|新潟:1978|山形:1982|山梨:1975|長野:1978|秋田:1977,0,-0.05462933896339843,0.41856499173091266
宮城:1981|新潟:1978|山形:1982|山梨:1977|長野:1975|秋田:1978,0,-0.30886148703798544,0.34819498593441495
宮城:1981|新潟:1978|山形:1982|山梨:1977|長野:1978|秋田:1975,0,0.07748115542245519,0.5625282021322431
宮城:1981|新潟:1978|山形:1982|山梨:1978|長野:1975|秋田:1977,0,-0.3323355243092804,0.31925502800897393
宮城:1981|新潟:1978|山形:1982|山梨:1978|長野:1977|秋田:1975,0,-0.08656092382551768,0.44701087143897184
宮城:1981|新潟:1982|山形:1975|山梨:1977|長野:1978|秋田:1978,0,-0.04657579766539365,0.4926298807038076
宮城:1981|新潟:1982|山形:1975|山梨:1978|長野:1977|秋田:1978,0,-0.21061787691335157,0.3771125500105642
宮城:1981|新潟:1982|山形:1975|山梨:1978|長野:1978|秋田:1977,0,-0.07004983493668664,0.4636899227783778
宮城:1981|新潟:1982|山形:1977|山梨:1975|長野:1978|秋田:1978,0,-0.4904341642702352,-0.07694567578587497
宮城:1981|新潟:1982|山形:1977|山梨:1978|長野:1975|秋田:1978,0,-0.7681403496161282,-0.17625563950782472
宮城:1981|新潟:1982|山形:1977|山梨:1978|長野:1978|秋田:1975,0,-0.38179770715567724,0.038077576690006436
宮城:1981|新潟:1982|山形:1978|山梨:1975|長野:1977|秋田:1978,0,-0.1283632924880395,0.2930345738536137
宮城:1981|新潟:1982|山形:1978|山梨:1975|長野:1978|秋田:1977,0,0.012204749488643122,0.37961194662144754
宮城:1981|新潟:1982|山形:1978|山梨:1977|長野:1975|秋田:1978,0,-0.24202739858595906,0.3092419408249345
宮城:1981|新潟:1982|山形:1978|山梨:1977|長野:1978|秋田:1975,0,0.14431524387448125,0.5235751570227581
宮城:1981|新潟:1982|山形:1978|山梨:1978|長野:1975|秋田:1977,0,-0.2655014358572623,0.2803019828994939
宮城:1981|新潟:1982|山形:1978|山梨:1978|長野:1977|秋田:1975,0,-0.019726835373481102,0.4080578263294974
宮城:1982|新潟:1975|山形:1977|山梨:1978|長野:1978|秋田:1981,0,-0.9006907061370262,-0.1469237016365579
宮城:1982|新潟:1975|山形:1977|山梨:1978|長野:1981|秋田:1978,0,-0.8333856606437063,-0.32442122142929686
宮城:1982|新潟:1975|山形:1977|山梨:1981|長野:1978|秋田:1978,0,-0.899438178565145,-0.1857514076778106
宮城:1982|新潟:1975|山形:1978|山梨:1977|長野:1978|秋田:1981,0,-0.3745777551068446,0.3385738786962195
宮城:1982|新潟:1975|山形:1978|山梨:1977|長野:1981|秋田:1978,0,-0.30727270961353154,0.1610763589034648
宮城:1982|新潟:1975|山形:1978|山梨:1978|長野:1977|秋田:1981,0,-0.5386198343548186,0.22305654800294958
宮城:1982|新潟:1975|山形:1978|山梨:1978|長野:1981|秋田:1977,0,-0.33074674688481925,0.13213640097803972
宮城:1982|新潟:1975|山形:1978|山梨:1981|長野:1977|秋田:1978,0,-0.5373673067829352,0.18422884196169098
宮城:1982|新潟:1975|山形:1978|山梨:1981|長野:1978|秋田:1977,0,-0.3967992648062667,0.2708062147295097
宮城:1982|新潟:1975|山形:1981|山梨:1977|長野:1978|秋田:1978,0,-0.5815224238612747,0.08325417340894578
宮城:1982|新潟:1975|山形:1981|山梨:1978|長野:1977|秋田:1978,0,-0.7455645031092358,-0.03226315728431729
宮城:1982|新潟:1975|山形:1981|山梨:1978|長野:1978|秋田:1977,0,-0.6049964611325643,0.05431421548351369
宮城:1982|新潟:1977|山形:1975|山梨:1978|長野:1978|秋田:1981,0,-0.3043249533504266,0.41801573092461086
宮城:1982|新潟:1977|山形:1975|山梨:1978|長野:1981|秋田:1978,0,-0.23701990785710586,0.24051821113187255
宮城:1982|新潟:1977|山形:1975|山梨:1981|長野:1978|秋田:1978,0,-0.3030724257785549,0.37918802488334785
宮城:1982|新潟:1977|山形:1978|山梨:1975|長野:1978|秋田:1981,0,-0.22207036892509566,0.3339377547676764
宮城:1982|新潟:1977|山形:1978|山梨:1975|長野:1981|秋田:1978,0,-0.15476532343177077,0.15644023497493878
宮城:1982|新潟:1977|山形:1978|山梨:1978|長野:1975|秋田:1981,0,-0.4997765542709867,0.23462779104573145
宮城:1982|新潟:1977|山形:1978|山梨:1978|長野:1981|秋田:1975,0,-0.04612886631722805,0.27146348745081156
宮城:1982|新潟:1977|山形:1978|山梨:1981|長野:1975|秋田:1978,0,-0.4985240266990903,0.19580008500449117
宮城:1982|新潟:1977|山形:1978|山梨:1981|長野:1978|秋田:1975,0,-0.11218138423865351,0.4101333012023186
宮城:1982|新潟:1977|山形:1981|山梨:1975|長野:1978|秋田:1978,0,-0.42901503767951066,0.07861804948042121
宮城:1982|新潟:1977|山形:1981|山梨:1978|長野:1975|秋田:1978,0,-0.7067212230254062,-0.020691914241529344
宮城:1982|新潟:1977|山形:1981|山梨:1978|長野:1978|秋田:1975,0,-0.32037858056496277,0.19364130195630144
宮城:1982|新潟:1978|山形:1975|山梨:1977|長野:1978|秋田:1981,0,-0.06400829992178036,0.6355175761386826
宮城:1982|新潟:1978|山形:1975|山梨:1977|長野:1981|秋田:1978,0,0.003296745571541954,0.45802005634594356
宮城:1982|新潟:1978|山形:1975|山梨:1978|長野:1977|秋田:1981,0,-0.2280503791697468,0.5200002454454233
宮城:1982|新潟:1978|山形:1975|山梨:1978|長野:1981|秋田:1977,0,-0.02017729169974853,0.4290800984205098
宮城:1982|新潟:1978|山形:1975|山梨:1981|長野:1977|秋田:1978,0,-0.22679785159785756,0.48117253940417454
宮城:1982|新潟:1978|山形:1975|山梨:1981|長野:1978|秋田:1977,0,-0.08622980962117928,0.5677499121720054
宮城:1982|新潟:1978|山形:1977|山梨:1975|長野:1978|秋田:1981,0,-0.507866666526612,0.06594201964900136
宮城:1982|新潟:1978|山形:1977|山梨:1975|長野:1981|秋田:1978,0,-0.44056162103326413,-0.11155550014371286
宮城:1982|新潟:1978|山形:1977|山梨:1978|長野:1975|秋田:1981,0,-0.785572851872511,-0.033367944072949955
宮城:1982|新潟:1978|山形:1977|山梨:1978|長野:1981|秋田:1975,0,-0.3319251639187409,0.0034677523321359556
宮城:1982|新潟:1978|山形:1977|山梨:1981|長野:1975|秋田:1978,0,-0.7843203243006082,-0.07219565011418896
宮城:1982|新潟:1978|山形:1977|山梨:1981|長野:1978|秋田:1975,0,-0.39797768184017446,0.14213756608363132
宮城:1982|新潟:1978|山形:1978|山梨:1975|長野:1977|秋田:1981,0,-0.14579579474441232,0.4359222692884963
宮城:1982|新潟:1978|山形:1978|山梨:1975|長野:1981|秋田:1977,0,0.06207729272559116,0.3450021222635905
宮城:1982|新潟:1978|山形:1978|山梨:1977|長野:1975|秋田:1981,0,-0.25945990084235765,0.45212963625979724
宮城:1982|新潟:1978|山形:1978|山梨:1977|長野:1981|秋田:1975,0,0.19418778711143814,0.4889653326649101
宮城:1982|新潟:1978|山形:1978|山梨:1981|長野:1975|秋田:1977,0,-0.28168141054173634,0.38436197229313884
宮城:1982|新潟:1978|山形:1978|山梨:1981|長野:1977|秋田:1975,0,-0.0359068100579775,0.5121178157231214
宮城:1982|新潟:1978|山形:1981|山梨:1975|長野:1977|秋田:1978,0,-0.3527404634988168,0.18060256400125055
宮城:1982|新潟:1978|山形:1981|山梨:1975|長野:1978|秋田:1977,0,-0.2121724215221558,0.26717993676906976
宮城:1982|新潟:1978|山形:1981|山梨:1977|長野:1975|秋田:1978,0,-0.4664045695967533,0.19680993097255273
宮城:1982|新潟:1978|山形:1981|山梨:1977|長野:1978|秋田:1975,0,-0.08006192713631735,0.4111431471703763
宮城:1982|新潟:1978|山形:1981|山梨:1978|長野:1975|秋田:1977,0,-0.48987860686804524,0.16786997304712412
宮城:1982|新潟:1978|山形:1981|山梨:1978|長野:1977|秋田:1975,0,-0.2441040063842834,0.295625816477119
宮城:1982|新潟:1981|山形:1975|山梨:1977|長野:1978|秋田:1978,0,-0.3150232994052632,0.2393149082688944
宮城:1982|新潟:1981|山形:1975|山梨:1978|長野:1977|秋田:1978,0,-0.4790653786532158,0.12379757757564756
宮城:1982|新潟:1981|山形:1975|山梨:1978|長野:1978|秋田:1977,0,-0.3384973366765501,0.21037495034346676
宮城:1982|新潟:1981|山形:1977|山梨:1975|長野:1978|秋田:1978,0,-0.7588816660100733,-0.3302606482207691
宮城:1982|新潟:1981|山形:1977|山梨:1978|長野:1975|秋田:1978,0,-1.036587851355982,-0.429570611942728
宮城:1982|新潟:1981|山形:1977|山梨:1978|長野:1978|秋田:1975,0,-0.6502452088955405,-0.21523739574490397
宮城:1982|新潟:1981|山形:1978|山梨:1975|長野:1977|秋田:1978,0,-0.3968107942278663,0.0397196014187336
宮城:1982|新潟:1981|山形:1978|山梨:1975|長野:1978|秋田:1977,0,-0.2562427522512094,0.12629697418655178
宮城:1982|新潟:1981|山形:1978|山梨:1977|長野:1975|秋田:1978,0,-0.510474900325812,0.05592696839002815
宮城:1982|新潟:1981|山形:1978|山梨:1977|長野:1978|秋田:1975,0,-0.12413225786536593,0.27026018458786283
宮城:1982|新潟:1981|山形:1978|山梨:1978|長野:1975|秋田:1977,0,-0.5339489375970892,0.02698701046461621
宮城:1982|新潟:1981|山形:1978|山梨:1978|長野:1977|秋田:1975,0,-0.28817433711333207,0.1547428538946048
