release_id,period_code,period,period_end,coverage_scope,source_table_number,estat_sid,taxonomy,industry_code,industry_name,parent_major_code,parent_major_name,capital_size_code,capital_size_name,sales_previous_oku_yen,sales_current_oku_yen,operating_profit_previous_oku_yen,operating_profit_current_oku_yen,operating_profit_yoy_delta_oku_yen,operating_margin_previous_pct,operating_margin_current_pct,sales_change_identity_effect_oku_yen,margin_change_identity_effect_oku_yen,interaction_identity_effect_oku_yen,shapley_sales_effect_oku_yen,shapley_margin_effect_oku_yen,shapley_reconstructed_delta_oku_yen,bridge_residual_oku_yen,bridge_status,shapley_order_count
2026Q1,20261,2026年1 - 3 月,2026-03-31,EXCL_FINANCE_INSURANCE,1,0003060191,leaf,109,食料品製造業,108,製造業,19,1千万円以上 - 1億円未満,43622.06,44706.49,-764.2,-44.97,719.23,-1.7518659137142998,-0.10058942225166861,-18.997759528091986,720.3208218717238,17.906937656368214,-10.04429069990788,729.2742906999079,719.23,0.0,CALCULABLE,2
2026Q1,20261,2026年1 - 3 月,2026-03-31,EXCL_FINANCE_INSURANCE,1,0003060191,leaf,109,食料品製造業,108,製造業,24,1億円以上 - 10億円未満,30043.83,32393.42,307.88,336.18,28.30000000000001,1.0247694784586385,1.0378033563606437,24.07788118891629,3.915876119286017,0.3062426917977242,24.231002534815154,4.0689974651848795,28.300000000000033,-2.1316282072803006e-14,CALCULABLE,2
2026Q1,20261,2026年1 - 3 月,2026-03-31,EXCL_FINANCE_INSURANCE,1,0003060191,leaf,109,食料品製造業,108,製造業,25,10億円以上,44400.61,47999.67,1457.49,2062.5,605.01,3.282590036488237,4.296904541218721,118.14238496723347,450.36182741881373,36.50578761395293,136.39527877420994,468.6147212257902,605.0100000000002,-2.2737367544323206e-13,CALCULABLE,2
2026Q1,20261,2026年1 - 3 月,2026-03-31,EXCL_FINANCE_INSURANCE,1,0003060191,leaf,110,繊維工業,108,製造業,19,1千万円以上 - 1億円未満,14433.06,12181.74,514.65,869.69,355.0400000000001,3.565771915311098,7.139292087993998,-80.2769362837818,515.7683106354266,-80.45137435164466,-120.50262345960412,475.5426234596043,355.04000000000013,-5.684341886080802e-14,CALCULABLE,2
2026Q1,20261,2026年1 - 3 月,2026-03-31,EXCL_FINANCE_INSURANCE,1,0003060191,leaf,110,繊維工業,108,製造業,24,1億円以上 - 10億円未満,2803.71,3202.84,163.14,261.36,98.22000000000003,5.818718769059568,8.160257771228036,23.224252222947456,65.64996315769757,9.34578461935501,27.89714453262496,70.32285546737508,98.22000000000004,-1.4210854715202004e-14,CALCULABLE,2
2026Q1,20261,2026年1 - 3 月,2026-03-31,EXCL_FINANCE_INSURANCE,1,0003060191,leaf,110,繊維工業,108,製造業,25,10億円以上,5222.12,5325.33,96.1,230.83,134.73000000000002,1.840248787848613,4.334567059693954,1.899320773938554,130.2562933376899,2.574385888371577,3.186513718124343,131.5434862818757,134.73000000000002,0.0,CALCULABLE,2
2026Q1,20261,2026年1 - 3 月,2026-03-31,EXCL_FINANCE_INSURANCE,1,0003060191,leaf,112,木材・木製品製造業,108,製造業,19,1千万円以上 - 1億円未満,4181.44,3853.72,169.87,205.2,35.329999999999984,4.062476084793755,5.324725200585409,-13.313546625086088,52.78018942735848,-4.1366428022724016,-15.381868026222289,50.71186802622228,35.329999999999984,0.0,CALCULABLE,2
2026Q1,20261,2026年1 - 3 月,2026-03-31,EXCL_FINANCE_INSURANCE,1,0003060191,leaf,112,木材・木製品製造業,108,製造業,24,1億円以上 - 10億円未満,2168.69,1879.89,31.32,43.83,12.509999999999998,1.4441898104385598,2.3315193974115505,-4.17082017254656,19.243428019724554,-2.562607847177997,-5.452124096135559,17.962124096135554,12.509999999999994,3.552713678800501e-15,CALCULABLE,2
2026Q1,20261,2026年1 - 3 月,2026-03-31,EXCL_FINANCE_INSURANCE,1,0003060191,leaf,112,木材・木製品製造業,108,製造業,25,10億円以上,906.94,918.31,5.53,4.63,-0.9000000000000004,0.6097426511125322,0.5041870392351167,0.06932773943149424,-0.9573260663610326,-0.012001673070462033,0.06332690289626322,-0.9633269028962635,-0.9000000000000004,0.0,CALCULABLE,2
2026Q1,20261,2026年1 - 3 月,2026-03-31,EXCL_FINANCE_INSURANCE,1,0003060191,leaf,113,パルプ・紙・紙加工品製造業,108,製造業,19,1千万円以上 - 1億円未満,7117.96,7085.87,199.96,291.04,91.08000000000001,2.809231858566218,4.10732909296953,-0.9014825034139036,92.39804190593395,-0.41655940252002455,-1.109762204673916,92.18976220467394,91.08000000000003,-1.4210854715202004e-14,CALCULABLE,2
2026Q1,20261,2026年1 - 3 月,2026-03-31,EXCL_FINANCE_INSURANCE,1,0003060191,leaf,113,パルプ・紙・紙加工品製造業,108,製造業,24,1億円以上 - 10億円未満,4866.29,4840.26,190.98,95.67,-95.30999999999999,3.9245503247854114,1.9765467144326958,-1.0215604495416326,-94.79550489023316,0.5070653397748068,-0.7680277796542292,-94.54197222034576,-95.30999999999999,0.0,CALCULABLE,2
2026Q1,20261,2026年1 - 3 月,2026-03-31,EXCL_FINANCE_INSURANCE,1,0003060191,leaf,113,パルプ・紙・紙加工品製造業,108,製造業,25,10億円以上,7602.86,7524.87,293.78,341.18,47.400000000000034,3.8640722044072886,4.534031817160962,-3.013589912217236,50.93609141420387,-0.5225015019865878,-3.27484066321053,50.67484066321058,47.40000000000005,-1.4210854715202004e-14,CALCULABLE,2
2026Q1,20261,2026年1 - 3 月,2026-03-31,EXCL_FINANCE_INSURANCE,1,0003060191,leaf,114,印刷・同関連業,108,製造業,19,1千万円以上 - 1億円未満,7767.4,10129.46,485.16,496.42,11.259999999999991,6.2461055179339295,4.900754827996755,147.53675999691015,-104.49876949018011,-31.777990506730024,131.64776474354514,-120.38776474354512,11.26000000000002,-2.842170943040401e-14,CALCULABLE,2
2026Q1,20261,2026年1 - 3 月,2026-03-31,EXCL_FINANCE_INSURANCE,1,0003060191,leaf,114,印刷・同関連業,108,製造業,24,1億円以上 - 10億円未満,4885.08,5883.55,109.41,252.02,142.61,2.2396767299614333,4.2834683141980605,22.36250024564593,99.84085392322662,20.406645831127456,32.56582316120966,110.04417683879035,142.61,0.0,CALCULABLE,2
2026Q1,20261,2026年1 - 3 月,2026-03-31,EXCL_FINANCE_INSURANCE,1,0003060191,leaf,114,印刷・同関連業,108,製造業,25,10億円以上,6125.75,3316.11,62.96,1.88,-61.08,1.02779251520222,0.0566929323816158,-28.877269624127653,-59.48713269463316,27.284402318760822,-15.235068464747242,-45.84493153525275,-61.07999999999999,-7.105427357601002e-15,CALCULABLE,2
2026Q1,20261,2026年1 - 3 月,2026-03-31,EXCL_FINANCE_INSURANCE,1,0003060191,leaf,115,化学工業,108,製造業,19,1千万円以上 - 1億円未満,14868.16,17228.69,278.32,330.11,51.79000000000002,1.8719195919333662,1.9160481731344639,44.18722354346467,6.561108058709104,1.0416683978262673,44.708057742377804,7.081942257622238,51.79000000000004,-2.1316282072803006e-14,CALCULABLE,2
2026Q1,20261,2026年1 - 3 月,2026-03-31,EXCL_FINANCE_INSURANCE,1,0003060191,leaf,115,化学工業,108,製造業,24,1億円以上 - 10億円未満,20929.44,23045.87,1289.51,892.33,-397.17999999999995,6.161225527295523,3.871973590061907,130.39802542734066,-479.1276106521472,-48.450414775193416,106.17281803974394,-503.3528180397439,-397.17999999999995,0.0,CALCULABLE,2
2026Q1,20261,2026年1 - 3 月,2026-03-31,EXCL_FINANCE_INSURANCE,1,0003060191,leaf,115,化学工業,108,製造業,25,10億円以上,81999.79,79647.54,8625.81,8425.15,-200.65999999999985,10.519307427494631,10.578041707251725,-247.44040896324248,48.16198605882881,-1.3815770955862214,-248.1311975110356,47.4711975110357,-200.6599999999999,5.684341886080802e-14,CALCULABLE,2
2026Q1,20261,2026年1 - 3 月,2026-03-31,EXCL_FINANCE_INSURANCE,1,0003060191,leaf,116,石油製品・石炭製品製造業,108,製造業,19,1千万円以上 - 1億円未満,899.75,1022.95,43.94,141.57,97.63,4.883578771881078,13.839386089251674,6.01656904695749,80.57987633804193,11.033554615000577,11.533346354457779,86.09665364554222,97.63,0.0,CALCULABLE,2
2026Q1,20261,2026年1 - 3 月,2026-03-31,EXCL_FINANCE_INSURANCE,1,0003060191,leaf,116,石油製品・石炭製品製造業,108,製造業,24,1億円以上 - 10億円未満,11427.49,13847.06,185.08,1387.56,1202.48,1.6196032549580006,10.020610873355066,39.18743447598729,960.0243054915627,203.26826003244983,140.8215644922122,1061.6584355077875,1202.4799999999998,2.2737367544323206e-13,CALCULABLE,2
2026Q1,20261,2026年1 - 3 月,2026-03-31,EXCL_FINANCE_INSURANCE,1,0003060191,leaf,116,石油製品・石炭製品製造業,108,製造業,25,10億円以上,21312.41,19847.07,-6.29,1466.2,1472.49,-0.02951332111197185,7.387488430282153,0.4324704995821683,1580.7418229642967,-108.68429346387869,-53.90967623235718,1526.3996762323575,1472.4900000000002,-2.2737367544323206e-13,CALCULABLE,2
2026Q1,20261,2026年1 - 3 月,2026-03-31,EXCL_FINANCE_INSURANCE,1,0003060191,leaf,117,窯業・土石製品製造業,108,製造業,19,1千万円以上 - 1億円未満,8658.76,6916.28,382.19,520.36,138.17000000000002,4.413911460763434,7.523697710329831,-76.91152442151072,269.2689278629553,-54.18740344144456,-104.005226142233,242.17522614223304,138.17000000000004,-2.842170943040401e-14,CALCULABLE,2
2026Q1,20261,2026年1 - 3 月,2026-03-31,EXCL_FINANCE_INSURANCE,1,0003060191,leaf,117,窯業・土石製品製造業,108,製造業,24,1億円以上 - 10億円未満,5319.75,6947.2,403.64,686.98,283.34000000000003,7.58757460406974,9.888588208198987,123.48398289393296,122.40817120566561,37.447845900401425,142.20790584413368,141.13209415586633,283.34000000000003,0.0,CALCULABLE,2
2026Q1,20261,2026年1 - 3 月,2026-03-31,EXCL_FINANCE_INSURANCE,1,0003060191,leaf,117,窯業・土石製品製造業,108,製造業,25,10億円以上,10807.96,11527.47,634.33,889.67,255.33999999999992,5.86910018171792,7.71782533374626,42.22876271747862,199.8094749411622,13.301762341359115,48.87964388815817,206.46035611184175,255.33999999999992,0.0,CALCULABLE,2
2026Q1,20261,2026年1 - 3 月,2026-03-31,EXCL_FINANCE_INSURANCE,1,0003060191,leaf,118,鉄鋼業,108,製造業,19,1千万円以上 - 1億円未満,4951.45,7465.15,254.74,602.72,347.98,5.144755576649264,8.073782844283103,129.32372093023255,145.02932064325572,73.6269584265118,166.13720014348846,181.84279985651162,347.9800000000001,-5.684341886080802e-14,CALCULABLE,2
2026Q1,20261,2026年1 - 3 月,2026-03-31,EXCL_FINANCE_INSURANCE,1,0003060191,leaf,118,鉄鋼業,108,製造業,24,1億円以上 - 10億円未満,5245.22,5338.09,201.8,170.1,-31.700000000000017,3.847312410156295,3.1865330108709298,3.572999035312147,-34.65933320719584,-0.6136658281163181,3.266166121253988,-34.966166121254005,-31.700000000000017,0.0,CALCULABLE,2
2026Q1,20261,2026年1 - 3 月,2026-03-31,EXCL_FINANCE_INSURANCE,1,0003060191,leaf,118,鉄鋼業,108,製造業,25,10億円以上,33134.36,32429.58,1052.35,871.1,-181.2499999999999,3.176008228316466,2.6861279116164933,-22.383870791528754,-162.31870770450908,3.4525784960380617,-20.65758154350972,-160.59241845649004,-181.24999999999977,-1.1368683772161603e-13,CALCULABLE,2
2026Q1,20261,2026年1 - 3 月,2026-03-31,EXCL_FINANCE_INSURANCE,1,0003060191,leaf,119,非鉄金属製造業,108,製造業,19,1千万円以上 - 1億円未満,4034.83,4363.04,124.14,244.12,119.98,3.0767095515796203,5.595181341449998,10.098068419239473,101.61605531922697,8.265876261533569,14.231006550006256,105.74899344999376,119.98000000000002,-1.4210854715202004e-14,CALCULABLE,2
2026Q1,20261,2026年1 - 3 月,2026-03-31,EXCL_FINANCE_INSURANCE,1,0003060191,leaf,119,非鉄金属製造業,108,製造業,24,1億円以上 - 10億円未満,7946.9,8534.78,380.13,577.34,197.21000000000004,4.783374649234292,6.764556321311152,28.120502887918608,157.44252629827594,11.646970813805462,33.94398829482134,163.26601170517867,197.21,2.842170943040401e-14,CALCULABLE,2
2026Q1,20261,2026年1 - 3 月,2026-03-31,EXCL_FINANCE_INSURANCE,1,0003060191,leaf,119,非鉄金属製造業,108,製造業,25,10億円以上,31393.56,38751.35,777.54,1947.24,1169.7,2.47675000860049,5.02496042073373,182.2340644578059,799.9739646592959,187.49197088289824,275.98004989925505,893.719950100745,1169.7,0.0,CALCULABLE,2
2026Q1,20261,2026年1 - 3 月,2026-03-31,EXCL_FINANCE_INSURANCE,1,0003060191,leaf,120,金属製品製造業,108,製造業,19,1千万円以上 - 1億円未満,30448.07,25231.38,1248.42,1794.51,546.0899999999999,4.1001613566968285,7.112215027477688,-213.89270747866772,917.1122101169256,-157.12950263825797,-292.4574587977967,838.5474587977966,546.0899999999999,0.0,CALCULABLE,2
2026Q1,20261,2026年1 - 3 月,2026-03-31,EXCL_FINANCE_INSURANCE,1,0003060191,leaf,120,金属製品製造業,108,製造業,24,1億円以上 - 10億円未満,10222.25,8735.96,832.82,1021.26,188.43999999999994,8.147130034972731,11.690300779765476,-121.08997899679628,362.1917714595764,-52.66179246278012,-147.42087522818633,335.86087522818633,188.44,-5.684341886080802e-14,CALCULABLE,2
2026Q1,20261,2026年1 - 3 月,2026-03-31,EXCL_FINANCE_INSURANCE,1,0003060191,leaf,120,金属製品製造業,108,製造業,25,10億円以上,10368.34,10513.39,421.52,517.63,96.11000000000001,4.065453100496319,4.923530849706897,5.89693972226988,88.96841850250016,1.2446417752299388,6.519260609884849,89.59073939011513,96.10999999999999,2.842170943040401e-14,CALCULABLE,2
2026Q1,20261,2026年1 - 3 月,2026-03-31,EXCL_FINANCE_INSURANCE,1,0003060191,leaf,154,はん用機械器具製造業,108,製造業,19,1千万円以上 - 1億円未満,7932.71,7482.59,590.35,948.9,358.54999999999995,7.441971280936779,12.68143784438276,-33.497801129752624,415.6316880251356,-23.58388689538304,-45.28974457744414,403.8397445774441,358.54999999999995,0.0,CALCULABLE,2
2026Q1,20261,2026年1 - 3 月,2026-03-31,EXCL_FINANCE_INSURANCE,1,0003060191,leaf,154,はん用機械器具製造業,108,製造業,24,1億円以上 - 10億円未満,4674.72,4685.17,510.99,614.95,103.96000000000004,10.930922065920527,13.125457560771542,1.142281355888675,102.58838968489943,0.22932895921192717,1.2569458354946386,102.70305416450539,103.96000000000002,1.4210854715202004e-14,CALCULABLE,2
2026Q1,20261,2026年1 - 3 月,2026-03-31,EXCL_FINANCE_INSURANCE,1,0003060191,leaf,154,はん用機械器具製造業,108,製造業,25,10億円以上,9885.68,11906.0,745.98,1227.4,481.4200000000001,7.5460666337571105,10.309087854863094,152.45469341512162,273.14343625063003,55.8218703342484,180.36562858224582,301.0543714177542,481.4200000000001,0.0,CALCULABLE,2
2026Q1,20261,2026年1 - 3 月,2026-03-31,EXCL_FINANCE_INSURANCE,1,0003060191,leaf,121,生産用機械器具製造業,108,製造業,19,1千万円以上 - 1億円未満,13476.13,17656.42,637.34,1400.31,762.9699999999999,4.729399315678908,7.930882930967886,197.7026066533938,431.43609392504254,133.83129942156359,264.6182563641756,498.35174363582433,762.9699999999999,0.0,CALCULABLE,2
2026Q1,20261,2026年1 - 3 月,2026-03-31,EXCL_FINANCE_INSURANCE,1,0003060191,leaf,121,生産用機械器具製造業,108,製造業,24,1億円以上 - 10億円未満,13837.93,10424.02,1134.71,925.76,-208.95000000000005,8.199998121106264,8.881026705627963,-279.94055585625887,94.24025880610358,-23.249702949844743,-291.56540733118123,82.61540733118122,-208.95000000000002,-2.842170943040401e-14,CALCULABLE,2
2026Q1,20261,2026年1 - 3 月,2026-03-31,EXCL_FINANCE_INSURANCE,1,0003060191,leaf,121,生産用機械器具製造業,108,製造業,25,10億円以上,46334.6,54314.16,4375.05,6368.27,1993.2200000000003,9.442295822128605,11.724879847170609,753.4536605042457,1057.6261776671126,182.1401618286419,844.5237414185667,1148.6962585814335,1993.2200000000003,0.0,CALCULABLE,2
2026Q1,20261,2026年1 - 3 月,2026-03-31,EXCL_FINANCE_INSURANCE,1,0003060191,leaf,124,業務用機械器具製造業,108,製造業,19,1千万円以上 - 1億円未満,8000.68,7779.43,977.71,559.96,-417.75,12.22033627141693,7.197956662634667,-27.037494000509955,-401.82452088392074,11.112014884430756,-21.481486558294577,-396.26851344170535,-417.74999999999994,-5.684341886080802e-14,CALCULABLE,2
2026Q1,20261,2026年1 - 3 月,2026-03-31,EXCL_FINANCE_INSURANCE,1,0003060191,leaf,124,業務用機械器具製造業,108,製造業,24,1億円以上 - 10億円未満,6207.53,7079.33,646.18,457.86,-188.31999999999994,10.409615418693104,6.467561195762876,90.75102722016649,-244.70419850466072,-34.36682871550573,73.56761286241363,-261.88761286241356,-188.31999999999994,0.0,CALCULABLE,2
2026Q1,20261,2026年1 - 3 月,2026-03-31,EXCL_FINANCE_INSURANCE,1,0003060191,leaf,124,業務用機械器具製造業,108,製造業,25,10億円以上,24662.06,25156.37,1868.81,2394.04,525.23,7.577671938191699,9.516635349217713,37.457190157675214,478.18831980528216,9.584490037042643,42.249435176196535,482.9805648238035,525.23,0.0,CALCULABLE,2
2026Q1,20261,2026年1 - 3 月,2026-03-31,EXCL_FINANCE_INSURANCE,1,0003060191,leaf,122,電気機械器具製造業,108,製造業,19,1千万円以上 - 1億円未満,12781.12,18418.09,974.45,1801.95,827.5,7.624136225933252,9.783587766158163,429.7702718149896,276.00209269799427,121.7276354870162,490.6340895584977,336.86591044150236,827.5,0.0,CALCULABLE,2
2026Q1,20261,2026年1 - 3 月,2026-03-31,EXCL_FINANCE_INSURANCE,1,0003060191,leaf,122,電気機械器具製造業,108,製造業,24,1億円以上 - 10億円未満,19150.06,21854.18,203.05,486.61,283.56,1.060309993806808,2.2266220924326605,28.672054604528643,223.34946667410995,31.53847872136139,44.44129396520934,239.11870603479065,283.56,0.0,CALCULABLE,2
2026Q1,20261,2026年1 - 3 月,2026-03-31,EXCL_FINANCE_INSURANCE,1,0003060191,leaf,122,電気機械器具製造業,108,製造業,25,10億円以上,53418.74,58105.23,5922.4,7222.98,1300.58,11.086745962184805,12.430860354567049,519.5792408431953,718.0089725692499,62.99178658755462,551.0751341369726,749.5048658630271,1300.5799999999997,2.2737367544323206e-13,CALCULABLE,2
2026Q1,20261,2026年1 - 3 月,2026-03-31,EXCL_FINANCE_INSURANCE,1,0003060191,leaf,145,情報通信機械器具製造業,108,製造業,19,1千万円以上 - 1億円未満,14484.62,12175.02,901.47,1879.0,977.53,6.223635828899895,15.433239534719451,-143.74109310427198,1333.9761002938806,-212.70500718960847,-250.09359669907622,1227.6235966990764,977.5300000000002,-2.2737367544323206e-13,CALCULABLE,2
2026Q1,20261,2026年1 - 3 月,2026-03-31,EXCL_FINANCE_INSURANCE,1,0003060191,leaf,145,情報通信機械器具製造業,108,製造業,24,1億円以上 - 10億円未満,18980.32,16277.56,343.57,1074.16,730.5900000000001,1.8101380798637747,6.599023440859687,-48.92368796732616,908.9457659501794,-129.43207798285314,-113.63972695875273,844.2297269587528,730.5900000000001,0.0,CALCULABLE,2
2026Q1,20261,2026年1 - 3 月,2026-03-31,EXCL_FINANCE_INSURANCE,1,0003060191,leaf,145,情報通信機械器具製造業,108,製造業,25,10億円以上,61718.39,74979.31,7320.15,17413.44,10093.289999999999,11.860565384158594,23.224326817624753,1572.8200871409638,7013.530600176236,1506.9393126828006,2326.289743482364,7767.0002565176355,10093.289999999999,0.0,CALCULABLE,2
2026Q1,20261,2026年1 - 3 月,2026-03-31,EXCL_FINANCE_INSURANCE,1,0003060191,leaf,123,自動車・同附属品製造業,108,製造業,19,1千万円以上 - 1億円未満,20298.67,21858.49,756.98,1061.25,304.27,3.7292098447829347,4.8550929181292934,58.1689610008933,228.5392896444354,17.561749354671218,66.94983567822891,237.32016432177102,304.2699999999999,5.684341886080802e-14,CALCULABLE,2
2026Q1,20261,2026年1 - 3 月,2026-03-31,EXCL_FINANCE_INSURANCE,1,0003060191,leaf,123,自動車・同附属品製造業,108,製造業,24,1億円以上 - 10億円未満,18485.66,18672.54,830.1,924.06,93.95999999999992,4.4905077773798725,4.948764335221667,8.39186093436755,84.71174921033754,0.856389855294751,8.820055862014925,85.13994413798493,93.95999999999985,7.105427357601002e-14,CALCULABLE,2
2026Q1,20261,2026年1 - 3 月,2026-03-31,EXCL_FINANCE_INSURANCE,1,0003060191,leaf,123,自動車・同附属品製造業,108,製造業,25,10億円以上,193123.6,201843.77,6327.44,5043.03,-1284.4099999999999,3.276368087587431,2.4984818704089804,285.7048670633723,-1502.281866518842,-67.83300054452995,251.78836679110734,-1536.198366791107,-1284.4099999999996,-2.2737367544323206e-13,CALCULABLE,2
2026Q1,20261,2026年1 - 3 月,2026-03-31,EXCL_FINANCE_INSURANCE,1,0003060191,leaf,125,その他の輸送用機械器具製造業,108,製造業,19,1千万円以上 - 1億円未満,5447.92,6877.77,497.15,847.81,350.65999999999997,9.125501108680009,12.326815232262781,130.48097760246114,174.4050324014906,45.773989996048286,153.36797260048527,197.29202739951472,350.65999999999997,0.0,CALCULABLE,2
2026Q1,20261,2026年1 - 3 月,2026-03-31,EXCL_FINANCE_INSURANCE,1,0003060191,leaf,125,その他の輸送用機械器具製造業,108,製造業,24,1億円以上 - 10億円未満,5411.22,4333.02,24.25,192.1,167.85,0.4481429326473513,4.4333974918186385,-4.831877099803741,215.65089175678855,-42.96901465698482,-26.31638442829615,194.16638442829614,167.85,0.0,CALCULABLE,2
2026Q1,20261,2026年1 - 3 月,2026-03-31,EXCL_FINANCE_INSURANCE,1,0003060191,leaf,125,その他の輸送用機械器具製造業,108,製造業,25,10億円以上,13095.3,13553.41,828.23,1015.9,187.66999999999996,6.324635556268279,7.495530645055378,28.97378794682065,153.33222456193684,5.363987491242582,31.65578169244194,156.01421830755814,187.67000000000007,-1.1368683772161603e-13,CALCULABLE,2
2026Q1,20261,2026年1 - 3 月,2026-03-31,EXCL_FINANCE_INSURANCE,1,0003060191,leaf,126,その他の製造業,108,製造業,19,1千万円以上 - 1億円未満,42152.5,40882.75,1893.21,2890.47,997.2599999999998,4.491335033509282,7.070145721606301,-57.02872658798411,1087.033175300096,-32.7444487121119,-73.40095094404006,1070.66095094404,997.26,-2.2737367544323206e-13,CALCULABLE,2
2026Q1,20261,2026年1 - 3 月,2026-03-31,EXCL_FINANCE_INSURANCE,1,0003060191,leaf,126,その他の製造業,108,製造業,24,1億円以上 - 10億円未満,26591.43,22255.1,384.7,1233.61,848.9099999999999,1.4467067021216984,5.543044066303903,-62.733976736113874,1089.274682760356,-177.63070602424224,-151.54932974823498,1000.4593297482348,848.9099999999999,0.0,CALCULABLE,2
2026Q1,20261,2026年1 - 3 月,2026-03-31,EXCL_FINANCE_INSURANCE,1,0003060191,leaf,126,その他の製造業,108,製造業,25,10億円以上,32389.97,34116.53,1728.54,2712.17,983.6300000000001,5.33665205617665,7.9497240780349,92.14049974112343,846.3732439582809,45.11625630059576,114.69862789142131,868.9313721085788,983.6300000000001,0.0,CALCULABLE,2
2026Q1,20261,2026年1 - 3 月,2026-03-31,EXCL_FINANCE_INSURANCE,1,0003060191,leaf,101,農業、林業,105,農林水産業(集約),19,1千万円以上 - 1億円未満,7577.9,5442.1,-116.33,280.91,397.24,-1.5351218675358609,5.161794160342515,32.78713284683091,507.4855996765954,-143.03273252342632,-38.72923341488225,435.9692334148823,397.24000000000007,-5.684341886080802e-14,CALCULABLE,2
2026Q1,20261,2026年1 - 3 月,2026-03-31,EXCL_FINANCE_INSURANCE,1,0003060191,leaf,101,農業、林業,105,農林水産業(集約),24,1億円以上 - 10億円未満,917.12,710.16,-7.96,-66.91,-58.949999999999996,-0.8679344033496161,-9.421820434831588,1.7962770411723659,-78.44939957192746,17.703122530755092,10.647838306549911,-69.59783830654992,-58.95,7.105427357601002e-15,CALCULABLE,2
2026Q1,20261,2026年1 - 3 月,2026-03-31,EXCL_FINANCE_INSURANCE,1,0003060191,leaf,101,農業、林業,105,農林水産業(集約),25,10億円以上,518.71,604.55,57.06,35.44,-21.620000000000005,11.000366293304543,5.8622115623190805,9.44271442617261,-26.652122405094694,-4.4105920210779175,7.237418415633652,-28.857418415633653,-21.62,-3.552713678800501e-15,CALCULABLE,2
2026Q1,20261,2026年1 - 3 月,2026-03-31,EXCL_FINANCE_INSURANCE,1,0003060191,leaf,103,漁業,105,農林水産業(集約),19,1千万円以上 - 1億円未満,991.2,1135.75,-55.18,50.64,105.82,-5.566989507667473,4.458727712965001,-8.04708333333333,99.37490909090909,14.492174242424237,-0.8009962121212109,106.6209962121212,105.82,0.0,CALCULABLE,2
2026Q1,20261,2026年1 - 3 月,2026-03-31,EXCL_FINANCE_INSURANCE,1,0003060191,leaf,103,漁業,105,農林水産業(集約),24,1億円以上 - 10億円未満,219.08,382.9,-10.16,-15.42,-5.26,-4.637575314953441,-4.0271611386785064,-7.597275880956726,1.3372953773831278,0.9999805035735984,-7.097285629169927,1.8372856291699269,-5.26,0.0,CALCULABLE,2
2026Q1,20261,2026年1 - 3 月,2026-03-31,EXCL_FINANCE_INSURANCE,1,0003060191,leaf,103,漁業,105,農林水産業(集約),25,10億円以上,618.92,668.45,7.16,13.31,6.15,1.156853874491049,1.991173610591667,0.5729897240354176,5.163771710673944,0.4132385652906368,0.779609006680736,5.370390993319263,6.149999999999999,1.7763568394002505e-15,CALCULABLE,2
2026Q1,20261,2026年1 - 3 月,2026-03-31,EXCL_FINANCE_INSURANCE,1,0003060191,leaf,106,鉱業、採石業、砂利採取業,106,鉱業、採石業、砂利採取業,19,1千万円以上 - 1億円未満,2712.11,2589.36,151.11,283.2,132.08999999999997,5.571676665032023,10.937065529706182,-6.839233106326809,145.51524793771432,-6.586014831387529,-10.132240522020574,142.22224052202057,132.09,-2.842170943040401e-14,CALCULABLE,2
2026Q1,20261,2026年1 - 3 月,2026-03-31,EXCL_FINANCE_INSURANCE,1,0003060191,leaf,106,鉱業、採石業、砂利採取業,106,鉱業、採石業、砂利採取業,24,1億円以上 - 10億円未満,593.18,1206.47,113.31,121.79,8.480000000000004,19.102127516099667,10.09473919782506,117.15143784348767,-53.43002602634131,-55.24141181714635,89.5307319349145,-81.05073193491448,8.480000000000018,-1.4210854715202004e-14,CALCULABLE,2
2026Q1,20261,2026年1 - 3 月,2026-03-31,EXCL_FINANCE_INSURANCE,1,0003060191,leaf,106,鉱業、採石業、砂利採取業,106,鉱業、採石業、砂利採取業,25,10億円以上,3776.37,4588.75,1653.75,545.43,-1108.3200000000002,43.792054274342824,11.886243530373195,355.75789051390626,-1204.8814651920459,-259.19642532186054,226.159677852976,-1334.4796778529762,-1108.3200000000002,0.0,CALCULABLE,2
2026Q1,20261,2026年1 - 3 月,2026-03-31,EXCL_FINANCE_INSURANCE,1,0003060191,leaf,107,建設業,107,建設業,19,1千万円以上 - 1億円未満,200459.95,202169.46,26459.19,22195.86,-4263.329999999998,13.1992400477003,10.97883923714294,225.64232853943878,-4451.014354642879,-37.95797389655869,206.66334159115942,-4469.993341591158,-4263.329999999999,9.094947017729282e-13,CALCULABLE,2
2026Q1,20261,2026年1 - 3 月,2026-03-31,EXCL_FINANCE_INSURANCE,1,0003060191,leaf,107,建設業,107,建設業,24,1億円以上 - 10億円未満,63297.8,53213.14,5886.15,5555.02,-331.1299999999992,9.299138358679132,10.439188516219868,-937.7864864023713,721.6266686198196,-114.97018221744757,-995.2715775110951,664.1415775110959,-331.1299999999992,0.0,CALCULABLE,2
2026Q1,20261,2026年1 - 3 月,2026-03-31,EXCL_FINANCE_INSURANCE,1,0003060191,leaf,107,建設業,107,建設業,25,10億円以上,103267.98,107569.84,8560.37,9828.41,1268.039999999999,8.289471722018773,9.136771050324143,356.6014682208368,874.9889008945241,36.44963088463741,374.8262836631555,893.2137163368428,1268.0399999999984,6.821210263296962e-13,CALCULABLE,2
2026Q1,20261,2026年1 - 3 月,2026-03-31,EXCL_FINANCE_INSURANCE,1,0003060191,leaf,135,電気業,135,電気業,19,1千万円以上 - 1億円未満,2251.6,3061.41,-54.58,255.46,310.04,-2.4240540060401496,8.344520988694752,-19.630231746313733,242.46523458145103,87.2049971648627,23.97226683611762,286.0677331638824,310.04,0.0,CALCULABLE,2
2026Q1,20261,2026年1 - 3 月,2026-03-31,EXCL_FINANCE_INSURANCE,1,0003060191,leaf,135,電気業,135,電気業,24,1億円以上 - 10億円未満,10869.9,8480.29,791.56,615.4,-176.15999999999997,7.282127710466517,7.2568273018965135,-174.01445198207884,-2.7501291111507724,0.604581093229652,-173.71216143546403,-2.4478385645359464,-176.15999999999997,0.0,CALCULABLE,2
2026Q1,20261,2026年1 - 3 月,2026-03-31,EXCL_FINANCE_INSURANCE,1,0003060191,leaf,135,電気業,135,電気業,25,10億円以上,99413.46,89504.31,1767.55,68.76,-1698.79,1.777978555418954,0.0768231161158608,-176.18256202429745,-1691.177482189405,168.5700442137026,-91.89753991744615,-1606.8924600825537,-1698.79,0.0,CALCULABLE,2
2026Q1,20261,2026年1 - 3 月,2026-03-31,EXCL_FINANCE_INSURANCE,1,0003060191,leaf,136,ガス・熱供給・水道業,136,ガス・熱供給・水道業,19,1千万円以上 - 1億円未満,804.18,835.15,67.21,81.56,14.350000000000009,8.35758163595215,9.765910315512185,2.588343032654383,11.325497575285889,0.43615939205974324,2.8064227286842542,11.54357727131576,14.350000000000014,-5.329070518200751e-15,CALCULABLE,2
2026Q1,20261,2026年1 - 3 月,2026-03-31,EXCL_FINANCE_INSURANCE,1,0003060191,leaf,136,ガス・熱供給・水道業,136,ガス・熱供給・水道業,24,1億円以上 - 10億円未満,3819.71,3467.31,148.51,264.79,116.28000000000003,3.8879914967366633,7.636755871266199,-13.701282034500005,143.1919276903421,-13.210645655842086,-20.306604862421047,136.58660486242107,116.28000000000003,0.0,CALCULABLE,2
2026Q1,20261,2026年1 - 3 月,2026-03-31,EXCL_FINANCE_INSURANCE,1,0003060191,leaf,136,ガス・熱供給・水道業,136,ガス・熱供給・水道業,25,10億円以上,17481.77,16547.05,1019.21,565.86,-453.35,5.830130473058507,3.419703209937723,-54.49539555777254,-421.38535015607016,22.530745713842613,-43.23002270085124,-410.11997729914884,-453.3500000000001,5.684341886080802e-14,CALCULABLE,2
2026Q1,20261,2026年1 - 3 月,2026-03-31,EXCL_FINANCE_INSURANCE,1,0003060191,leaf,142,情報通信業,142,情報通信業,19,1千万円以上 - 1億円未満,59099.55,68438.27,2847.73,965.7,-1882.03,4.8185307671547415,1.4110526171979507,449.9890964584333,-2013.8042529727886,-318.21484348564485,290.88167471561087,-2172.911674715611,-1882.03,0.0,CALCULABLE,2
2026Q1,20261,2026年1 - 3 月,2026-03-31,EXCL_FINANCE_INSURANCE,1,0003060191,leaf,142,情報通信業,142,情報通信業,24,1億円以上 - 10億円未満,88787.31,77960.2,6472.6,8764.28,2291.6800000000003,7.290005745190389,11.241992709100286,-789.2969410380832,3508.862916806268,-427.88597576818484,-1003.2399289221756,3294.9199289221756,2291.68,4.547473508864641e-13,CALCULABLE,2
2026Q1,20261,2026年1 - 3 月,2026-03-31,EXCL_FINANCE_INSURANCE,1,0003060191,leaf,142,情報通信業,142,情報通信業,25,10億円以上,107039.29,117610.91,9833.96,11102.25,1268.2900000000009,9.1872433010346,9.439813024148865,971.2404502608349,270.3488383764741,26.700711362692182,984.590805942181,283.6991940578202,1268.290000000001,-2.2737367544323206e-13,CALCULABLE,2
2026Q1,20261,2026年1 - 3 月,2026-03-31,EXCL_FINANCE_INSURANCE,1,0003060191,leaf,131,陸運業,134,運輸業、郵便業(集約),19,1千万円以上 - 1億円未満,46406.12,53880.98,1475.76,1684.23,208.47000000000003,3.1800977974456814,3.125834014154902,237.70785822214827,-25.181716390459172,-4.056141831689175,235.6797873063037,-27.20978730630376,208.46999999999994,8.526512829121202e-14,CALCULABLE,2
2026Q1,20261,2026年1 - 3 月,2026-03-31,EXCL_FINANCE_INSURANCE,1,0003060191,leaf,131,陸運業,134,運輸業、郵便業(集約),24,1億円以上 - 10億円未満,17143.41,16350.24,260.2,816.09,555.8900000000001,1.517784384786924,4.9913028799577255,-12.038610404814445,595.4795170529608,-27.550906648146253,-25.81406372888757,581.7040637288876,555.89,1.1368683772161603e-13,CALCULABLE,2
2026Q1,20261,2026年1 - 3 月,2026-03-31,EXCL_FINANCE_INSURANCE,1,0003060191,leaf,131,陸運業,134,運輸業、郵便業(集約),25,10億円以上,34421.45,35981.08,1002.85,1705.78,702.93,2.913444959465682,4.740769315429109,45.43896162131476,628.9915395257727,28.499498852912474,59.688711047770994,643.241288952229,702.93,0.0,CALCULABLE,2
2026Q1,20261,2026年1 - 3 月,2026-03-31,EXCL_FINANCE_INSURANCE,1,0003060191,leaf,132,水運業,134,運輸業、郵便業(集約),19,1千万円以上 - 1億円未満,4496.49,5142.86,383.63,222.64,-160.99,8.531765888504145,4.329108706050719,55.14677517352423,-188.97205994330005,-27.164715230224203,41.56441755841213,-202.55441755841215,-160.99,0.0,CALCULABLE,2
2026Q1,20261,2026年1 - 3 月,2026-03-31,EXCL_FINANCE_INSURANCE,1,0003060191,leaf,132,水運業,134,運輸業、郵便業(集約),24,1億円以上 - 10億円未満,3381.28,4065.55,-39.73,151.43,191.16,-1.174998817016041,3.7247112936749023,-8.040164405195664,165.67291803077075,33.52724637442492,8.723458782016795,182.4365412179832,191.16,0.0,CALCULABLE,2
2026Q1,20261,2026年1 - 3 月,2026-03-31,EXCL_FINANCE_INSURANCE,1,0003060191,leaf,132,水運業,134,運輸業、郵便業(集約),25,10億円以上,10980.65,11503.75,425.01,410.93,-14.079999999999984,3.8705358972374126,3.57213951972183,20.24677327844892,-32.765861827664835,-1.5609114507840145,19.466317553056914,-33.546317553056845,-14.07999999999993,-5.3290705182007514e-14,CALCULABLE,2
2026Q1,20261,2026年1 - 3 月,2026-03-31,EXCL_FINANCE_INSURANCE,1,0003060191,leaf,133,その他の運輸業,134,運輸業、郵便業(集約),19,1千万円以上 - 1億円未満,13298.69,13132.3,378.76,790.1,411.34000000000003,2.8481000760225252,6.0164632242638385,-4.738953716493915,421.35079315885264,-5.271839442358759,-7.374873437673295,418.71487343767325,411.34,5.684341886080802e-14,CALCULABLE,2
2026Q1,20261,2026年1 - 3 月,2026-03-31,EXCL_FINANCE_INSURANCE,1,0003060191,leaf,133,その他の運輸業,134,運輸業、郵便業(集約),24,1億円以上 - 10億円未満,10298.38,11966.72,301.42,382.9,81.47999999999996,2.926868109353122,3.1997071879345382,48.830111415581875,28.098005100812873,4.551883483605203,51.10605315738448,30.373946842615474,81.47999999999996,0.0,CALCULABLE,2
2026Q1,20261,2026年1 - 3 月,2026-03-31,EXCL_FINANCE_INSURANCE,1,0003060191,leaf,133,その他の運輸業,134,運輸業、郵便業(集約),25,10億円以上,31685.55,31334.95,988.47,1897.71,909.24,3.1196239295199235,6.056208801992663,-10.937401496896806,930.4730680597861,-10.295666562889382,-16.085234778341498,925.3252347783414,909.2399999999999,1.1368683772161603e-13,CALCULABLE,2
2026Q1,20261,2026年1 - 3 月,2026-03-31,EXCL_FINANCE_INSURANCE,1,0003060191,leaf,127,卸売業,129,卸売業・小売業(集約),19,1千万円以上 - 1億円未満,296679.8,295159.22,9802.13,10577.99,775.8600000000006,3.303942499624174,3.583825028403314,-50.239088860785806,830.3549266168949,-4.255837756109892,-52.367007738840755,828.2270077388399,775.8599999999992,1.3642420526593924e-12,CALCULABLE,2
2026Q1,20261,2026年1 - 3 月,2026-03-31,EXCL_FINANCE_INSURANCE,1,0003060191,leaf,127,卸売業,129,卸売業・小売業(集約),24,1億円以上 - 10億円未満,240277.5,251317.92,7166.28,7064.03,-102.25,2.9825014826606733,2.810794391422625,329.2806901919659,-412.57350614950195,-18.957184042463773,319.80209817073404,-422.0520981707338,-102.24999999999977,-2.2737367544323206e-13,CALCULABLE,2
2026Q1,20261,2026年1 - 3 月,2026-03-31,EXCL_FINANCE_INSURANCE,1,0003060191,leaf,127,卸売業,129,卸売業・小売業(集約),25,10億円以上,307782.07,271915.52,4551.21,5707.86,1156.6499999999996,1.4787118690832122,2.0991299062296993,-530.3629318806646,1909.535477382827,-222.5225455021633,-641.6242046317462,1798.2742046317453,1156.6499999999992,4.547473508864641e-13,CALCULABLE,2
2026Q1,20261,2026年1 - 3 月,2026-03-31,EXCL_FINANCE_INSURANCE,1,0003060191,leaf,128,小売業,129,卸売業・小売業(集約),19,1千万円以上 - 1億円未満,233967.77,248893.74,6621.99,4942.22,-1679.7699999999995,2.8303000879138183,1.9856746899299276,422.4497420319902,-1976.1512085165343,-126.06853351545617,359.4154752742621,-2039.1854752742624,-1679.7700000000004,9.094947017729282e-13,CALCULABLE,2
2026Q1,20261,2026年1 - 3 月,2026-03-31,EXCL_FINANCE_INSURANCE,1,0003060191,leaf,128,小売業,129,卸売業・小売業(集約),24,1億円以上 - 10億円未満,111114.3,116764.1,3223.37,2614.43,-608.94,2.900949742742383,2.239070056635558,163.89785856545925,-735.442980059796,-37.39487850566343,145.20041931262753,-754.1404193126277,-608.9400000000002,1.1368683772161603e-13,CALCULABLE,2
2026Q1,20261,2026年1 - 3 月,2026-03-31,EXCL_FINANCE_INSURANCE,1,0003060191,leaf,128,小売業,129,卸売業・小売業(集約),25,10億円以上,86059.15,91379.67,4959.98,5470.77,510.7900000000009,5.7634545542222995,5.9868568139937475,306.6457522483085,192.25808584010045,11.886161911591877,312.58883320410445,198.2011667958964,510.7900000000009,0.0,CALCULABLE,2
2026Q1,20261,2026年1 - 3 月,2026-03-31,EXCL_FINANCE_INSURANCE,1,0003060191,leaf,130,不動産業,155,不動産業、物品賃貸業(集約),19,1千万円以上 - 1億円未満,50264.9,43511.77,7311.71,6677.62,-634.0900000000001,14.546353419583049,15.346698146271686,-982.3341566838894,402.2924765253168,-54.048319841428395,-1009.3583166046036,375.26831660460255,-634.090000000001,9.094947017729282e-13,CALCULABLE,2
2026Q1,20261,2026年1 - 3 月,2026-03-31,EXCL_FINANCE_INSURANCE,1,0003060191,leaf,130,不動産業,155,不動産業、物品賃貸業(集約),24,1億円以上 - 10億円未満,49653.22,49442.85,5504.44,6453.51,949.0700000000006,11.085766441733284,13.052463601916154,-23.3211268634746,976.5284676793524,-4.137340815876753,-25.389797271412977,974.459797271414,949.0700000000011,-4.547473508864641e-13,CALCULABLE,2
2026Q1,20261,2026年1 - 3 月,2026-03-31,EXCL_FINANCE_INSURANCE,1,0003060191,leaf,130,不動産業,155,不動産業、物品賃貸業(集約),25,10億円以上,43943.25,50780.64,7074.13,8791.22,1717.0899999999992,16.09833137057455,17.312148881936107,1100.705699298527,533.3908635613883,82.9934371400841,1142.202417868569,574.8875821314303,1717.0899999999992,0.0,CALCULABLE,2
2026Q1,20261,2026年1 - 3 月,2026-03-31,EXCL_FINANCE_INSURANCE,1,0003060191,leaf,150,リース業,155,不動産業、物品賃貸業(集約),19,1千万円以上 - 1億円未満,7726.2,8989.68,699.35,689.83,-9.519999999999982,9.051668349253191,7.673576812522804,114.36601925914425,-106.47410831086307,-17.411910948281086,105.66006378500371,-115.18006378500361,-9.519999999999897,-8.526512829121202e-14,CALCULABLE,2
2026Q1,20261,2026年1 - 3 月,2026-03-31,EXCL_FINANCE_INSURANCE,1,0003060191,leaf,150,リース業,155,不動産業、物品賃貸業(集約),24,1億円以上 - 10億円未満,7167.36,7464.92,341.86,272.97,-68.88999999999999,4.769678096258595,3.656703621740086,14.192654143227093,-79.7708872968498,-3.3117668463772802,12.536770720038453,-81.42677072003845,-68.89,1.4210854715202004e-14,CALCULABLE,2
2026Q1,20261,2026年1 - 3 月,2026-03-31,EXCL_FINANCE_INSURANCE,1,0003060191,leaf,150,リース業,155,不動産業、物品賃貸業(集約),25,10億円以上,21372.5,23454.24,2467.35,2354.24,-113.11000000000013,11.544508129605802,10.037588086418488,240.326643537256,-322.0664862302087,-31.370157307047613,224.64156488373217,-337.7515648837325,-113.11000000000033,1.9895196601282805e-13,CALCULABLE,2
2026Q1,20261,2026年1 - 3 月,2026-03-31,EXCL_FINANCE_INSURANCE,1,0003060191,leaf,151,その他の物品賃貸業,155,不動産業、物品賃貸業(集約),19,1千万円以上 - 1億円未満,2612.59,3126.25,115.22,153.11,37.890000000000015,4.410182998480435,4.897560975609756,22.653345989994598,12.733188292682932,2.50346571732247,23.905078848655833,13.984921151344167,37.89,1.4210854715202004e-14,CALCULABLE,2
2026Q1,20261,2026年1 - 3 月,2026-03-31,EXCL_FINANCE_INSURANCE,1,0003060191,leaf,151,その他の物品賃貸業,155,不動産業、物品賃貸業(集約),24,1億円以上 - 10億円未満,5132.61,5052.94,195.07,285.62,90.55000000000001,3.8006004742226667,5.652550792212059,-3.0279383978132013,95.05338721615536,-1.4754488183421504,-3.7656628069842766,94.31566280698428,90.55,1.4210854715202004e-14,CALCULABLE,2
2026Q1,20261,2026年1 - 3 月,2026-03-31,EXCL_FINANCE_INSURANCE,1,0003060191,leaf,151,その他の物品賃貸業,155,不動産業、物品賃貸業(集約),25,10億円以上,1343.24,2654.66,96.83,146.67,49.83999999999999,7.208689437479526,5.525001318436259,94.53619502099399,-22.615972290236787,-22.080222730757214,83.49608365561538,-33.65608365561539,49.83999999999999,0.0,CALCULABLE,2
2026Q1,20261,2026年1 - 3 月,2026-03-31,EXCL_FINANCE_INSURANCE,1,0003060191,leaf,139,宿泊業,137,サービス業(集約),19,1千万円以上 - 1億円未満,12217.05,10564.26,149.99,250.93,100.94,1.227710453832963,2.37527285394339,-20.29147560990582,140.1982722026909,-18.966796592785116,-29.774873906298378,130.71487390629835,100.93999999999997,2.842170943040401e-14,CALCULABLE,2
2026Q1,20261,2026年1 - 3 月,2026-03-31,EXCL_FINANCE_INSURANCE,1,0003060191,leaf,139,宿泊業,137,サービス業(集約),24,1億円以上 - 10億円未満,6393.81,5737.37,509.89,401.4,-108.49000000000001,7.974744323024925,6.996236951774071,-52.34941163406486,-62.56390215377426,6.423313787839113,-49.1377547401453,-59.3522452598547,-108.49,-1.4210854715202004e-14,CALCULABLE,2
2026Q1,20261,2026年1 - 3 月,2026-03-31,EXCL_FINANCE_INSURANCE,1,0003060191,leaf,139,宿泊業,137,サービス業(集約),25,10億円以上,1148.1,1434.33,100.67,164.56,63.89,8.76839996515983,11.472952528358189,25.097791220276985,31.050967978080358,7.741240801642664,28.968411621098316,34.92158837890169,63.89,0.0,CALCULABLE,2
2026Q1,20261,2026年1 - 3 月,2026-03-31,EXCL_FINANCE_INSURANCE,1,0003060191,leaf,148,飲食サービス業,137,サービス業(集約),19,1千万円以上 - 1億円未満,34485.34,35046.69,1143.23,415.33,-727.9000000000001,3.3151188302043715,1.1850762511381245,18.60941955335243,-734.5524255357641,-11.956994017588501,12.630922544558182,-740.5309225445584,-727.9000000000002,1.1368683772161603e-13,CALCULABLE,2
2026Q1,20261,2026年1 - 3 月,2026-03-31,EXCL_FINANCE_INSURANCE,1,0003060191,leaf,148,飲食サービス業,137,サービス業(集約),24,1億円以上 - 10億円未満,5665.05,4820.1,157.64,123.94,-33.69999999999999,2.7826762341020816,2.5713159478019127,-23.512222840045535,-11.973665899047726,1.7858887390932776,-22.619278470498895,-11.080721529501087,-33.69999999999998,-7.105427357601002e-15,CALCULABLE,2
2026Q1,20261,2026年1 - 3 月,2026-03-31,EXCL_FINANCE_INSURANCE,1,0003060191,leaf,148,飲食サービス業,137,サービス業(集約),25,10億円以上,7107.01,9048.73,355.41,545.46,190.05,5.000837201579849,6.028028242637365,97.10225611051621,73.00257000706182,19.945173882422004,107.07484305172721,82.97515694827283,190.05000000000004,-2.842170943040401e-14,CALCULABLE,2
2026Q1,20261,2026年1 - 3 月,2026-03-31,EXCL_FINANCE_INSURANCE,1,0003060191,leaf,140,生活関連サービス業,137,サービス業(集約),19,1千万円以上 - 1億円未満,23744.44,13851.05,1197.19,891.01,-306.18000000000006,5.0419803541376425,6.432797513545904,-498.8227801582181,330.24174592539896,-137.59896576718097,-567.6222630418085,261.4422630418085,-306.18000000000006,0.0,CALCULABLE,2
2026Q1,20261,2026年1 - 3 月,2026-03-31,EXCL_FINANCE_INSURANCE,1,0003060191,leaf,140,生活関連サービス業,137,サービス業(集約),24,1億円以上 - 10億円未満,17032.68,8103.27,514.74,324.93,-189.81,3.0220728622859117,4.009862685064178,-269.8532763722444,168.24707958638916,-88.20380321414477,-313.9551779793168,124.14517797931677,-189.81,0.0,CALCULABLE,2
2026Q1,20261,2026年1 - 3 月,2026-03-31,EXCL_FINANCE_INSURANCE,1,0003060191,leaf,140,生活関連サービス業,137,サービス業(集約),25,10億円以上,915.05,723.9,49.39,26.17,-23.22,5.3975192612425555,3.615140212736566,-10.317358067865143,-16.309659483354054,3.4070175512191985,-8.613849292255544,-14.606150707744455,-23.22,0.0,CALCULABLE,2
2026Q1,20261,2026年1 - 3 月,2026-03-31,EXCL_FINANCE_INSURANCE,1,0003060191,leaf,141,娯楽業,137,サービス業(集約),19,1千万円以上 - 1億円未満,24565.91,20555.42,768.73,739.79,-28.940000000000055,3.129255134452581,3.5990021123382543,-125.49846424170738,115.39761981511438,-18.83915557340714,-134.91804202841095,105.97804202841081,-28.94000000000014,8.526512829121202e-14,CALCULABLE,2
2026Q1,20261,2026年1 - 3 月,2026-03-31,EXCL_FINANCE_INSURANCE,1,0003060191,leaf,141,娯楽業,137,サービス業(集約),24,1億円以上 - 10億円未満,8454.12,10495.43,442.11,867.21,425.1,5.229521227519837,8.262739115977144,106.75073976948515,256.43188015164696,61.91738007886785,137.70942980891908,287.3905701910809,425.09999999999997,5.684341886080802e-14,CALCULABLE,2
2026Q1,20261,2026年1 - 3 月,2026-03-31,EXCL_FINANCE_INSURANCE,1,0003060191,leaf,141,娯楽業,137,サービス業(集約),25,10億円以上,7418.54,7467.16,714.4,558.57,-155.82999999999993,9.629927182437514,7.4803539766122595,4.682070596101109,-159.46694810342885,-1.0451224926722364,4.159509349764991,-159.98950934976497,-155.82999999999998,5.684341886080802e-14,CALCULABLE,2
2026Q1,20261,2026年1 - 3 月,2026-03-31,EXCL_FINANCE_INSURANCE,1,0003060191,leaf,138,広告業,137,サービス業(集約),19,1千万円以上 - 1億円未満,13027.51,14969.43,1046.68,800.72,-245.96000000000004,8.03438262568979,5.3490346659826065,156.02128308479521,-349.8339739856495,-52.147309099145765,129.94762853522232,-375.9076285352224,-245.96000000000006,2.842170943040401e-14,CALCULABLE,2
2026Q1,20261,2026年1 - 3 月,2026-03-31,EXCL_FINANCE_INSURANCE,1,0003060191,leaf,138,広告業,137,サービス業(集約),24,1億円以上 - 10億円未満,6359.2,7036.32,361.17,538.85,177.68,5.6794879859101774,7.658122427632627,38.456949050194986,125.82532141801401,13.397729531791049,45.15581381609051,132.52418618390953,177.68000000000004,-2.842170943040401e-14,CALCULABLE,2
2026Q1,20261,2026年1 - 3 月,2026-03-31,EXCL_FINANCE_INSURANCE,1,0003060191,leaf,138,広告業,137,サービス業(集約),25,10億円以上,8394.65,6686.92,518.43,466.92,-51.509999999999934,6.175719059162681,6.982586900994778,-105.46460708903882,67.73373128435813,-13.779124195319268,-112.35416918669846,60.844169186698494,-51.50999999999996,2.842170943040401e-14,CALCULABLE,2
2026Q1,20261,2026年1 - 3 月,2026-03-31,EXCL_FINANCE_INSURANCE,1,0003060191,leaf,158,純粋持株会社,137,サービス業(集約),19,1千万円以上 - 1億円未満,1675.42,2794.23,153.97,-24.76,-178.73,9.189934464194053,-0.8861117374017171,102.81790577884946,-168.81609327077584,-112.73181250807362,46.451999524812656,-225.18199952481265,-178.73,0.0,CALCULABLE,2
2026Q1,20261,2026年1 - 3 月,2026-03-31,EXCL_FINANCE_INSURANCE,1,0003060191,leaf,158,純粋持株会社,137,サービス業(集約),24,1億円以上 - 10億円未満,2148.14,3077.17,307.1,294.77,-12.330000000000041,14.296088709302001,9.579256264684759,132.81495293602842,-101.32416447580084,-43.82078846022758,110.90455870591462,-123.23455870591464,-12.330000000000013,-2.842170943040401e-14,CALCULABLE,2
2026Q1,20261,2026年1 - 3 月,2026-03-31,EXCL_FINANCE_INSURANCE,1,0003060191,leaf,158,純粋持株会社,137,サービス業(集約),25,10億円以上,32517.0,29011.58,15551.21,13674.96,-1876.25,47.824860842021096,47.13621250548918,-1676.462236928375,-223.9277795900814,24.140016518456893,-1664.3922286691466,-211.85777133085296,-1876.2499999999995,-4.547473508864641e-13,CALCULABLE,2
2026Q1,20261,2026年1 - 3 月,2026-03-31,EXCL_FINANCE_INSURANCE,1,0003060191,leaf,159,その他の学術研究、専門・技術サービス業,137,サービス業(集約),19,1千万円以上 - 1億円未満,50023.99,48808.33,9352.92,8989.68,-363.2399999999998,18.696869242137623,18.41833146104364,-227.29036062896952,-139.33571176067687,3.3860723896471256,-225.59732443414595,-137.64267556585332,-363.23999999999927,-5.115907697472721e-13,CALCULABLE,2
2026Q1,20261,2026年1 - 3 月,2026-03-31,EXCL_FINANCE_INSURANCE,1,0003060191,leaf,159,その他の学術研究、専門・技術サービス業,137,サービス業(集約),24,1億円以上 - 10億円未満,17908.14,17331.66,1860.31,2425.1,564.79,10.388069336067286,13.992312334767702,-59.88514210856064,645.4528821474684,-20.777740038908135,-70.2740121280147,635.0640121280143,564.7899999999995,4.547473508864641e-13,CALCULABLE,2
2026Q1,20261,2026年1 - 3 月,2026-03-31,EXCL_FINANCE_INSURANCE,1,0003060191,leaf,159,その他の学術研究、専門・技術サービス業,137,サービス業(集約),25,10億円以上,4503.05,4224.9,643.3,446.36,-196.93999999999994,14.285872908362107,10.5649837865985,-39.73615549460928,-167.5534975975761,10.349653092185493,-34.56132894851653,-162.37867105148334,-196.93999999999988,-5.684341886080802e-14,CALCULABLE,2
2026Q1,20261,2026年1 - 3 月,2026-03-31,EXCL_FINANCE_INSURANCE,1,0003060191,leaf,153,教育、学習支援業,137,サービス業(集約),19,1千万円以上 - 1億円未満,6058.98,4375.88,712.53,530.17,-182.36,11.759900181218622,12.115734435130761,-197.93087995009054,21.559926277685733,-5.989046327595213,-200.92540311388814,18.565403113888127,-182.36,0.0,CALCULABLE,2
2026Q1,20261,2026年1 - 3 月,2026-03-31,EXCL_FINANCE_INSURANCE,1,0003060191,leaf,153,教育、学習支援業,137,サービス業(集約),24,1億円以上 - 10億円未満,1391.17,1796.82,8.28,122.29,114.01,0.5951824723074821,6.805912667935575,2.4143576989153,86.40181526251934,25.19382703856535,15.011271218197974,98.99872878180201,114.00999999999999,1.4210854715202004e-14,CALCULABLE,2
2026Q1,20261,2026年1 - 3 月,2026-03-31,EXCL_FINANCE_INSURANCE,1,0003060191,leaf,153,教育、学習支援業,137,サービス業(集約),25,10億円以上,712.68,725.92,96.41,144.63,48.22,13.527810518044564,19.92368305047388,1.7910821125891014,45.58210436411726,0.8468135232936421,2.2144888742359226,46.00551112576408,48.220000000000006,-7.105427357601002e-15,CALCULABLE,2
2026Q1,20261,2026年1 - 3 月,2026-03-31,EXCL_FINANCE_INSURANCE,1,0003060191,leaf,152,医療、福祉業,137,サービス業(集約),19,1千万円以上 - 1億円未満,9521.8,16235.29,481.2,355.94,-125.25999999999999,5.053666323594279,2.1923846140105905,339.27738326786965,-272.44552182313964,-192.09186144473003,243.23145254550462,-368.49145254550467,-125.26000000000005,5.684341886080802e-14,CALCULABLE,2
2026Q1,20261,2026年1 - 3 月,2026-03-31,EXCL_FINANCE_INSURANCE,1,0003060191,leaf,152,医療、福祉業,137,サービス業(集約),24,1億円以上 - 10億円未満,10601.49,7688.95,236.6,328.21,91.60999999999999,2.231761761790088,4.2685932409496745,-65.00095401684104,215.93448557995563,-59.323531563114614,-94.66271979839834,186.27271979839833,91.60999999999999,0.0,CALCULABLE,2
2026Q1,20261,2026年1 - 3 月,2026-03-31,EXCL_FINANCE_INSURANCE,1,0003060191,leaf,152,医療、福祉業,137,サービス業(集約),25,10億円以上,1562.07,1547.4,37.25,-4.96,-42.21,2.384656257402037,-0.32053767610184825,-0.3498290729608752,-42.25702287708414,0.39685195004501583,-0.15140309793836726,-42.05859690206163,-42.21,0.0,CALCULABLE,2
2026Q1,20261,2026年1 - 3 月,2026-03-31,EXCL_FINANCE_INSURANCE,1,0003060191,leaf,160,職業紹介・労働者派遣業,137,サービス業(集約),19,1千万円以上 - 1億円未満,20023.36,19955.92,659.08,117.1,-541.98,3.2915554632189608,0.5867932924164859,-2.2198250043949437,-541.5842666035944,1.824091607989252,-1.3077792004003177,-540.6722207995998,-541.9800000000001,1.1368683772161603e-13,CALCULABLE,2
2026Q1,20261,2026年1 - 3 月,2026-03-31,EXCL_FINANCE_INSURANCE,1,0003060191,leaf,160,職業紹介・労働者派遣業,137,サービス業(集約),24,1億円以上 - 10億円未満,10765.02,11357.98,459.44,787.05,327.60999999999996,4.26789731928041,6.92948922255542,25.30692394440508,286.52090070593545,15.782175349659473,33.19801161923482,294.4119883807652,327.61,-5.684341886080802e-14,CALCULABLE,2
2026Q1,20261,2026年1 - 3 月,2026-03-31,EXCL_FINANCE_INSURANCE,1,0003060191,leaf,160,職業紹介・労働者派遣業,137,サービス業(集約),25,10億円以上,2412.52,2271.27,108.53,118.81,10.280000000000001,4.498615555518711,5.2309941134255284,-6.35429447217018,17.668779185213552,-1.0344847130433796,-6.87153682869187,17.151536828691864,10.279999999999994,7.105427357601002e-15,CALCULABLE,2
2026Q1,20261,2026年1 - 3 月,2026-03-31,EXCL_FINANCE_INSURANCE,1,0003060191,leaf,143,その他のサービス業,137,サービス業(集約),19,1千万円以上 - 1億円未満,53978.69,58589.8,2142.06,2714.82,572.7600000000002,3.968343803823323,4.633605166769642,182.98469797247765,359.0993687945685,30.675933232954023,198.32266458895467,374.43733541104547,572.7600000000001,1.1368683772161603e-13,CALCULABLE,2
2026Q1,20261,2026年1 - 3 月,2026-03-31,EXCL_FINANCE_INSURANCE,1,0003060191,leaf,143,その他のサービス業,137,サービス業(集約),24,1億円以上 - 10億円未満,33573.9,32691.84,2825.11,2918.9,93.78999999999996,8.414601818674624,8.928527730467298,-74.2218368018015,172.54497169936027,-4.533134897558459,-76.48840425058073,170.27840425058105,93.79000000000032,-3.552713678800501e-13,CALCULABLE,2
2026Q1,20261,2026年1 - 3 月,2026-03-31,EXCL_FINANCE_INSURANCE,1,0003060191,leaf,143,その他のサービス業,137,サービス業(集約),25,10億円以上,21621.51,22815.71,1422.8,1374.46,-48.33999999999992,6.580483971748505,6.024182460243402,78.5841395906207,-120.2807869402268,-6.643352650393934,75.26246326542373,-123.60246326542376,-48.34000000000003,1.1368683772161603e-13,CALCULABLE,2
