coverage_scope,source_table_number,release_id,period_code,period,period_end,estat_sid,taxonomy,taxonomy_order,industry_code,industry_name,parent_major_code,parent_major_name,is_mutually_exclusive,capital_size_code,capital_size_name,metric_id,raw_value_oku_yen,raw_lag4_value_oku_yen,raw_yoy_delta_oku_yen,raw_yoy_pct,raw_yoy_status,all_industry_yoy_delta_oku_yen,contribution_pct_to_all_net_change,contribution_status,gross_positive_yoy_delta_oku_yen,share_of_gross_positive_pct,positive_share_status
EXCL_FINANCE_INSURANCE,1,2026Q1,20261,2026年1 - 3 月,2026-03-31,0003060191,major,1,108,製造業,108,製造業,True,26,全規模,capex_excluding_software,55286.81,55975.11,-688.3000000000029,-1.2296536800017077,CALCULABLE,-2342.640000000014,29.38138168903454,CALCULABLE,2519.180000000001,0.0,NON_POSITIVE_COMPONENT
EXCL_FINANCE_INSURANCE,1,2026Q1,20261,2026年1 - 3 月,2026-03-31,0003060191,major,2,105,農林水産業(集約),105,農林水産業(集約),True,26,全規模,capex_excluding_software,470.6,549.7,-79.10000000000002,-14.389667091140623,CALCULABLE,-2342.640000000014,3.3765324591059462,CALCULABLE,2519.180000000001,0.0,NON_POSITIVE_COMPONENT
EXCL_FINANCE_INSURANCE,1,2026Q1,20261,2026年1 - 3 月,2026-03-31,0003060191,major,3,106,鉱業、採石業、砂利採取業,106,鉱業、採石業、砂利採取業,True,26,全規模,capex_excluding_software,523.34,346.15,177.19000000000005,51.188790986566545,CALCULABLE,-2342.640000000014,-7.563688829696368,CALCULABLE,2519.180000000001,7.033637929802554,CALCULABLE
EXCL_FINANCE_INSURANCE,1,2026Q1,20261,2026年1 - 3 月,2026-03-31,0003060191,major,4,107,建設業,107,建設業,True,26,全規模,capex_excluding_software,5936.33,6164.66,-228.32999999999993,-3.703853902729426,CALCULABLE,-2342.640000000014,9.746696035242229,CALCULABLE,2519.180000000001,0.0,NON_POSITIVE_COMPONENT
EXCL_FINANCE_INSURANCE,1,2026Q1,20261,2026年1 - 3 月,2026-03-31,0003060191,major,5,135,電気業,135,電気業,True,26,全規模,capex_excluding_software,14381.85,12455.47,1926.380000000001,15.466136564898814,CALCULABLE,-2342.640000000014,-82.23115800976632,CALCULABLE,2519.180000000001,76.4685334116657,CALCULABLE
EXCL_FINANCE_INSURANCE,1,2026Q1,20261,2026年1 - 3 月,2026-03-31,0003060191,major,6,136,ガス・熱供給・水道業,136,ガス・熱供給・水道業,True,26,全規模,capex_excluding_software,1326.6,1317.41,9.189999999999827,0.697580859413538,CALCULABLE,-2342.640000000014,-0.3922924563739957,CALCULABLE,2519.180000000001,0.3648012448495075,CALCULABLE
EXCL_FINANCE_INSURANCE,1,2026Q1,20261,2026年1 - 3 月,2026-03-31,0003060191,major,7,142,情報通信業,142,情報通信業,True,26,全規模,capex_excluding_software,12160.24,11753.82,406.4200000000001,3.4577694740943743,CALCULABLE,-2342.640000000014,-17.348803059795685,CALCULABLE,2519.180000000001,16.133027413682225,CALCULABLE
EXCL_FINANCE_INSURANCE,1,2026Q1,20261,2026年1 - 3 月,2026-03-31,0003060191,major,8,134,運輸業、郵便業(集約),134,運輸業、郵便業(集約),True,26,全規模,capex_excluding_software,23451.25,23518.22,-66.97000000000116,-0.28475794511659824,CALCULABLE,-2342.640000000014,2.8587405661988514,CALCULABLE,2519.180000000001,0.0,NON_POSITIVE_COMPONENT
EXCL_FINANCE_INSURANCE,1,2026Q1,20261,2026年1 - 3 月,2026-03-31,0003060191,major,9,129,卸売業・小売業(集約),129,卸売業・小売業(集約),True,26,全規模,capex_excluding_software,18264.37,18662.33,-397.96000000000276,-2.13242397921376,CALCULABLE,-2342.640000000014,16.98767202813921,CALCULABLE,2519.180000000001,0.0,NON_POSITIVE_COMPONENT
EXCL_FINANCE_INSURANCE,1,2026Q1,20261,2026年1 - 3 月,2026-03-31,0003060191,major,10,155,不動産業、物品賃貸業(集約),155,不動産業、物品賃貸業(集約),True,26,全規模,capex_excluding_software,20224.27,22855.52,-2631.25,-11.512536140065944,CALCULABLE,-2342.640000000014,112.31986135300278,CALCULABLE,2519.180000000001,0.0,NON_POSITIVE_COMPONENT
EXCL_FINANCE_INSURANCE,1,2026Q1,20261,2026年1 - 3 月,2026-03-31,0003060191,major,11,137,サービス業(集約),137,サービス業(集約),True,26,全規模,capex_excluding_software,13636.02,14405.93,-769.9099999999999,-5.344396370105919,CALCULABLE,-2342.640000000014,32.86505822490845,CALCULABLE,2519.180000000001,0.0,NON_POSITIVE_COMPONENT
EXCL_FINANCE_INSURANCE,1,2026Q1,20261,2026年1 - 3 月,2026-03-31,0003060191,major,1,108,製造業,108,製造業,True,26,全規模,capex_including_software,61980.91,62251.69,-270.77999999999884,-0.43497614281635677,CALCULABLE,88.77999999999884,-305.001126379818,CALCULABLE,4079.8100000000013,0.0,NON_POSITIVE_COMPONENT
EXCL_FINANCE_INSURANCE,1,2026Q1,20261,2026年1 - 3 月,2026-03-31,0003060191,major,2,105,農林水産業(集約),105,農林水産業(集約),True,26,全規模,capex_including_software,486.45,554.6,-68.15000000000003,-12.288135593220339,CALCULABLE,88.77999999999884,-76.7627844109044,CALCULABLE,4079.8100000000013,0.0,NON_POSITIVE_COMPONENT
EXCL_FINANCE_INSURANCE,1,2026Q1,20261,2026年1 - 3 月,2026-03-31,0003060191,major,3,106,鉱業、採石業、砂利採取業,106,鉱業、採石業、砂利採取業,True,26,全規模,capex_including_software,525.24,366.62,158.62,43.26550651901151,CALCULABLE,88.77999999999884,178.6663662987183,CALCULABLE,4079.8100000000013,3.8879261534238103,CALCULABLE
EXCL_FINANCE_INSURANCE,1,2026Q1,20261,2026年1 - 3 月,2026-03-31,0003060191,major,4,107,建設業,107,建設業,True,26,全規模,capex_including_software,6692.58,6774.43,-81.85000000000036,-1.2082197321398258,CALCULABLE,88.77999999999884,-92.19418788015481,CALCULABLE,4079.8100000000013,0.0,NON_POSITIVE_COMPONENT
EXCL_FINANCE_INSURANCE,1,2026Q1,20261,2026年1 - 3 月,2026-03-31,0003060191,major,5,135,電気業,135,電気業,True,26,全規模,capex_including_software,15019.34,12733.45,2285.8899999999994,17.951851226493986,CALCULABLE,88.77999999999884,2574.780355936055,CALCULABLE,4079.8100000000013,56.02932489503184,CALCULABLE
EXCL_FINANCE_INSURANCE,1,2026Q1,20261,2026年1 - 3 月,2026-03-31,0003060191,major,6,136,ガス・熱供給・水道業,136,ガス・熱供給・水道業,True,26,全規模,capex_including_software,1516.25,1510.78,5.470000000000027,0.36206462886720914,CALCULABLE,88.77999999999884,6.161297589547307,CALCULABLE,4079.8100000000013,0.1340748711337054,CALCULABLE
EXCL_FINANCE_INSURANCE,1,2026Q1,20261,2026年1 - 3 月,2026-03-31,0003060191,major,7,142,情報通信業,142,情報通信業,True,26,全規模,capex_including_software,18295.9,17220.87,1075.0300000000025,6.242599822192507,CALCULABLE,88.77999999999884,1210.8920928137154,CALCULABLE,4079.8100000000013,26.350001593211502,CALCULABLE
EXCL_FINANCE_INSURANCE,1,2026Q1,20261,2026年1 - 3 月,2026-03-31,0003060191,major,8,134,運輸業、郵便業(集約),134,運輸業、郵便業(集約),True,26,全規模,capex_including_software,24868.6,24761.78,106.81999999999971,0.4313906350835728,CALCULABLE,88.77999999999884,120.31989186753897,CALCULABLE,4079.8100000000013,2.6182591836384455,CALCULABLE
EXCL_FINANCE_INSURANCE,1,2026Q1,20261,2026年1 - 3 月,2026-03-31,0003060191,major,9,129,卸売業・小売業(集約),129,卸売業・小売業(集約),True,26,全規模,capex_including_software,21340.72,20892.74,447.97999999999956,2.1441897999017856,CALCULABLE,88.77999999999884,504.59562964632283,CALCULABLE,4079.8100000000013,10.98041330356069,CALCULABLE
EXCL_FINANCE_INSURANCE,1,2026Q1,20261,2026年1 - 3 月,2026-03-31,0003060191,major,10,155,不動産業、物品賃貸業(集約),155,不動産業、物品賃貸業(集約),True,26,全規模,capex_including_software,20721.52,23640.0,-2918.4799999999996,-12.34551607445008,CALCULABLE,88.77999999999884,-3287.3169632800605,CALCULABLE,4079.8100000000013,0.0,NON_POSITIVE_COMPONENT
EXCL_FINANCE_INSURANCE,1,2026Q1,20261,2026年1 - 3 月,2026-03-31,0003060191,major,11,137,サービス業(集約),137,サービス業(集約),True,26,全規模,capex_including_software,16616.39,17268.16,-651.7700000000004,-3.7744032948501816,CALCULABLE,88.77999999999884,-734.1405722009563,CALCULABLE,4079.8100000000013,0.0,NON_POSITIVE_COMPONENT
EXCL_FINANCE_INSURANCE,1,2026Q1,20261,2026年1 - 3 月,2026-03-31,0003060191,major,1,108,製造業,108,製造業,True,26,全規模,operating_profit,88629.4,60876.83,27752.569999999992,45.588066921355775,CALCULABLE,25970.25,106.86292969840487,CALCULABLE,34810.5,79.72470949857082,CALCULABLE
EXCL_FINANCE_INSURANCE,1,2026Q1,20261,2026年1 - 3 月,2026-03-31,0003060191,major,2,105,農林水産業(集約),105,農林水産業(集約),True,26,全規模,operating_profit,297.97,-125.41,423.38,,NEGATIVE_PROFIT_BASE_NOT_CALCULABLE,25970.25,1.6302499975934002,CALCULABLE,34810.5,1.2162422257652146,CALCULABLE
EXCL_FINANCE_INSURANCE,1,2026Q1,20261,2026年1 - 3 月,2026-03-31,0003060191,major,3,106,鉱業、採石業、砂利採取業,106,鉱業、採石業、砂利採取業,True,26,全規模,operating_profit,950.42,1918.17,-967.7500000000001,-50.4517326410068,CALCULABLE,25970.25,-3.7263792223794536,CALCULABLE,34810.5,0.0,NON_POSITIVE_COMPONENT
EXCL_FINANCE_INSURANCE,1,2026Q1,20261,2026年1 - 3 月,2026-03-31,0003060191,major,4,107,建設業,107,建設業,True,26,全規模,operating_profit,37579.29,40905.71,-3326.4199999999983,-8.13192094697781,CALCULABLE,25970.25,-12.808579047178977,CALCULABLE,34810.5,0.0,NON_POSITIVE_COMPONENT
EXCL_FINANCE_INSURANCE,1,2026Q1,20261,2026年1 - 3 月,2026-03-31,0003060191,major,5,135,電気業,135,電気業,True,26,全規模,operating_profit,939.62,2504.53,-1564.9100000000003,-62.48318047697572,CALCULABLE,25970.25,-6.0257794976944785,CALCULABLE,34810.5,0.0,NON_POSITIVE_COMPONENT
EXCL_FINANCE_INSURANCE,1,2026Q1,20261,2026年1 - 3 月,2026-03-31,0003060191,major,6,136,ガス・熱供給・水道業,136,ガス・熱供給・水道業,True,26,全規模,operating_profit,912.21,1234.93,-322.72,-26.1326552922028,CALCULABLE,25970.25,-1.2426526506290854,CALCULABLE,34810.5,0.0,NON_POSITIVE_COMPONENT
EXCL_FINANCE_INSURANCE,1,2026Q1,20261,2026年1 - 3 月,2026-03-31,0003060191,major,7,142,情報通信業,142,情報通信業,True,26,全規模,operating_profit,20832.23,19154.29,1677.9399999999987,8.760126321570771,CALCULABLE,25970.25,6.461008269077112,CALCULABLE,34810.5,4.820212292268133,CALCULABLE
EXCL_FINANCE_INSURANCE,1,2026Q1,20261,2026年1 - 3 月,2026-03-31,0003060191,major,8,134,運輸業、郵便業(集約),134,運輸業、郵便業(集約),True,26,全規模,operating_profit,8061.81,5176.37,2885.4400000000005,55.74253772431261,CALCULABLE,25970.25,11.110559197543344,CALCULABLE,34810.5,8.288993263526812,CALCULABLE
EXCL_FINANCE_INSURANCE,1,2026Q1,20261,2026年1 - 3 月,2026-03-31,0003060191,major,9,129,卸売業・小売業(集約),129,卸売業・小売業(集約),True,26,全規模,operating_profit,36377.3,36324.96,52.34000000000378,0.14408825226512878,CALCULABLE,25970.25,0.20153829863017794,CALCULABLE,34810.5,0.1503569325347346,CALCULABLE
EXCL_FINANCE_INSURANCE,1,2026Q1,20261,2026年1 - 3 月,2026-03-31,0003060191,major,10,155,不動産業、物品賃貸業(集約),155,不動産業、物品賃貸業(集約),True,26,全規模,operating_profit,25824.79,23805.96,2018.8300000000017,8.480355339587241,CALCULABLE,25970.25,7.773625590820273,CALCULABLE,34810.5,5.799485787334286,CALCULABLE
EXCL_FINANCE_INSURANCE,1,2026Q1,20261,2026年1 - 3 月,2026-03-31,0003060191,major,11,137,サービス業(集約),137,サービス業(集約),True,26,全規模,operating_profit,42429.32,45087.77,-2658.449999999997,-5.896166521431412,CALCULABLE,25970.25,-10.236520634187183,CALCULABLE,34810.5,0.0,NON_POSITIVE_COMPONENT
EXCL_FINANCE_INSURANCE,1,2026Q1,20261,2026年1 - 3 月,2026-03-31,0003060191,major,1,108,製造業,108,製造業,True,26,全規模,ordinary_profit,129231.15,90447.82,38783.32999999999,42.8792313623479,CALCULABLE,41576.869999999995,93.28102380001187,CALCULABLE,48080.529999999984,80.66327471847752,CALCULABLE
EXCL_FINANCE_INSURANCE,1,2026Q1,20261,2026年1 - 3 月,2026-03-31,0003060191,major,2,105,農林水産業(集約),105,農林水産業(集約),True,26,全規模,ordinary_profit,687.56,171.71,515.8499999999999,300.4193116300739,CALCULABLE,41576.869999999995,1.2407138873128256,CALCULABLE,48080.529999999984,1.0728875076876234,CALCULABLE
EXCL_FINANCE_INSURANCE,1,2026Q1,20261,2026年1 - 3 月,2026-03-31,0003060191,major,3,106,鉱業、採石業、砂利採取業,106,鉱業、採石業、砂利採取業,True,26,全規模,ordinary_profit,1537.53,1748.7,-211.17000000000007,-12.075827757762914,CALCULABLE,41576.869999999995,-0.5079025910319851,CALCULABLE,48080.529999999984,0.0,NON_POSITIVE_COMPONENT
EXCL_FINANCE_INSURANCE,1,2026Q1,20261,2026年1 - 3 月,2026-03-31,0003060191,major,4,107,建設業,107,建設業,True,26,全規模,ordinary_profit,39942.71,42455.59,-2512.8799999999974,-5.918843666994144,CALCULABLE,41576.869999999995,-6.043937410391878,CALCULABLE,48080.529999999984,0.0,NON_POSITIVE_COMPONENT
EXCL_FINANCE_INSURANCE,1,2026Q1,20261,2026年1 - 3 月,2026-03-31,0003060191,major,5,135,電気業,135,電気業,True,26,全規模,ordinary_profit,-154.36,1877.39,-2031.75,-108.22205295649812,CALCULABLE,41576.869999999995,-4.886731492774709,CALCULABLE,48080.529999999984,0.0,NON_POSITIVE_COMPONENT
EXCL_FINANCE_INSURANCE,1,2026Q1,20261,2026年1 - 3 月,2026-03-31,0003060191,major,6,136,ガス・熱供給・水道業,136,ガス・熱供給・水道業,True,26,全規模,ordinary_profit,933.41,1238.06,-304.65,-24.60704650824678,CALCULABLE,41576.869999999995,-0.7327391407770715,CALCULABLE,48080.529999999984,0.0,NON_POSITIVE_COMPONENT
EXCL_FINANCE_INSURANCE,1,2026Q1,20261,2026年1 - 3 月,2026-03-31,0003060191,major,7,142,情報通信業,142,情報通信業,True,26,全規模,ordinary_profit,23103.3,23062.11,41.18999999999869,0.17860464632246664,CALCULABLE,41576.869999999995,0.09906950667522277,CALCULABLE,48080.529999999984,0.0856687727859878,CALCULABLE
EXCL_FINANCE_INSURANCE,1,2026Q1,20261,2026年1 - 3 月,2026-03-31,0003060191,major,8,134,運輸業、郵便業(集約),134,運輸業、郵便業(集約),True,26,全規模,ordinary_profit,8632.9,5735.09,2897.8099999999995,50.52771621718228,CALCULABLE,41576.869999999995,6.969764679255556,CALCULABLE,48080.529999999984,6.02699263090486,CALCULABLE
EXCL_FINANCE_INSURANCE,1,2026Q1,20261,2026年1 - 3 月,2026-03-31,0003060191,major,9,129,卸売業・小売業(集約),129,卸売業・小売業(集約),True,26,全規模,ordinary_profit,50390.43,47205.72,3184.709999999999,6.746449370966068,CALCULABLE,41576.869999999995,7.659811813635802,CALCULABLE,48080.529999999984,6.623699863541438,CALCULABLE
EXCL_FINANCE_INSURANCE,1,2026Q1,20261,2026年1 - 3 月,2026-03-31,0003060191,major,10,155,不動産業、物品賃貸業(集約),155,不動産業、物品賃貸業(集約),True,26,全規模,ordinary_profit,28884.13,26226.49,2657.6399999999994,10.133418539804605,CALCULABLE,41576.869999999995,6.392111767913265,CALCULABLE,48080.529999999984,5.52747650660257,CALCULABLE
EXCL_FINANCE_INSURANCE,1,2026Q1,20261,2026年1 - 3 月,2026-03-31,0003060191,major,11,137,サービス業(集約),137,サービス業(集約),True,26,全規模,ordinary_profit,43082.1,44525.31,-1443.2099999999991,-3.2413249902134345,CALCULABLE,41576.869999999995,-3.4711848198289084,CALCULABLE,48080.529999999984,0.0,NON_POSITIVE_COMPONENT
EXCL_FINANCE_INSURANCE,1,2026Q1,20261,2026年1 - 3 月,2026-03-31,0003060191,major,1,108,製造業,108,製造業,True,26,全規模,sales,1225320.64,1172657.85,52662.789999999804,4.490891354200177,CALCULABLE,44303.23999999976,118.86893599655485,CALCULABLE,79557.42999999983,66.19468477048581,CALCULABLE
EXCL_FINANCE_INSURANCE,1,2026Q1,20261,2026年1 - 3 月,2026-03-31,0003060191,major,2,105,農林水産業(集約),105,農林水産業(集約),True,26,全規模,sales,8943.91,10842.93,-1899.0200000000004,-17.513900762985656,CALCULABLE,44303.23999999976,-4.2864133638984665,CALCULABLE,79557.42999999983,0.0,NON_POSITIVE_COMPONENT
EXCL_FINANCE_INSURANCE,1,2026Q1,20261,2026年1 - 3 月,2026-03-31,0003060191,major,3,106,鉱業、採石業、砂利採取業,106,鉱業、採石業、砂利採取業,True,26,全規模,sales,8384.58,7081.66,1302.92,18.398511083559498,CALCULABLE,44303.23999999976,2.9409135765239904,CALCULABLE,79557.42999999983,1.6377100165251728,CALCULABLE
EXCL_FINANCE_INSURANCE,1,2026Q1,20261,2026年1 - 3 月,2026-03-31,0003060191,major,4,107,建設業,107,建設業,True,26,全規模,sales,362952.44,367025.73,-4073.289999999979,-1.109810475685169,CALCULABLE,44303.23999999976,-9.194113116783335,CALCULABLE,79557.42999999983,0.0,NON_POSITIVE_COMPONENT
EXCL_FINANCE_INSURANCE,1,2026Q1,20261,2026年1 - 3 月,2026-03-31,0003060191,major,5,135,電気業,135,電気業,True,26,全規模,sales,101046.01,112534.96,-11488.950000000012,-10.20922742585949,CALCULABLE,44303.23999999976,-25.932527733863424,CALCULABLE,79557.42999999983,0.0,NON_POSITIVE_COMPONENT
EXCL_FINANCE_INSURANCE,1,2026Q1,20261,2026年1 - 3 月,2026-03-31,0003060191,major,6,136,ガス・熱供給・水道業,136,ガス・熱供給・水道業,True,26,全規模,sales,20849.51,22105.66,-1256.1500000000015,-5.682481319263943,CALCULABLE,44303.23999999976,-2.83534567674962,CALCULABLE,79557.42999999983,0.0,NON_POSITIVE_COMPONENT
EXCL_FINANCE_INSURANCE,1,2026Q1,20261,2026年1 - 3 月,2026-03-31,0003060191,major,7,142,情報通信業,142,情報通信業,True,26,全規模,sales,264009.38,254926.15,9083.23000000001,3.5630828771391343,CALCULABLE,44303.23999999976,20.50240569312777,CALCULABLE,79557.42999999983,11.41719887130596,CALCULABLE
EXCL_FINANCE_INSURANCE,1,2026Q1,20261,2026年1 - 3 月,2026-03-31,0003060191,major,8,134,運輸業、郵便業(集約),134,運輸業、郵便業(集約),True,26,全規模,sales,183358.43,172112.02,11246.410000000003,6.534354776615836,CALCULABLE,44303.23999999976,25.385073416752512,CALCULABLE,79557.42999999983,14.136215812903997,CALCULABLE
EXCL_FINANCE_INSURANCE,1,2026Q1,20261,2026年1 - 3 月,2026-03-31,0003060191,major,9,129,卸売業・小売業(集約),129,卸売業・小売業(集約),True,26,全規模,sales,1275430.17,1275880.59,-450.4200000001583,-0.03530267671837395,CALCULABLE,44303.23999999976,-1.0166750783919207,CALCULABLE,79557.42999999983,0.0,NON_POSITIVE_COMPONENT
EXCL_FINANCE_INSURANCE,1,2026Q1,20261,2026年1 - 3 月,2026-03-31,0003060191,major,10,155,不動産業、物品賃貸業(集約),155,不動産業、物品賃貸業(集約),True,26,全規模,sales,194477.95,189215.87,5262.080000000016,2.780992947367489,CALCULABLE,44303.23999999976,11.87741573753984,CALCULABLE,79557.42999999983,6.614190528779056,CALCULABLE
EXCL_FINANCE_INSURANCE,1,2026Q1,20261,2026年1 - 3 月,2026-03-31,0003060191,major,11,137,サービス業(集約),137,サービス業(集約),True,26,全規模,sales,441841.03,457927.39,-16086.359999999986,-3.5128625959674475,CALCULABLE,44303.23999999976,-36.30966945081234,CALCULABLE,79557.42999999983,0.0,NON_POSITIVE_COMPONENT
