coverage_scope,source_table_number,release_id,period_code,period,period_end,estat_sid,taxonomy,aggregation_level,industry_code,industry_name,parent_major_code,parent_major_name,capital_size_code,capital_size_name,ordinary_profit_current_oku_yen,ordinary_profit_previous_oku_yen,ordinary_profit_yoy_delta_oku_yen,operating_profit_current_oku_yen,operating_profit_previous_oku_yen,operating_profit_yoy_delta_oku_yen,net_non_operating_gap_current_oku_yen,net_non_operating_gap_previous_oku_yen,net_non_operating_gap_yoy_delta_oku_yen,gap_delta_share_of_ordinary_delta_pct,gap_share_status,ordinary_profit_transition_yoy,interpretation_note
EXCL_FINANCE_INSURANCE,1,2026Q1,20261,2026年1 - 3 月,2026-03-31,0003060191,leaf,ALL,104,全産業（除く金融保険業）,,,26,全規模,326270.86,284693.99,41576.869999999995,262834.36,236864.11,25970.25,63436.5,47829.880000000005,15606.619999999995,37.53678427452571,CALCULABLE,NO_SIGN_CHANGE,"ordinary_profit minus operating_profit; may contain net interest, dividends, FX, equity-method and other non-operating items"
EXCL_FINANCE_INSURANCE,1,2026Q1,20261,2026年1 - 3 月,2026-03-31,0003060191,leaf,CAPITAL,104,全産業（除く金融保険業）,,,19,1千万円以上 - 1億円未満,94161.62,92758.82,1402.7999999999884,82472.22,84061.13,-1588.9100000000035,11689.399999999994,8697.690000000002,2991.709999999992,213.2670373538649,CALCULABLE,NO_SIGN_CHANGE,"ordinary_profit minus operating_profit; may contain net interest, dividends, FX, equity-method and other non-operating items"
EXCL_FINANCE_INSURANCE,1,2026Q1,20261,2026年1 - 3 月,2026-03-31,0003060191,leaf,CAPITAL,104,全産業（除く金融保険業）,,,24,1億円以上 - 10億円未満,59048.11,53105.14,5942.970000000001,54046.32,46202.57,7843.75,5001.790000000001,6902.57,-1900.7799999999988,-31.98367146393131,CALCULABLE,NO_SIGN_CHANGE,"ordinary_profit minus operating_profit; may contain net interest, dividends, FX, equity-method and other non-operating items"
EXCL_FINANCE_INSURANCE,1,2026Q1,20261,2026年1 - 3 月,2026-03-31,0003060191,leaf,CAPITAL,104,全産業（除く金融保険業）,,,25,10億円以上,173061.13,138830.03,34231.100000000006,126315.82,106600.41,19715.410000000003,46745.31,32229.619999999995,14515.690000000002,42.40497676089872,CALCULABLE,NO_SIGN_CHANGE,"ordinary_profit minus operating_profit; may contain net interest, dividends, FX, equity-method and other non-operating items"
EXCL_FINANCE_INSURANCE,1,2026Q1,20261,2026年1 - 3 月,2026-03-31,0003060191,leaf,INDUSTRY,109,食料品製造業,108,製造業,26,全規模,4976.31,4021.62,954.6900000000005,2353.71,1001.17,1352.54,2622.6000000000004,3020.45,-397.84999999999945,-41.67321329436773,CALCULABLE,NO_SIGN_CHANGE,"ordinary_profit minus operating_profit; may contain net interest, dividends, FX, equity-method and other non-operating items"
EXCL_FINANCE_INSURANCE,1,2026Q1,20261,2026年1 - 3 月,2026-03-31,0003060191,leaf,INDUSTRY_X_CAPITAL,109,食料品製造業,108,製造業,19,1千万円以上 - 1億円未満,233.01,-839.8,1072.81,-44.97,-764.2,719.23,277.98,-75.59999999999991,353.5799999999999,,NEGATIVE_PRIOR_ORDINARY_PROFIT,LOSS_TO_PROFIT,"ordinary_profit minus operating_profit; may contain net interest, dividends, FX, equity-method and other non-operating items"
EXCL_FINANCE_INSURANCE,1,2026Q1,20261,2026年1 - 3 月,2026-03-31,0003060191,leaf,INDUSTRY_X_CAPITAL,109,食料品製造業,108,製造業,24,1億円以上 - 10億円未満,445.02,994.66,-549.64,336.18,307.88,28.30000000000001,108.83999999999997,686.78,-577.94,105.14882468524853,CALCULABLE,NO_SIGN_CHANGE,"ordinary_profit minus operating_profit; may contain net interest, dividends, FX, equity-method and other non-operating items"
EXCL_FINANCE_INSURANCE,1,2026Q1,20261,2026年1 - 3 月,2026-03-31,0003060191,leaf,INDUSTRY_X_CAPITAL,109,食料品製造業,108,製造業,25,10億円以上,4298.28,3866.76,431.5199999999995,2062.5,1457.49,605.01,2235.7799999999997,2409.2700000000004,-173.4900000000007,-40.20439377085671,CALCULABLE,NO_SIGN_CHANGE,"ordinary_profit minus operating_profit; may contain net interest, dividends, FX, equity-method and other non-operating items"
EXCL_FINANCE_INSURANCE,1,2026Q1,20261,2026年1 - 3 月,2026-03-31,0003060191,leaf,INDUSTRY,110,繊維工業,108,製造業,26,全規模,2072.27,1155.3,916.97,1361.88,773.89,587.9900000000001,710.3899999999999,381.40999999999997,328.9799999999999,35.876855295156865,CALCULABLE,NO_SIGN_CHANGE,"ordinary_profit minus operating_profit; may contain net interest, dividends, FX, equity-method and other non-operating items"
EXCL_FINANCE_INSURANCE,1,2026Q1,20261,2026年1 - 3 月,2026-03-31,0003060191,leaf,INDUSTRY_X_CAPITAL,110,繊維工業,108,製造業,19,1千万円以上 - 1億円未満,1050.41,552.8,497.6100000000001,869.69,514.65,355.0400000000001,180.72000000000003,38.14999999999998,142.57000000000005,28.65095154840136,CALCULABLE,NO_SIGN_CHANGE,"ordinary_profit minus operating_profit; may contain net interest, dividends, FX, equity-method and other non-operating items"
EXCL_FINANCE_INSURANCE,1,2026Q1,20261,2026年1 - 3 月,2026-03-31,0003060191,leaf,INDUSTRY_X_CAPITAL,110,繊維工業,108,製造業,24,1億円以上 - 10億円未満,248.61,238.64,9.970000000000027,261.36,163.14,98.22000000000003,-12.75,75.5,-88.25,-885.1554663991951,CALCULABLE,NO_SIGN_CHANGE,"ordinary_profit minus operating_profit; may contain net interest, dividends, FX, equity-method and other non-operating items"
EXCL_FINANCE_INSURANCE,1,2026Q1,20261,2026年1 - 3 月,2026-03-31,0003060191,leaf,INDUSTRY_X_CAPITAL,110,繊維工業,108,製造業,25,10億円以上,773.25,363.86,409.39,230.83,96.1,134.73000000000002,542.42,267.76,274.65999999999997,67.09006082219886,CALCULABLE,NO_SIGN_CHANGE,"ordinary_profit minus operating_profit; may contain net interest, dividends, FX, equity-method and other non-operating items"
EXCL_FINANCE_INSURANCE,1,2026Q1,20261,2026年1 - 3 月,2026-03-31,0003060191,leaf,INDUSTRY,112,木材・木製品製造業,108,製造業,26,全規模,314.67,124.88,189.79000000000002,253.66,206.72,46.94,61.01000000000002,-81.84,142.85000000000002,75.26740081142316,CALCULABLE,NO_SIGN_CHANGE,"ordinary_profit minus operating_profit; may contain net interest, dividends, FX, equity-method and other non-operating items"
EXCL_FINANCE_INSURANCE,1,2026Q1,20261,2026年1 - 3 月,2026-03-31,0003060191,leaf,INDUSTRY_X_CAPITAL,112,木材・木製品製造業,108,製造業,19,1千万円以上 - 1億円未満,240.41,78.52,161.89,205.2,169.87,35.329999999999984,35.21000000000001,-91.35000000000001,126.56000000000002,78.17653962567177,CALCULABLE,NO_SIGN_CHANGE,"ordinary_profit minus operating_profit; may contain net interest, dividends, FX, equity-method and other non-operating items"
EXCL_FINANCE_INSURANCE,1,2026Q1,20261,2026年1 - 3 月,2026-03-31,0003060191,leaf,INDUSTRY_X_CAPITAL,112,木材・木製品製造業,108,製造業,24,1億円以上 - 10億円未満,51.96,40.85,11.11,43.83,31.32,12.509999999999998,8.130000000000003,9.530000000000001,-1.3999999999999986,-12.601260126012589,CALCULABLE,NO_SIGN_CHANGE,"ordinary_profit minus operating_profit; may contain net interest, dividends, FX, equity-method and other non-operating items"
EXCL_FINANCE_INSURANCE,1,2026Q1,20261,2026年1 - 3 月,2026-03-31,0003060191,leaf,INDUSTRY_X_CAPITAL,112,木材・木製品製造業,108,製造業,25,10億円以上,22.3,5.51,16.79,4.63,5.53,-0.9000000000000004,17.67,-0.020000000000000462,17.69,105.36033353186423,CALCULABLE,NO_SIGN_CHANGE,"ordinary_profit minus operating_profit; may contain net interest, dividends, FX, equity-method and other non-operating items"
EXCL_FINANCE_INSURANCE,1,2026Q1,20261,2026年1 - 3 月,2026-03-31,0003060191,leaf,INDUSTRY,113,パルプ・紙・紙加工品製造業,108,製造業,26,全規模,1108.94,986.87,122.07000000000005,727.89,684.72,43.16999999999996,381.05000000000007,302.15,78.90000000000009,64.63504546571644,CALCULABLE,NO_SIGN_CHANGE,"ordinary_profit minus operating_profit; may contain net interest, dividends, FX, equity-method and other non-operating items"
EXCL_FINANCE_INSURANCE,1,2026Q1,20261,2026年1 - 3 月,2026-03-31,0003060191,leaf,INDUSTRY_X_CAPITAL,113,パルプ・紙・紙加工品製造業,108,製造業,19,1千万円以上 - 1億円未満,415.15,277.6,137.54999999999995,291.04,199.96,91.08000000000001,124.10999999999996,77.64000000000001,46.46999999999994,33.784078516902916,CALCULABLE,NO_SIGN_CHANGE,"ordinary_profit minus operating_profit; may contain net interest, dividends, FX, equity-method and other non-operating items"
EXCL_FINANCE_INSURANCE,1,2026Q1,20261,2026年1 - 3 月,2026-03-31,0003060191,leaf,INDUSTRY_X_CAPITAL,113,パルプ・紙・紙加工品製造業,108,製造業,24,1億円以上 - 10億円未満,140.12,225.93,-85.81,95.67,190.98,-95.30999999999999,44.45,34.95000000000002,9.499999999999986,-11.070970749329897,CALCULABLE,NO_SIGN_CHANGE,"ordinary_profit minus operating_profit; may contain net interest, dividends, FX, equity-method and other non-operating items"
EXCL_FINANCE_INSURANCE,1,2026Q1,20261,2026年1 - 3 月,2026-03-31,0003060191,leaf,INDUSTRY_X_CAPITAL,113,パルプ・紙・紙加工品製造業,108,製造業,25,10億円以上,553.67,483.34,70.32999999999998,341.18,293.78,47.400000000000034,212.48999999999995,189.56,22.92999999999995,32.60344092137062,CALCULABLE,NO_SIGN_CHANGE,"ordinary_profit minus operating_profit; may contain net interest, dividends, FX, equity-method and other non-operating items"
EXCL_FINANCE_INSURANCE,1,2026Q1,20261,2026年1 - 3 月,2026-03-31,0003060191,leaf,INDUSTRY,114,印刷・同関連業,108,製造業,26,全規模,1074.81,863.09,211.7199999999999,750.32,657.53,92.79000000000008,324.4899999999999,205.56000000000006,118.92999999999984,56.173247685622464,CALCULABLE,NO_SIGN_CHANGE,"ordinary_profit minus operating_profit; may contain net interest, dividends, FX, equity-method and other non-operating items"
EXCL_FINANCE_INSURANCE,1,2026Q1,20261,2026年1 - 3 月,2026-03-31,0003060191,leaf,INDUSTRY_X_CAPITAL,114,印刷・同関連業,108,製造業,19,1千万円以上 - 1億円未満,652.05,554.35,97.69999999999993,496.42,485.16,11.259999999999991,155.62999999999994,69.19,86.43999999999994,88.47492323439099,CALCULABLE,NO_SIGN_CHANGE,"ordinary_profit minus operating_profit; may contain net interest, dividends, FX, equity-method and other non-operating items"
EXCL_FINANCE_INSURANCE,1,2026Q1,20261,2026年1 - 3 月,2026-03-31,0003060191,leaf,INDUSTRY_X_CAPITAL,114,印刷・同関連業,108,製造業,24,1億円以上 - 10億円未満,306.94,153.6,153.34,252.02,109.41,142.61,54.91999999999999,44.19,10.72999999999999,6.997521846876216,CALCULABLE,NO_SIGN_CHANGE,"ordinary_profit minus operating_profit; may contain net interest, dividends, FX, equity-method and other non-operating items"
EXCL_FINANCE_INSURANCE,1,2026Q1,20261,2026年1 - 3 月,2026-03-31,0003060191,leaf,INDUSTRY_X_CAPITAL,114,印刷・同関連業,108,製造業,25,10億円以上,115.82,155.14,-39.31999999999999,1.88,62.96,-61.08,113.94,92.17999999999998,21.76000000000002,-55.34079348931847,CALCULABLE,NO_SIGN_CHANGE,"ordinary_profit minus operating_profit; may contain net interest, dividends, FX, equity-method and other non-operating items"
EXCL_FINANCE_INSURANCE,1,2026Q1,20261,2026年1 - 3 月,2026-03-31,0003060191,leaf,INDUSTRY,115,化学工業,108,製造業,26,全規模,20114.23,17845.57,2268.66,9647.59,10193.64,-546.0499999999993,10466.64,7651.93,2814.709999999999,124.06927437341864,CALCULABLE,NO_SIGN_CHANGE,"ordinary_profit minus operating_profit; may contain net interest, dividends, FX, equity-method and other non-operating items"
EXCL_FINANCE_INSURANCE,1,2026Q1,20261,2026年1 - 3 月,2026-03-31,0003060191,leaf,INDUSTRY_X_CAPITAL,115,化学工業,108,製造業,19,1千万円以上 - 1億円未満,483.42,592.15,-108.72999999999996,330.11,278.32,51.79000000000002,153.31,313.83,-160.51999999999998,147.63174836751588,CALCULABLE,NO_SIGN_CHANGE,"ordinary_profit minus operating_profit; may contain net interest, dividends, FX, equity-method and other non-operating items"
EXCL_FINANCE_INSURANCE,1,2026Q1,20261,2026年1 - 3 月,2026-03-31,0003060191,leaf,INDUSTRY_X_CAPITAL,115,化学工業,108,製造業,24,1億円以上 - 10億円未満,1213.06,1574.68,-361.6200000000001,892.33,1289.51,-397.17999999999995,320.7299999999999,285.1700000000001,35.55999999999983,-9.833526906697589,CALCULABLE,NO_SIGN_CHANGE,"ordinary_profit minus operating_profit; may contain net interest, dividends, FX, equity-method and other non-operating items"
EXCL_FINANCE_INSURANCE,1,2026Q1,20261,2026年1 - 3 月,2026-03-31,0003060191,leaf,INDUSTRY_X_CAPITAL,115,化学工業,108,製造業,25,10億円以上,18417.75,15678.74,2739.01,8425.15,8625.81,-200.65999999999985,9992.6,7052.93,2939.67,107.32600465131561,CALCULABLE,NO_SIGN_CHANGE,"ordinary_profit minus operating_profit; may contain net interest, dividends, FX, equity-method and other non-operating items"
EXCL_FINANCE_INSURANCE,1,2026Q1,20261,2026年1 - 3 月,2026-03-31,0003060191,leaf,INDUSTRY,116,石油製品・石炭製品製造業,108,製造業,26,全規模,3130.0,386.81,2743.19,2995.33,222.73,2772.6,134.67000000000007,164.08,-29.40999999999994,-1.0721094783810068,CALCULABLE,NO_SIGN_CHANGE,"ordinary_profit minus operating_profit; may contain net interest, dividends, FX, equity-method and other non-operating items"
EXCL_FINANCE_INSURANCE,1,2026Q1,20261,2026年1 - 3 月,2026-03-31,0003060191,leaf,INDUSTRY_X_CAPITAL,116,石油製品・石炭製品製造業,108,製造業,19,1千万円以上 - 1億円未満,155.43,50.05,105.38000000000001,141.57,43.94,97.63,13.860000000000014,6.109999999999999,7.750000000000014,7.354336686278244,CALCULABLE,NO_SIGN_CHANGE,"ordinary_profit minus operating_profit; may contain net interest, dividends, FX, equity-method and other non-operating items"
EXCL_FINANCE_INSURANCE,1,2026Q1,20261,2026年1 - 3 月,2026-03-31,0003060191,leaf,INDUSTRY_X_CAPITAL,116,石油製品・石炭製品製造業,108,製造業,24,1億円以上 - 10億円未満,1409.51,224.39,1185.12,1387.56,185.08,1202.48,21.950000000000045,39.309999999999974,-17.35999999999993,-1.4648305656811067,CALCULABLE,NO_SIGN_CHANGE,"ordinary_profit minus operating_profit; may contain net interest, dividends, FX, equity-method and other non-operating items"
EXCL_FINANCE_INSURANCE,1,2026Q1,20261,2026年1 - 3 月,2026-03-31,0003060191,leaf,INDUSTRY_X_CAPITAL,116,石油製品・石炭製品製造業,108,製造業,25,10億円以上,1565.06,112.37,1452.69,1466.2,-6.29,1472.49,98.8599999999999,118.66000000000001,-19.80000000000011,-1.3629886624124974,CALCULABLE,NO_SIGN_CHANGE,"ordinary_profit minus operating_profit; may contain net interest, dividends, FX, equity-method and other non-operating items"
EXCL_FINANCE_INSURANCE,1,2026Q1,20261,2026年1 - 3 月,2026-03-31,0003060191,leaf,INDUSTRY,117,窯業・土石製品製造業,108,製造業,26,全規模,3276.69,2198.47,1078.2200000000003,2097.01,1420.16,676.8500000000001,1179.6799999999998,778.3099999999997,401.3700000000001,37.22524160189943,CALCULABLE,NO_SIGN_CHANGE,"ordinary_profit minus operating_profit; may contain net interest, dividends, FX, equity-method and other non-operating items"
EXCL_FINANCE_INSURANCE,1,2026Q1,20261,2026年1 - 3 月,2026-03-31,0003060191,leaf,INDUSTRY_X_CAPITAL,117,窯業・土石製品製造業,108,製造業,19,1千万円以上 - 1億円未満,601.11,481.24,119.87,520.36,382.19,138.17000000000002,80.75,99.05000000000001,-18.30000000000001,-15.266538750312847,CALCULABLE,NO_SIGN_CHANGE,"ordinary_profit minus operating_profit; may contain net interest, dividends, FX, equity-method and other non-operating items"
EXCL_FINANCE_INSURANCE,1,2026Q1,20261,2026年1 - 3 月,2026-03-31,0003060191,leaf,INDUSTRY_X_CAPITAL,117,窯業・土石製品製造業,108,製造業,24,1億円以上 - 10億円未満,779.16,491.3,287.85999999999996,686.98,403.64,283.34000000000003,92.17999999999995,87.66000000000003,4.519999999999925,1.5702077398735237,CALCULABLE,NO_SIGN_CHANGE,"ordinary_profit minus operating_profit; may contain net interest, dividends, FX, equity-method and other non-operating items"
EXCL_FINANCE_INSURANCE,1,2026Q1,20261,2026年1 - 3 月,2026-03-31,0003060191,leaf,INDUSTRY_X_CAPITAL,117,窯業・土石製品製造業,108,製造業,25,10億円以上,1896.42,1225.93,670.49,889.67,634.33,255.33999999999992,1006.7500000000001,591.6,415.1500000000001,61.91740368983879,CALCULABLE,NO_SIGN_CHANGE,"ordinary_profit minus operating_profit; may contain net interest, dividends, FX, equity-method and other non-operating items"
EXCL_FINANCE_INSURANCE,1,2026Q1,20261,2026年1 - 3 月,2026-03-31,0003060191,leaf,INDUSTRY,118,鉄鋼業,108,製造業,26,全規模,1872.55,1338.54,534.01,1643.92,1508.89,135.02999999999997,228.62999999999988,-170.35000000000014,398.98,74.71395666747814,CALCULABLE,NO_SIGN_CHANGE,"ordinary_profit minus operating_profit; may contain net interest, dividends, FX, equity-method and other non-operating items"
EXCL_FINANCE_INSURANCE,1,2026Q1,20261,2026年1 - 3 月,2026-03-31,0003060191,leaf,INDUSTRY_X_CAPITAL,118,鉄鋼業,108,製造業,19,1千万円以上 - 1億円未満,660.7,299.88,360.82000000000005,602.72,254.74,347.98,57.98000000000002,45.139999999999986,12.840000000000032,3.558561055373879,CALCULABLE,NO_SIGN_CHANGE,"ordinary_profit minus operating_profit; may contain net interest, dividends, FX, equity-method and other non-operating items"
EXCL_FINANCE_INSURANCE,1,2026Q1,20261,2026年1 - 3 月,2026-03-31,0003060191,leaf,INDUSTRY_X_CAPITAL,118,鉄鋼業,108,製造業,24,1億円以上 - 10億円未満,182.91,237.73,-54.81999999999999,170.1,201.8,-31.700000000000017,12.810000000000002,35.92999999999998,-23.119999999999976,42.1743889091572,CALCULABLE,NO_SIGN_CHANGE,"ordinary_profit minus operating_profit; may contain net interest, dividends, FX, equity-method and other non-operating items"
EXCL_FINANCE_INSURANCE,1,2026Q1,20261,2026年1 - 3 月,2026-03-31,0003060191,leaf,INDUSTRY_X_CAPITAL,118,鉄鋼業,108,製造業,25,10億円以上,1028.94,800.93,228.0100000000001,871.1,1052.35,-181.2499999999999,157.84000000000003,-251.41999999999996,409.26,179.49212753826578,CALCULABLE,NO_SIGN_CHANGE,"ordinary_profit minus operating_profit; may contain net interest, dividends, FX, equity-method and other non-operating items"
EXCL_FINANCE_INSURANCE,1,2026Q1,20261,2026年1 - 3 月,2026-03-31,0003060191,leaf,INDUSTRY,119,非鉄金属製造業,108,製造業,26,全規模,3663.81,1401.36,2262.45,2768.7,1281.81,1486.8899999999999,895.1100000000001,119.54999999999995,775.5600000000002,34.279652589007505,CALCULABLE,NO_SIGN_CHANGE,"ordinary_profit minus operating_profit; may contain net interest, dividends, FX, equity-method and other non-operating items"
EXCL_FINANCE_INSURANCE,1,2026Q1,20261,2026年1 - 3 月,2026-03-31,0003060191,leaf,INDUSTRY_X_CAPITAL,119,非鉄金属製造業,108,製造業,19,1千万円以上 - 1億円未満,282.42,150.12,132.3,244.12,124.14,119.98,38.30000000000001,25.980000000000004,12.320000000000007,9.312169312169317,CALCULABLE,NO_SIGN_CHANGE,"ordinary_profit minus operating_profit; may contain net interest, dividends, FX, equity-method and other non-operating items"
EXCL_FINANCE_INSURANCE,1,2026Q1,20261,2026年1 - 3 月,2026-03-31,0003060191,leaf,INDUSTRY_X_CAPITAL,119,非鉄金属製造業,108,製造業,24,1億円以上 - 10億円未満,534.28,339.17,195.10999999999996,577.34,380.13,197.21000000000004,-43.06000000000006,-40.95999999999998,-2.1000000000000796,-1.0763159243504075,CALCULABLE,NO_SIGN_CHANGE,"ordinary_profit minus operating_profit; may contain net interest, dividends, FX, equity-method and other non-operating items"
EXCL_FINANCE_INSURANCE,1,2026Q1,20261,2026年1 - 3 月,2026-03-31,0003060191,leaf,INDUSTRY_X_CAPITAL,119,非鉄金属製造業,108,製造業,25,10億円以上,2847.11,912.07,1935.04,1947.24,777.54,1169.7,899.8700000000001,134.5300000000001,765.34,39.55163717545891,CALCULABLE,NO_SIGN_CHANGE,"ordinary_profit minus operating_profit; may contain net interest, dividends, FX, equity-method and other non-operating items"
EXCL_FINANCE_INSURANCE,1,2026Q1,20261,2026年1 - 3 月,2026-03-31,0003060191,leaf,INDUSTRY,120,金属製品製造業,108,製造業,26,全規模,4133.12,3315.78,817.3399999999997,3333.4,2502.76,830.6399999999999,799.7199999999998,813.02,-13.300000000000182,-1.6272297942105103,CALCULABLE,NO_SIGN_CHANGE,"ordinary_profit minus operating_profit; may contain net interest, dividends, FX, equity-method and other non-operating items"
EXCL_FINANCE_INSURANCE,1,2026Q1,20261,2026年1 - 3 月,2026-03-31,0003060191,leaf,INDUSTRY_X_CAPITAL,120,金属製品製造業,108,製造業,19,1千万円以上 - 1億円未満,2182.55,1966.41,216.1400000000001,1794.51,1248.42,546.0899999999999,388.0400000000002,717.99,-329.9499999999998,-152.65568612936045,CALCULABLE,NO_SIGN_CHANGE,"ordinary_profit minus operating_profit; may contain net interest, dividends, FX, equity-method and other non-operating items"
EXCL_FINANCE_INSURANCE,1,2026Q1,20261,2026年1 - 3 月,2026-03-31,0003060191,leaf,INDUSTRY_X_CAPITAL,120,金属製品製造業,108,製造業,24,1億円以上 - 10億円未満,1180.9,840.69,340.21000000000004,1021.26,832.82,188.43999999999994,159.6400000000001,7.8700000000000045,151.7700000000001,44.61068163781196,CALCULABLE,NO_SIGN_CHANGE,"ordinary_profit minus operating_profit; may contain net interest, dividends, FX, equity-method and other non-operating items"
EXCL_FINANCE_INSURANCE,1,2026Q1,20261,2026年1 - 3 月,2026-03-31,0003060191,leaf,INDUSTRY_X_CAPITAL,120,金属製品製造業,108,製造業,25,10億円以上,769.67,508.68,260.98999999999995,517.63,421.52,96.11000000000001,252.03999999999996,87.16000000000003,164.87999999999994,63.17483428483849,CALCULABLE,NO_SIGN_CHANGE,"ordinary_profit minus operating_profit; may contain net interest, dividends, FX, equity-method and other non-operating items"
EXCL_FINANCE_INSURANCE,1,2026Q1,20261,2026年1 - 3 月,2026-03-31,0003060191,leaf,INDUSTRY,154,はん用機械器具製造業,108,製造業,26,全規模,3816.02,2787.88,1028.1399999999999,2791.25,1847.32,943.9300000000001,1024.77,940.5600000000002,84.20999999999981,8.190518800941488,CALCULABLE,NO_SIGN_CHANGE,"ordinary_profit minus operating_profit; may contain net interest, dividends, FX, equity-method and other non-operating items"
EXCL_FINANCE_INSURANCE,1,2026Q1,20261,2026年1 - 3 月,2026-03-31,0003060191,leaf,INDUSTRY_X_CAPITAL,154,はん用機械器具製造業,108,製造業,19,1千万円以上 - 1億円未満,1005.93,724.24,281.68999999999994,948.9,590.35,358.54999999999995,57.02999999999997,133.89,-76.86000000000001,-27.285313642656835,CALCULABLE,NO_SIGN_CHANGE,"ordinary_profit minus operating_profit; may contain net interest, dividends, FX, equity-method and other non-operating items"
EXCL_FINANCE_INSURANCE,1,2026Q1,20261,2026年1 - 3 月,2026-03-31,0003060191,leaf,INDUSTRY_X_CAPITAL,154,はん用機械器具製造業,108,製造業,24,1億円以上 - 10億円未満,747.63,661.52,86.11000000000001,614.95,510.99,103.96000000000004,132.67999999999995,150.52999999999997,-17.850000000000023,-20.729299732899804,CALCULABLE,NO_SIGN_CHANGE,"ordinary_profit minus operating_profit; may contain net interest, dividends, FX, equity-method and other non-operating items"
EXCL_FINANCE_INSURANCE,1,2026Q1,20261,2026年1 - 3 月,2026-03-31,0003060191,leaf,INDUSTRY_X_CAPITAL,154,はん用機械器具製造業,108,製造業,25,10億円以上,2062.46,1402.12,660.3400000000001,1227.4,745.98,481.4200000000001,835.06,656.1399999999999,178.92000000000007,27.09513281037042,CALCULABLE,NO_SIGN_CHANGE,"ordinary_profit minus operating_profit; may contain net interest, dividends, FX, equity-method and other non-operating items"
EXCL_FINANCE_INSURANCE,1,2026Q1,20261,2026年1 - 3 月,2026-03-31,0003060191,leaf,INDUSTRY,121,生産用機械器具製造業,108,製造業,26,全規模,9960.5,7492.97,2467.5299999999997,8694.34,6147.1,2547.24,1266.1599999999999,1345.87,-79.71000000000004,-3.230355861934811,CALCULABLE,NO_SIGN_CHANGE,"ordinary_profit minus operating_profit; may contain net interest, dividends, FX, equity-method and other non-operating items"
EXCL_FINANCE_INSURANCE,1,2026Q1,20261,2026年1 - 3 月,2026-03-31,0003060191,leaf,INDUSTRY_X_CAPITAL,121,生産用機械器具製造業,108,製造業,19,1千万円以上 - 1億円未満,1408.66,889.01,519.6500000000001,1400.31,637.34,762.9699999999999,8.350000000000136,251.66999999999996,-243.31999999999982,-46.82382372750886,CALCULABLE,NO_SIGN_CHANGE,"ordinary_profit minus operating_profit; may contain net interest, dividends, FX, equity-method and other non-operating items"
EXCL_FINANCE_INSURANCE,1,2026Q1,20261,2026年1 - 3 月,2026-03-31,0003060191,leaf,INDUSTRY_X_CAPITAL,121,生産用機械器具製造業,108,製造業,24,1億円以上 - 10億円未満,1123.37,1196.92,-73.55000000000018,925.76,1134.71,-208.95000000000005,197.6099999999999,62.210000000000036,135.39999999999986,-184.09245411284775,CALCULABLE,NO_SIGN_CHANGE,"ordinary_profit minus operating_profit; may contain net interest, dividends, FX, equity-method and other non-operating items"
EXCL_FINANCE_INSURANCE,1,2026Q1,20261,2026年1 - 3 月,2026-03-31,0003060191,leaf,INDUSTRY_X_CAPITAL,121,生産用機械器具製造業,108,製造業,25,10億円以上,7428.47,5407.04,2021.4300000000003,6368.27,4375.05,1993.2200000000003,1060.1999999999998,1031.9899999999998,28.210000000000036,1.3955467169281168,CALCULABLE,NO_SIGN_CHANGE,"ordinary_profit minus operating_profit; may contain net interest, dividends, FX, equity-method and other non-operating items"
EXCL_FINANCE_INSURANCE,1,2026Q1,20261,2026年1 - 3 月,2026-03-31,0003060191,leaf,INDUSTRY,124,業務用機械器具製造業,108,製造業,26,全規模,6857.63,8023.87,-1166.2399999999998,3411.86,3492.7,-80.83999999999969,3445.77,4531.17,-1085.4,93.06832212923585,CALCULABLE,NO_SIGN_CHANGE,"ordinary_profit minus operating_profit; may contain net interest, dividends, FX, equity-method and other non-operating items"
EXCL_FINANCE_INSURANCE,1,2026Q1,20261,2026年1 - 3 月,2026-03-31,0003060191,leaf,INDUSTRY_X_CAPITAL,124,業務用機械器具製造業,108,製造業,19,1千万円以上 - 1億円未満,611.99,1099.11,-487.1199999999999,559.96,977.71,-417.75,52.02999999999997,121.39999999999986,-69.36999999999989,14.240844145179812,CALCULABLE,NO_SIGN_CHANGE,"ordinary_profit minus operating_profit; may contain net interest, dividends, FX, equity-method and other non-operating items"
EXCL_FINANCE_INSURANCE,1,2026Q1,20261,2026年1 - 3 月,2026-03-31,0003060191,leaf,INDUSTRY_X_CAPITAL,124,業務用機械器具製造業,108,製造業,24,1億円以上 - 10億円未満,495.46,618.97,-123.51000000000005,457.86,646.18,-188.31999999999994,37.599999999999966,-27.209999999999923,64.80999999999989,-52.47348392842673,CALCULABLE,NO_SIGN_CHANGE,"ordinary_profit minus operating_profit; may contain net interest, dividends, FX, equity-method and other non-operating items"
EXCL_FINANCE_INSURANCE,1,2026Q1,20261,2026年1 - 3 月,2026-03-31,0003060191,leaf,INDUSTRY_X_CAPITAL,124,業務用機械器具製造業,108,製造業,25,10億円以上,5750.18,6305.79,-555.6099999999997,2394.04,1868.81,525.23,3356.1400000000003,4436.98,-1080.8399999999992,194.53213585068661,CALCULABLE,NO_SIGN_CHANGE,"ordinary_profit minus operating_profit; may contain net interest, dividends, FX, equity-method and other non-operating items"
EXCL_FINANCE_INSURANCE,1,2026Q1,20261,2026年1 - 3 月,2026-03-31,0003060191,leaf,INDUSTRY,122,電気機械器具製造業,108,製造業,26,全規模,12122.52,8516.0,3606.5200000000004,9511.54,7099.9,2411.6400000000012,2610.9799999999996,1416.1000000000004,1194.8799999999992,33.13110699510883,CALCULABLE,NO_SIGN_CHANGE,"ordinary_profit minus operating_profit; may contain net interest, dividends, FX, equity-method and other non-operating items"
EXCL_FINANCE_INSURANCE,1,2026Q1,20261,2026年1 - 3 月,2026-03-31,0003060191,leaf,INDUSTRY_X_CAPITAL,122,電気機械器具製造業,108,製造業,19,1千万円以上 - 1億円未満,2007.82,1097.46,910.3599999999999,1801.95,974.45,827.5,205.8699999999999,123.00999999999999,82.8599999999999,9.101893756316173,CALCULABLE,NO_SIGN_CHANGE,"ordinary_profit minus operating_profit; may contain net interest, dividends, FX, equity-method and other non-operating items"
EXCL_FINANCE_INSURANCE,1,2026Q1,20261,2026年1 - 3 月,2026-03-31,0003060191,leaf,INDUSTRY_X_CAPITAL,122,電気機械器具製造業,108,製造業,24,1億円以上 - 10億円未満,-112.83,298.11,-410.94,486.61,203.05,283.56,-599.44,95.06,-694.5,,ORDINARY_PROFIT_SIGN_TRANSITION,PROFIT_TO_LOSS,"ordinary_profit minus operating_profit; may contain net interest, dividends, FX, equity-method and other non-operating items"
EXCL_FINANCE_INSURANCE,1,2026Q1,20261,2026年1 - 3 月,2026-03-31,0003060191,leaf,INDUSTRY_X_CAPITAL,122,電気機械器具製造業,108,製造業,25,10億円以上,10227.53,7120.43,3107.1000000000004,7222.98,5922.4,1300.58,3004.550000000001,1198.0300000000007,1806.5200000000004,58.14167551736347,CALCULABLE,NO_SIGN_CHANGE,"ordinary_profit minus operating_profit; may contain net interest, dividends, FX, equity-method and other non-operating items"
EXCL_FINANCE_INSURANCE,1,2026Q1,20261,2026年1 - 3 月,2026-03-31,0003060191,leaf,INDUSTRY,145,情報通信機械器具製造業,108,製造業,26,全規模,24928.93,9075.79,15853.14,20366.6,8565.19,11801.409999999998,4562.330000000002,510.60000000000036,4051.7300000000014,25.557902093843882,CALCULABLE,NO_SIGN_CHANGE,"ordinary_profit minus operating_profit; may contain net interest, dividends, FX, equity-method and other non-operating items"
EXCL_FINANCE_INSURANCE,1,2026Q1,20261,2026年1 - 3 月,2026-03-31,0003060191,leaf,INDUSTRY_X_CAPITAL,145,情報通信機械器具製造業,108,製造業,19,1千万円以上 - 1億円未満,1969.36,1073.84,895.52,1879.0,901.47,977.53,90.3599999999999,172.3699999999999,-82.00999999999999,-9.15780775415401,CALCULABLE,NO_SIGN_CHANGE,"ordinary_profit minus operating_profit; may contain net interest, dividends, FX, equity-method and other non-operating items"
EXCL_FINANCE_INSURANCE,1,2026Q1,20261,2026年1 - 3 月,2026-03-31,0003060191,leaf,INDUSTRY_X_CAPITAL,145,情報通信機械器具製造業,108,製造業,24,1億円以上 - 10億円未満,1204.72,350.79,853.9300000000001,1074.16,343.57,730.5900000000001,130.55999999999995,7.220000000000027,123.33999999999992,14.443806869415516,CALCULABLE,NO_SIGN_CHANGE,"ordinary_profit minus operating_profit; may contain net interest, dividends, FX, equity-method and other non-operating items"
EXCL_FINANCE_INSURANCE,1,2026Q1,20261,2026年1 - 3 月,2026-03-31,0003060191,leaf,INDUSTRY_X_CAPITAL,145,情報通信機械器具製造業,108,製造業,25,10億円以上,21754.85,7651.16,14103.689999999999,17413.44,7320.15,10093.289999999999,4341.41,331.0100000000002,4010.3999999999996,28.43511166226711,CALCULABLE,NO_SIGN_CHANGE,"ordinary_profit minus operating_profit; may contain net interest, dividends, FX, equity-method and other non-operating items"
EXCL_FINANCE_INSURANCE,1,2026Q1,20261,2026年1 - 3 月,2026-03-31,0003060191,leaf,INDUSTRY,123,自動車・同附属品製造業,108,製造業,26,全規模,13655.62,12115.14,1540.4800000000014,7028.34,7914.52,-886.1800000000003,6627.280000000001,4200.619999999999,2426.6600000000017,157.52622559202322,CALCULABLE,NO_SIGN_CHANGE,"ordinary_profit minus operating_profit; may contain net interest, dividends, FX, equity-method and other non-operating items"
EXCL_FINANCE_INSURANCE,1,2026Q1,20261,2026年1 - 3 月,2026-03-31,0003060191,leaf,INDUSTRY_X_CAPITAL,123,自動車・同附属品製造業,108,製造業,19,1千万円以上 - 1億円未満,1309.77,854.04,455.73,1061.25,756.98,304.27,248.51999999999998,97.05999999999995,151.46000000000004,33.23459065674852,CALCULABLE,NO_SIGN_CHANGE,"ordinary_profit minus operating_profit; may contain net interest, dividends, FX, equity-method and other non-operating items"
EXCL_FINANCE_INSURANCE,1,2026Q1,20261,2026年1 - 3 月,2026-03-31,0003060191,leaf,INDUSTRY_X_CAPITAL,123,自動車・同附属品製造業,108,製造業,24,1億円以上 - 10億円未満,1027.88,512.68,515.2000000000002,924.06,830.1,93.95999999999992,103.82000000000016,-317.4200000000001,421.24000000000024,81.76242236024846,CALCULABLE,NO_SIGN_CHANGE,"ordinary_profit minus operating_profit; may contain net interest, dividends, FX, equity-method and other non-operating items"
EXCL_FINANCE_INSURANCE,1,2026Q1,20261,2026年1 - 3 月,2026-03-31,0003060191,leaf,INDUSTRY_X_CAPITAL,123,自動車・同附属品製造業,108,製造業,25,10億円以上,11317.97,10748.42,569.5499999999993,5043.03,6327.44,-1284.4099999999999,6274.94,4420.9800000000005,1853.9599999999991,325.51312439645363,CALCULABLE,NO_SIGN_CHANGE,"ordinary_profit minus operating_profit; may contain net interest, dividends, FX, equity-method and other non-operating items"
EXCL_FINANCE_INSURANCE,1,2026Q1,20261,2026年1 - 3 月,2026-03-31,0003060191,leaf,INDUSTRY,125,その他の輸送用機械器具製造業,108,製造業,26,全規模,2750.93,1690.86,1060.07,2055.81,1349.63,706.1799999999998,695.1199999999999,341.2299999999998,353.8900000000001,33.38364447630818,CALCULABLE,NO_SIGN_CHANGE,"ordinary_profit minus operating_profit; may contain net interest, dividends, FX, equity-method and other non-operating items"
EXCL_FINANCE_INSURANCE,1,2026Q1,20261,2026年1 - 3 月,2026-03-31,0003060191,leaf,INDUSTRY_X_CAPITAL,125,その他の輸送用機械器具製造業,108,製造業,19,1千万円以上 - 1億円未満,823.73,551.43,272.30000000000007,847.81,497.15,350.65999999999997,-24.079999999999927,54.27999999999997,-78.3599999999999,-28.777084098420815,CALCULABLE,NO_SIGN_CHANGE,"ordinary_profit minus operating_profit; may contain net interest, dividends, FX, equity-method and other non-operating items"
EXCL_FINANCE_INSURANCE,1,2026Q1,20261,2026年1 - 3 月,2026-03-31,0003060191,leaf,INDUSTRY_X_CAPITAL,125,その他の輸送用機械器具製造業,108,製造業,24,1億円以上 - 10億円未満,205.84,-1.88,207.72,192.1,24.25,167.85,13.740000000000009,-26.13,39.870000000000005,,NEGATIVE_PRIOR_ORDINARY_PROFIT,LOSS_TO_PROFIT,"ordinary_profit minus operating_profit; may contain net interest, dividends, FX, equity-method and other non-operating items"
EXCL_FINANCE_INSURANCE,1,2026Q1,20261,2026年1 - 3 月,2026-03-31,0003060191,leaf,INDUSTRY_X_CAPITAL,125,その他の輸送用機械器具製造業,108,製造業,25,10億円以上,1721.36,1141.31,580.05,1015.9,828.23,187.66999999999996,705.4599999999999,313.0799999999999,392.38,67.64589259546592,CALCULABLE,NO_SIGN_CHANGE,"ordinary_profit minus operating_profit; may contain net interest, dividends, FX, equity-method and other non-operating items"
EXCL_FINANCE_INSURANCE,1,2026Q1,20261,2026年1 - 3 月,2026-03-31,0003060191,leaf,INDUSTRY,126,その他の製造業,108,製造業,26,全規模,9401.6,7107.02,2294.58,6836.25,4006.45,2829.8,2565.3500000000004,3100.5700000000006,-535.2200000000003,-23.32540159854964,CALCULABLE,NO_SIGN_CHANGE,"ordinary_profit minus operating_profit; may contain net interest, dividends, FX, equity-method and other non-operating items"
EXCL_FINANCE_INSURANCE,1,2026Q1,20261,2026年1 - 3 月,2026-03-31,0003060191,leaf,INDUSTRY_X_CAPITAL,126,その他の製造業,108,製造業,19,1千万円以上 - 1億円未満,3132.85,2548.96,583.8899999999999,2890.47,1893.21,997.2599999999998,242.3800000000001,655.75,-413.3699999999999,-70.79586908493037,CALCULABLE,NO_SIGN_CHANGE,"ordinary_profit minus operating_profit; may contain net interest, dividends, FX, equity-method and other non-operating items"
EXCL_FINANCE_INSURANCE,1,2026Q1,20261,2026年1 - 3 月,2026-03-31,0003060191,leaf,INDUSTRY_X_CAPITAL,126,その他の製造業,108,製造業,24,1億円以上 - 10億円未満,1663.16,1251.16,412.0,1233.61,384.7,848.9099999999999,429.5500000000002,866.46,-436.90999999999985,-106.04611650485434,CALCULABLE,NO_SIGN_CHANGE,"ordinary_profit minus operating_profit; may contain net interest, dividends, FX, equity-method and other non-operating items"
EXCL_FINANCE_INSURANCE,1,2026Q1,20261,2026年1 - 3 月,2026-03-31,0003060191,leaf,INDUSTRY_X_CAPITAL,126,その他の製造業,108,製造業,25,10億円以上,4605.59,3306.9,1298.69,2712.17,1728.54,983.6300000000001,1893.42,1578.3600000000001,315.05999999999995,24.25983106053022,CALCULABLE,NO_SIGN_CHANGE,"ordinary_profit minus operating_profit; may contain net interest, dividends, FX, equity-method and other non-operating items"
EXCL_FINANCE_INSURANCE,1,2026Q1,20261,2026年1 - 3 月,2026-03-31,0003060191,leaf,INDUSTRY,101,農業、林業,105,農林水産業(集約),26,全規模,552.84,135.48,417.36,249.44,-67.23,316.67,303.40000000000003,202.70999999999998,100.69000000000005,24.12545524247653,CALCULABLE,NO_SIGN_CHANGE,"ordinary_profit minus operating_profit; may contain net interest, dividends, FX, equity-method and other non-operating items"
EXCL_FINANCE_INSURANCE,1,2026Q1,20261,2026年1 - 3 月,2026-03-31,0003060191,leaf,INDUSTRY_X_CAPITAL,101,農業、林業,105,農林水産業(集約),19,1千万円以上 - 1億円未満,570.22,82.46,487.76000000000005,280.91,-116.33,397.24,289.31,198.79,90.52000000000001,18.558307364277514,CALCULABLE,NO_SIGN_CHANGE,"ordinary_profit minus operating_profit; may contain net interest, dividends, FX, equity-method and other non-operating items"
EXCL_FINANCE_INSURANCE,1,2026Q1,20261,2026年1 - 3 月,2026-03-31,0003060191,leaf,INDUSTRY_X_CAPITAL,101,農業、林業,105,農林水産業(集約),24,1億円以上 - 10億円未満,-56.99,-3.02,-53.97,-66.91,-7.96,-58.949999999999996,9.919999999999995,4.9399999999999995,4.979999999999995,,NEGATIVE_PRIOR_ORDINARY_PROFIT,NO_SIGN_CHANGE,"ordinary_profit minus operating_profit; may contain net interest, dividends, FX, equity-method and other non-operating items"
EXCL_FINANCE_INSURANCE,1,2026Q1,20261,2026年1 - 3 月,2026-03-31,0003060191,leaf,INDUSTRY_X_CAPITAL,101,農業、林業,105,農林水産業(集約),25,10億円以上,39.61,56.04,-16.43,35.44,57.06,-21.620000000000005,4.170000000000002,-1.0200000000000031,5.190000000000005,-31.5885575167377,CALCULABLE,NO_SIGN_CHANGE,"ordinary_profit minus operating_profit; may contain net interest, dividends, FX, equity-method and other non-operating items"
EXCL_FINANCE_INSURANCE,1,2026Q1,20261,2026年1 - 3 月,2026-03-31,0003060191,leaf,INDUSTRY,103,漁業,105,農林水産業(集約),26,全規模,134.72,36.23,98.49000000000001,48.53,-58.18,106.71000000000001,86.19,94.41,-8.219999999999999,-8.34602497715504,CALCULABLE,NO_SIGN_CHANGE,"ordinary_profit minus operating_profit; may contain net interest, dividends, FX, equity-method and other non-operating items"
EXCL_FINANCE_INSURANCE,1,2026Q1,20261,2026年1 - 3 月,2026-03-31,0003060191,leaf,INDUSTRY_X_CAPITAL,103,漁業,105,農林水産業(集約),19,1千万円以上 - 1億円未満,131.29,29.99,101.3,50.64,-55.18,105.82,80.64999999999999,85.17,-4.52000000000001,-4.461994076999023,CALCULABLE,NO_SIGN_CHANGE,"ordinary_profit minus operating_profit; may contain net interest, dividends, FX, equity-method and other non-operating items"
EXCL_FINANCE_INSURANCE,1,2026Q1,20261,2026年1 - 3 月,2026-03-31,0003060191,leaf,INDUSTRY_X_CAPITAL,103,漁業,105,農林水産業(集約),24,1億円以上 - 10億円未満,-9.43,-0.7,-8.73,-15.42,-10.16,-5.26,5.99,9.46,-3.4700000000000006,,NEGATIVE_PRIOR_ORDINARY_PROFIT,NO_SIGN_CHANGE,"ordinary_profit minus operating_profit; may contain net interest, dividends, FX, equity-method and other non-operating items"
EXCL_FINANCE_INSURANCE,1,2026Q1,20261,2026年1 - 3 月,2026-03-31,0003060191,leaf,INDUSTRY_X_CAPITAL,103,漁業,105,農林水産業(集約),25,10億円以上,12.86,6.94,5.919999999999999,13.31,7.16,6.15,-0.45000000000000107,-0.21999999999999975,-0.23000000000000131,-3.8851351351351577,CALCULABLE,NO_SIGN_CHANGE,"ordinary_profit minus operating_profit; may contain net interest, dividends, FX, equity-method and other non-operating items"
EXCL_FINANCE_INSURANCE,1,2026Q1,20261,2026年1 - 3 月,2026-03-31,0003060191,leaf,INDUSTRY,106,鉱業、採石業、砂利採取業,106,鉱業、採石業、砂利採取業,26,全規模,1537.53,1748.7,-211.17000000000007,950.42,1918.17,-967.7500000000001,587.11,-169.47000000000003,756.58,-358.2800587204621,CALCULABLE,NO_SIGN_CHANGE,"ordinary_profit minus operating_profit; may contain net interest, dividends, FX, equity-method and other non-operating items"
EXCL_FINANCE_INSURANCE,1,2026Q1,20261,2026年1 - 3 月,2026-03-31,0003060191,leaf,INDUSTRY_X_CAPITAL,106,鉱業、採石業、砂利採取業,106,鉱業、採石業、砂利採取業,19,1千万円以上 - 1億円未満,322.07,184.41,137.66,283.2,151.11,132.08999999999997,38.870000000000005,33.29999999999998,5.570000000000022,4.0462007845416395,CALCULABLE,NO_SIGN_CHANGE,"ordinary_profit minus operating_profit; may contain net interest, dividends, FX, equity-method and other non-operating items"
EXCL_FINANCE_INSURANCE,1,2026Q1,20261,2026年1 - 3 月,2026-03-31,0003060191,leaf,INDUSTRY_X_CAPITAL,106,鉱業、採石業、砂利採取業,106,鉱業、採石業、砂利採取業,24,1億円以上 - 10億円未満,156.24,117.76,38.480000000000004,121.79,113.31,8.480000000000004,34.45,4.450000000000003,30.0,77.96257796257795,CALCULABLE,NO_SIGN_CHANGE,"ordinary_profit minus operating_profit; may contain net interest, dividends, FX, equity-method and other non-operating items"
EXCL_FINANCE_INSURANCE,1,2026Q1,20261,2026年1 - 3 月,2026-03-31,0003060191,leaf,INDUSTRY_X_CAPITAL,106,鉱業、採石業、砂利採取業,106,鉱業、採石業、砂利採取業,25,10億円以上,1059.22,1446.53,-387.30999999999995,545.43,1653.75,-1108.3200000000002,513.7900000000001,-207.22000000000003,721.0100000000001,-186.1583744287522,CALCULABLE,NO_SIGN_CHANGE,"ordinary_profit minus operating_profit; may contain net interest, dividends, FX, equity-method and other non-operating items"
EXCL_FINANCE_INSURANCE,1,2026Q1,20261,2026年1 - 3 月,2026-03-31,0003060191,leaf,INDUSTRY,107,建設業,107,建設業,26,全規模,39942.71,42455.59,-2512.8799999999974,37579.29,40905.71,-3326.4199999999983,2363.4199999999983,1549.8799999999974,813.5400000000009,-32.374805004616285,CALCULABLE,NO_SIGN_CHANGE,"ordinary_profit minus operating_profit; may contain net interest, dividends, FX, equity-method and other non-operating items"
EXCL_FINANCE_INSURANCE,1,2026Q1,20261,2026年1 - 3 月,2026-03-31,0003060191,leaf,INDUSTRY_X_CAPITAL,107,建設業,107,建設業,19,1千万円以上 - 1億円未満,23727.72,27928.24,-4200.52,22195.86,26459.19,-4263.329999999998,1531.8600000000006,1469.050000000003,62.80999999999767,-1.4952910592021385,CALCULABLE,NO_SIGN_CHANGE,"ordinary_profit minus operating_profit; may contain net interest, dividends, FX, equity-method and other non-operating items"
EXCL_FINANCE_INSURANCE,1,2026Q1,20261,2026年1 - 3 月,2026-03-31,0003060191,leaf,INDUSTRY_X_CAPITAL,107,建設業,107,建設業,24,1億円以上 - 10億円未満,5695.3,5783.27,-87.97000000000025,5555.02,5886.15,-331.1299999999992,140.27999999999975,-102.8799999999992,243.15999999999894,-276.41241332272165,CALCULABLE,NO_SIGN_CHANGE,"ordinary_profit minus operating_profit; may contain net interest, dividends, FX, equity-method and other non-operating items"
EXCL_FINANCE_INSURANCE,1,2026Q1,20261,2026年1 - 3 月,2026-03-31,0003060191,leaf,INDUSTRY_X_CAPITAL,107,建設業,107,建設業,25,10億円以上,10519.69,8744.08,1775.6100000000006,9828.41,8560.37,1268.039999999999,691.2800000000007,183.70999999999913,507.5700000000015,28.585669150320246,CALCULABLE,NO_SIGN_CHANGE,"ordinary_profit minus operating_profit; may contain net interest, dividends, FX, equity-method and other non-operating items"
EXCL_FINANCE_INSURANCE,1,2026Q1,20261,2026年1 - 3 月,2026-03-31,0003060191,leaf,INDUSTRY,135,電気業,135,電気業,26,全規模,-154.36,1877.39,-2031.75,939.62,2504.53,-1564.9100000000003,-1093.98,-627.1400000000001,-466.8399999999999,,ORDINARY_PROFIT_SIGN_TRANSITION,PROFIT_TO_LOSS,"ordinary_profit minus operating_profit; may contain net interest, dividends, FX, equity-method and other non-operating items"
EXCL_FINANCE_INSURANCE,1,2026Q1,20261,2026年1 - 3 月,2026-03-31,0003060191,leaf,INDUSTRY_X_CAPITAL,135,電気業,135,電気業,19,1千万円以上 - 1億円未満,198.3,-63.87,262.17,255.46,-54.58,310.04,-57.16,-9.29,-47.87,,NEGATIVE_PRIOR_ORDINARY_PROFIT,LOSS_TO_PROFIT,"ordinary_profit minus operating_profit; may contain net interest, dividends, FX, equity-method and other non-operating items"
EXCL_FINANCE_INSURANCE,1,2026Q1,20261,2026年1 - 3 月,2026-03-31,0003060191,leaf,INDUSTRY_X_CAPITAL,135,電気業,135,電気業,24,1億円以上 - 10億円未満,508.11,744.28,-236.16999999999996,615.4,791.56,-176.15999999999997,-107.28999999999996,-47.27999999999997,-60.00999999999999,25.409662531227507,CALCULABLE,NO_SIGN_CHANGE,"ordinary_profit minus operating_profit; may contain net interest, dividends, FX, equity-method and other non-operating items"
EXCL_FINANCE_INSURANCE,1,2026Q1,20261,2026年1 - 3 月,2026-03-31,0003060191,leaf,INDUSTRY_X_CAPITAL,135,電気業,135,電気業,25,10億円以上,-860.77,1196.98,-2057.75,68.76,1767.55,-1698.79,-929.53,-570.5699999999999,-358.96000000000004,,ORDINARY_PROFIT_SIGN_TRANSITION,PROFIT_TO_LOSS,"ordinary_profit minus operating_profit; may contain net interest, dividends, FX, equity-method and other non-operating items"
EXCL_FINANCE_INSURANCE,1,2026Q1,20261,2026年1 - 3 月,2026-03-31,0003060191,leaf,INDUSTRY,136,ガス・熱供給・水道業,136,ガス・熱供給・水道業,26,全規模,933.41,1238.06,-304.65,912.21,1234.93,-322.72,21.199999999999932,3.1299999999998818,18.07000000000005,-5.9313966847201876,CALCULABLE,NO_SIGN_CHANGE,"ordinary_profit minus operating_profit; may contain net interest, dividends, FX, equity-method and other non-operating items"
EXCL_FINANCE_INSURANCE,1,2026Q1,20261,2026年1 - 3 月,2026-03-31,0003060191,leaf,INDUSTRY_X_CAPITAL,136,ガス・熱供給・水道業,136,ガス・熱供給・水道業,19,1千万円以上 - 1億円未満,85.47,72.78,12.689999999999998,81.56,67.21,14.350000000000009,3.9099999999999966,5.570000000000007,-1.6600000000000108,-13.081166272655723,CALCULABLE,NO_SIGN_CHANGE,"ordinary_profit minus operating_profit; may contain net interest, dividends, FX, equity-method and other non-operating items"
EXCL_FINANCE_INSURANCE,1,2026Q1,20261,2026年1 - 3 月,2026-03-31,0003060191,leaf,INDUSTRY_X_CAPITAL,136,ガス・熱供給・水道業,136,ガス・熱供給・水道業,24,1億円以上 - 10億円未満,277.13,153.88,123.25,264.79,148.51,116.28000000000003,12.339999999999975,5.3700000000000045,6.96999999999997,5.655172413793079,CALCULABLE,NO_SIGN_CHANGE,"ordinary_profit minus operating_profit; may contain net interest, dividends, FX, equity-method and other non-operating items"
EXCL_FINANCE_INSURANCE,1,2026Q1,20261,2026年1 - 3 月,2026-03-31,0003060191,leaf,INDUSTRY_X_CAPITAL,136,ガス・熱供給・水道業,136,ガス・熱供給・水道業,25,10億円以上,570.81,1011.4,-440.59000000000003,565.86,1019.21,-453.35,4.949999999999932,-7.810000000000059,12.759999999999991,-2.8961165709616625,CALCULABLE,NO_SIGN_CHANGE,"ordinary_profit minus operating_profit; may contain net interest, dividends, FX, equity-method and other non-operating items"
EXCL_FINANCE_INSURANCE,1,2026Q1,20261,2026年1 - 3 月,2026-03-31,0003060191,leaf,INDUSTRY,142,情報通信業,142,情報通信業,26,全規模,23103.3,23062.11,41.18999999999869,20832.23,19154.29,1677.9399999999987,2271.0699999999997,3907.8199999999997,-1636.75,-3973.658655013479,CALCULABLE,NO_SIGN_CHANGE,"ordinary_profit minus operating_profit; may contain net interest, dividends, FX, equity-method and other non-operating items"
EXCL_FINANCE_INSURANCE,1,2026Q1,20261,2026年1 - 3 月,2026-03-31,0003060191,leaf,INDUSTRY_X_CAPITAL,142,情報通信業,142,情報通信業,19,1千万円以上 - 1億円未満,1243.82,2397.15,-1153.3300000000002,965.7,2847.73,-1882.03,278.1199999999999,-450.5799999999999,728.6999999999998,-63.18226353255354,CALCULABLE,NO_SIGN_CHANGE,"ordinary_profit minus operating_profit; may contain net interest, dividends, FX, equity-method and other non-operating items"
EXCL_FINANCE_INSURANCE,1,2026Q1,20261,2026年1 - 3 月,2026-03-31,0003060191,leaf,INDUSTRY_X_CAPITAL,142,情報通信業,142,情報通信業,24,1億円以上 - 10億円未満,8911.74,8464.12,447.619999999999,8764.28,6472.6,2291.6800000000003,147.45999999999913,1991.5200000000004,-1844.0600000000013,-411.96997453197037,CALCULABLE,NO_SIGN_CHANGE,"ordinary_profit minus operating_profit; may contain net interest, dividends, FX, equity-method and other non-operating items"
EXCL_FINANCE_INSURANCE,1,2026Q1,20261,2026年1 - 3 月,2026-03-31,0003060191,leaf,INDUSTRY_X_CAPITAL,142,情報通信業,142,情報通信業,25,10億円以上,12947.74,12200.84,746.8999999999996,11102.25,9833.96,1268.2900000000009,1845.4899999999998,2366.880000000001,-521.3900000000012,-69.80720310617238,CALCULABLE,NO_SIGN_CHANGE,"ordinary_profit minus operating_profit; may contain net interest, dividends, FX, equity-method and other non-operating items"
EXCL_FINANCE_INSURANCE,1,2026Q1,20261,2026年1 - 3 月,2026-03-31,0003060191,leaf,INDUSTRY,131,陸運業,134,運輸業、郵便業(集約),26,全規模,4276.09,2820.72,1455.3700000000003,4206.1,2738.81,1467.2900000000004,69.98999999999978,81.90999999999985,-11.920000000000073,-0.8190357091323904,CALCULABLE,NO_SIGN_CHANGE,"ordinary_profit minus operating_profit; may contain net interest, dividends, FX, equity-method and other non-operating items"
EXCL_FINANCE_INSURANCE,1,2026Q1,20261,2026年1 - 3 月,2026-03-31,0003060191,leaf,INDUSTRY_X_CAPITAL,131,陸運業,134,運輸業、郵便業(集約),19,1千万円以上 - 1億円未満,1917.87,1679.3,238.56999999999994,1684.23,1475.76,208.47000000000003,233.63999999999987,203.53999999999996,30.09999999999991,12.616842017018032,CALCULABLE,NO_SIGN_CHANGE,"ordinary_profit minus operating_profit; may contain net interest, dividends, FX, equity-method and other non-operating items"
EXCL_FINANCE_INSURANCE,1,2026Q1,20261,2026年1 - 3 月,2026-03-31,0003060191,leaf,INDUSTRY_X_CAPITAL,131,陸運業,134,運輸業、郵便業(集約),24,1億円以上 - 10億円未満,864.07,278.76,585.3100000000001,816.09,260.2,555.8900000000001,47.98000000000002,18.560000000000002,29.420000000000016,5.0263962686439685,CALCULABLE,NO_SIGN_CHANGE,"ordinary_profit minus operating_profit; may contain net interest, dividends, FX, equity-method and other non-operating items"
EXCL_FINANCE_INSURANCE,1,2026Q1,20261,2026年1 - 3 月,2026-03-31,0003060191,leaf,INDUSTRY_X_CAPITAL,131,陸運業,134,運輸業、郵便業(集約),25,10億円以上,1494.15,862.66,631.4900000000001,1705.78,1002.85,702.93,-211.62999999999988,-140.19000000000005,-71.43999999999983,-11.312926570491982,CALCULABLE,NO_SIGN_CHANGE,"ordinary_profit minus operating_profit; may contain net interest, dividends, FX, equity-method and other non-operating items"
EXCL_FINANCE_INSURANCE,1,2026Q1,20261,2026年1 - 3 月,2026-03-31,0003060191,leaf,INDUSTRY,132,水運業,134,運輸業、郵便業(集約),26,全規模,1023.47,1256.13,-232.66000000000008,785.0,768.91,16.090000000000032,238.47000000000003,487.22000000000014,-248.7500000000001,106.91567093613,CALCULABLE,NO_SIGN_CHANGE,"ordinary_profit minus operating_profit; may contain net interest, dividends, FX, equity-method and other non-operating items"
EXCL_FINANCE_INSURANCE,1,2026Q1,20261,2026年1 - 3 月,2026-03-31,0003060191,leaf,INDUSTRY_X_CAPITAL,132,水運業,134,運輸業、郵便業(集約),19,1千万円以上 - 1億円未満,292.56,783.82,-491.26000000000005,222.64,383.63,-160.99,69.92000000000002,400.19000000000005,-330.27000000000004,67.22916581850751,CALCULABLE,NO_SIGN_CHANGE,"ordinary_profit minus operating_profit; may contain net interest, dividends, FX, equity-method and other non-operating items"
EXCL_FINANCE_INSURANCE,1,2026Q1,20261,2026年1 - 3 月,2026-03-31,0003060191,leaf,INDUSTRY_X_CAPITAL,132,水運業,134,運輸業、郵便業(集約),24,1億円以上 - 10億円未満,200.79,28.63,172.16,151.43,-39.73,191.16,49.359999999999985,68.36,-19.000000000000014,-11.03624535315986,CALCULABLE,NO_SIGN_CHANGE,"ordinary_profit minus operating_profit; may contain net interest, dividends, FX, equity-method and other non-operating items"
EXCL_FINANCE_INSURANCE,1,2026Q1,20261,2026年1 - 3 月,2026-03-31,0003060191,leaf,INDUSTRY_X_CAPITAL,132,水運業,134,運輸業、郵便業(集約),25,10億円以上,530.12,443.68,86.44,410.93,425.01,-14.079999999999984,119.19,18.670000000000016,100.51999999999998,116.28875520592317,CALCULABLE,NO_SIGN_CHANGE,"ordinary_profit minus operating_profit; may contain net interest, dividends, FX, equity-method and other non-operating items"
EXCL_FINANCE_INSURANCE,1,2026Q1,20261,2026年1 - 3 月,2026-03-31,0003060191,leaf,INDUSTRY,133,その他の運輸業,134,運輸業、郵便業(集約),26,全規模,3333.34,1658.24,1675.1000000000001,3070.71,1668.65,1402.06,262.6300000000001,-10.410000000000082,273.0400000000002,16.299922392692984,CALCULABLE,NO_SIGN_CHANGE,"ordinary_profit minus operating_profit; may contain net interest, dividends, FX, equity-method and other non-operating items"
EXCL_FINANCE_INSURANCE,1,2026Q1,20261,2026年1 - 3 月,2026-03-31,0003060191,leaf,INDUSTRY_X_CAPITAL,133,その他の運輸業,134,運輸業、郵便業(集約),19,1千万円以上 - 1億円未満,891.18,342.11,549.0699999999999,790.1,378.76,411.34000000000003,101.07999999999993,-36.64999999999998,137.7299999999999,25.084233340011274,CALCULABLE,NO_SIGN_CHANGE,"ordinary_profit minus operating_profit; may contain net interest, dividends, FX, equity-method and other non-operating items"
EXCL_FINANCE_INSURANCE,1,2026Q1,20261,2026年1 - 3 月,2026-03-31,0003060191,leaf,INDUSTRY_X_CAPITAL,133,その他の運輸業,134,運輸業、郵便業(集約),24,1億円以上 - 10億円未満,439.83,404.84,34.99000000000001,382.9,301.42,81.47999999999996,56.93000000000001,103.41999999999996,-46.48999999999995,-132.86653329522704,CALCULABLE,NO_SIGN_CHANGE,"ordinary_profit minus operating_profit; may contain net interest, dividends, FX, equity-method and other non-operating items"
EXCL_FINANCE_INSURANCE,1,2026Q1,20261,2026年1 - 3 月,2026-03-31,0003060191,leaf,INDUSTRY_X_CAPITAL,133,その他の運輸業,134,運輸業、郵便業(集約),25,10億円以上,2002.33,911.29,1091.04,1897.71,988.47,909.24,104.61999999999989,-77.18000000000006,181.79999999999995,16.663000439947204,CALCULABLE,NO_SIGN_CHANGE,"ordinary_profit minus operating_profit; may contain net interest, dividends, FX, equity-method and other non-operating items"
EXCL_FINANCE_INSURANCE,1,2026Q1,20261,2026年1 - 3 月,2026-03-31,0003060191,leaf,INDUSTRY,127,卸売業,129,卸売業・小売業(集約),26,全規模,35150.91,30347.93,4802.980000000003,23349.88,21519.62,1830.260000000002,11801.030000000002,8828.310000000001,2972.720000000001,61.89324127937237,CALCULABLE,NO_SIGN_CHANGE,"ordinary_profit minus operating_profit; may contain net interest, dividends, FX, equity-method and other non-operating items"
EXCL_FINANCE_INSURANCE,1,2026Q1,20261,2026年1 - 3 月,2026-03-31,0003060191,leaf,INDUSTRY_X_CAPITAL,127,卸売業,129,卸売業・小売業(集約),19,1千万円以上 - 1億円未満,12373.77,11084.2,1289.5699999999997,10577.99,9802.13,775.8600000000006,1795.7800000000007,1282.0700000000015,513.7099999999991,39.835759206557164,CALCULABLE,NO_SIGN_CHANGE,"ordinary_profit minus operating_profit; may contain net interest, dividends, FX, equity-method and other non-operating items"
EXCL_FINANCE_INSURANCE,1,2026Q1,20261,2026年1 - 3 月,2026-03-31,0003060191,leaf,INDUSTRY_X_CAPITAL,127,卸売業,129,卸売業・小売業(集約),24,1億円以上 - 10億円未満,8032.68,8073.3,-40.61999999999989,7064.03,7166.28,-102.25,968.6500000000005,907.0200000000004,61.63000000000011,-151.72328902018776,CALCULABLE,NO_SIGN_CHANGE,"ordinary_profit minus operating_profit; may contain net interest, dividends, FX, equity-method and other non-operating items"
EXCL_FINANCE_INSURANCE,1,2026Q1,20261,2026年1 - 3 月,2026-03-31,0003060191,leaf,INDUSTRY_X_CAPITAL,127,卸売業,129,卸売業・小売業(集約),25,10億円以上,14744.46,11190.43,3554.029999999999,5707.86,4551.21,1156.6499999999996,9036.599999999999,6639.22,2397.3799999999983,67.45525502035714,CALCULABLE,NO_SIGN_CHANGE,"ordinary_profit minus operating_profit; may contain net interest, dividends, FX, equity-method and other non-operating items"
EXCL_FINANCE_INSURANCE,1,2026Q1,20261,2026年1 - 3 月,2026-03-31,0003060191,leaf,INDUSTRY,128,小売業,129,卸売業・小売業(集約),26,全規模,15239.52,16857.79,-1618.2700000000004,13027.42,14805.34,-1777.92,2212.1000000000004,2052.4500000000007,159.64999999999964,-9.865473623066583,CALCULABLE,NO_SIGN_CHANGE,"ordinary_profit minus operating_profit; may contain net interest, dividends, FX, equity-method and other non-operating items"
EXCL_FINANCE_INSURANCE,1,2026Q1,20261,2026年1 - 3 月,2026-03-31,0003060191,leaf,INDUSTRY_X_CAPITAL,128,小売業,129,卸売業・小売業(集約),19,1千万円以上 - 1億円未満,6279.8,7573.44,-1293.6399999999994,4942.22,6621.99,-1679.7699999999995,1337.58,951.4499999999998,386.1300000000001,-29.848334930892694,CALCULABLE,NO_SIGN_CHANGE,"ordinary_profit minus operating_profit; may contain net interest, dividends, FX, equity-method and other non-operating items"
EXCL_FINANCE_INSURANCE,1,2026Q1,20261,2026年1 - 3 月,2026-03-31,0003060191,leaf,INDUSTRY_X_CAPITAL,128,小売業,129,卸売業・小売業(集約),24,1億円以上 - 10億円未満,3151.15,4139.78,-988.6299999999997,2614.43,3223.37,-608.94,536.7200000000003,916.4099999999999,-379.6899999999996,38.405672496282705,CALCULABLE,NO_SIGN_CHANGE,"ordinary_profit minus operating_profit; may contain net interest, dividends, FX, equity-method and other non-operating items"
EXCL_FINANCE_INSURANCE,1,2026Q1,20261,2026年1 - 3 月,2026-03-31,0003060191,leaf,INDUSTRY_X_CAPITAL,128,小売業,129,卸売業・小売業(集約),25,10億円以上,5808.57,5144.57,664.0,5470.77,4959.98,510.7900000000009,337.7999999999993,184.59000000000015,153.20999999999913,23.073795180722758,CALCULABLE,NO_SIGN_CHANGE,"ordinary_profit minus operating_profit; may contain net interest, dividends, FX, equity-method and other non-operating items"
EXCL_FINANCE_INSURANCE,1,2026Q1,20261,2026年1 - 3 月,2026-03-31,0003060191,leaf,INDUSTRY,130,不動産業,155,不動産業、物品賃貸業(集約),26,全規模,23577.31,21512.59,2064.720000000001,21922.35,19890.28,2032.0699999999997,1654.9600000000028,1622.3100000000013,32.650000000001455,1.5813282188384594,CALCULABLE,NO_SIGN_CHANGE,"ordinary_profit minus operating_profit; may contain net interest, dividends, FX, equity-method and other non-operating items"
EXCL_FINANCE_INSURANCE,1,2026Q1,20261,2026年1 - 3 月,2026-03-31,0003060191,leaf,INDUSTRY_X_CAPITAL,130,不動産業,155,不動産業、物品賃貸業(集約),19,1千万円以上 - 1億円未満,7731.07,8177.03,-445.96000000000004,6677.62,7311.71,-634.0900000000001,1053.4499999999998,865.3199999999997,188.1300000000001,-42.1853977935241,CALCULABLE,NO_SIGN_CHANGE,"ordinary_profit minus operating_profit; may contain net interest, dividends, FX, equity-method and other non-operating items"
EXCL_FINANCE_INSURANCE,1,2026Q1,20261,2026年1 - 3 月,2026-03-31,0003060191,leaf,INDUSTRY_X_CAPITAL,130,不動産業,155,不動産業、物品賃貸業(集約),24,1億円以上 - 10億円未満,6898.11,6114.42,783.6899999999996,6453.51,5504.44,949.0700000000006,444.59999999999945,609.9800000000005,-165.38000000000102,-21.102731947581454,CALCULABLE,NO_SIGN_CHANGE,"ordinary_profit minus operating_profit; may contain net interest, dividends, FX, equity-method and other non-operating items"
EXCL_FINANCE_INSURANCE,1,2026Q1,20261,2026年1 - 3 月,2026-03-31,0003060191,leaf,INDUSTRY_X_CAPITAL,130,不動産業,155,不動産業、物品賃貸業(集約),25,10億円以上,8948.13,7221.14,1726.9899999999989,8791.22,7074.13,1717.0899999999992,156.90999999999985,147.01000000000022,9.899999999999636,0.5732517269931872,CALCULABLE,NO_SIGN_CHANGE,"ordinary_profit minus operating_profit; may contain net interest, dividends, FX, equity-method and other non-operating items"
EXCL_FINANCE_INSURANCE,1,2026Q1,20261,2026年1 - 3 月,2026-03-31,0003060191,leaf,INDUSTRY,150,リース業,155,不動産業、物品賃貸業(集約),26,全規模,4570.79,4230.35,340.4399999999996,3317.04,3508.56,-191.51999999999998,1253.75,721.7900000000004,531.9599999999996,156.25660909411357,CALCULABLE,NO_SIGN_CHANGE,"ordinary_profit minus operating_profit; may contain net interest, dividends, FX, equity-method and other non-operating items"
EXCL_FINANCE_INSURANCE,1,2026Q1,20261,2026年1 - 3 月,2026-03-31,0003060191,leaf,INDUSTRY_X_CAPITAL,150,リース業,155,不動産業、物品賃貸業(集約),19,1千万円以上 - 1億円未満,849.9,1007.28,-157.38,689.83,699.35,-9.519999999999982,160.06999999999994,307.92999999999995,-147.86,93.95094675308172,CALCULABLE,NO_SIGN_CHANGE,"ordinary_profit minus operating_profit; may contain net interest, dividends, FX, equity-method and other non-operating items"
EXCL_FINANCE_INSURANCE,1,2026Q1,20261,2026年1 - 3 月,2026-03-31,0003060191,leaf,INDUSTRY_X_CAPITAL,150,リース業,155,不動産業、物品賃貸業(集約),24,1億円以上 - 10億円未満,464.2,386.2,78.0,272.97,341.86,-68.88999999999999,191.22999999999996,44.339999999999975,146.89,188.32051282051282,CALCULABLE,NO_SIGN_CHANGE,"ordinary_profit minus operating_profit; may contain net interest, dividends, FX, equity-method and other non-operating items"
EXCL_FINANCE_INSURANCE,1,2026Q1,20261,2026年1 - 3 月,2026-03-31,0003060191,leaf,INDUSTRY_X_CAPITAL,150,リース業,155,不動産業、物品賃貸業(集約),25,10億円以上,3256.69,2836.87,419.82000000000016,2354.24,2467.35,-113.11000000000013,902.4500000000003,369.52,532.9300000000003,126.9424991663094,CALCULABLE,NO_SIGN_CHANGE,"ordinary_profit minus operating_profit; may contain net interest, dividends, FX, equity-method and other non-operating items"
EXCL_FINANCE_INSURANCE,1,2026Q1,20261,2026年1 - 3 月,2026-03-31,0003060191,leaf,INDUSTRY,151,その他の物品賃貸業,155,不動産業、物品賃貸業(集約),26,全規模,736.03,483.55,252.47999999999996,585.4,407.12,178.27999999999997,150.63,76.43,74.19999999999999,29.38846641318124,CALCULABLE,NO_SIGN_CHANGE,"ordinary_profit minus operating_profit; may contain net interest, dividends, FX, equity-method and other non-operating items"
EXCL_FINANCE_INSURANCE,1,2026Q1,20261,2026年1 - 3 月,2026-03-31,0003060191,leaf,INDUSTRY_X_CAPITAL,151,その他の物品賃貸業,155,不動産業、物品賃貸業(集約),19,1千万円以上 - 1億円未満,178.12,121.09,57.03,153.11,115.22,37.890000000000015,25.00999999999999,5.8700000000000045,19.139999999999986,33.56128353498156,CALCULABLE,NO_SIGN_CHANGE,"ordinary_profit minus operating_profit; may contain net interest, dividends, FX, equity-method and other non-operating items"
EXCL_FINANCE_INSURANCE,1,2026Q1,20261,2026年1 - 3 月,2026-03-31,0003060191,leaf,INDUSTRY_X_CAPITAL,151,その他の物品賃貸業,155,不動産業、物品賃貸業(集約),24,1億円以上 - 10億円未満,353.61,260.63,92.98000000000002,285.62,195.07,90.55000000000001,67.99000000000001,65.56,2.430000000000007,2.613465261346533,CALCULABLE,NO_SIGN_CHANGE,"ordinary_profit minus operating_profit; may contain net interest, dividends, FX, equity-method and other non-operating items"
EXCL_FINANCE_INSURANCE,1,2026Q1,20261,2026年1 - 3 月,2026-03-31,0003060191,leaf,INDUSTRY_X_CAPITAL,151,その他の物品賃貸業,155,不動産業、物品賃貸業(集約),25,10億円以上,204.3,101.83,102.47000000000001,146.67,96.83,49.83999999999999,57.630000000000024,5.0,52.630000000000024,51.361374060700705,CALCULABLE,NO_SIGN_CHANGE,"ordinary_profit minus operating_profit; may contain net interest, dividends, FX, equity-method and other non-operating items"
EXCL_FINANCE_INSURANCE,1,2026Q1,20261,2026年1 - 3 月,2026-03-31,0003060191,leaf,INDUSTRY,139,宿泊業,137,サービス業(集約),26,全規模,777.75,636.75,141.0,816.89,760.55,56.34000000000003,-39.139999999999986,-123.79999999999995,84.65999999999997,60.04255319148933,CALCULABLE,NO_SIGN_CHANGE,"ordinary_profit minus operating_profit; may contain net interest, dividends, FX, equity-method and other non-operating items"
EXCL_FINANCE_INSURANCE,1,2026Q1,20261,2026年1 - 3 月,2026-03-31,0003060191,leaf,INDUSTRY_X_CAPITAL,139,宿泊業,137,サービス業(集約),19,1千万円以上 - 1億円未満,251.98,109.28,142.7,250.93,149.99,100.94,1.049999999999983,-40.71000000000001,41.75999999999999,29.26419060967063,CALCULABLE,NO_SIGN_CHANGE,"ordinary_profit minus operating_profit; may contain net interest, dividends, FX, equity-method and other non-operating items"
EXCL_FINANCE_INSURANCE,1,2026Q1,20261,2026年1 - 3 月,2026-03-31,0003060191,leaf,INDUSTRY_X_CAPITAL,139,宿泊業,137,サービス業(集約),24,1億円以上 - 10億円未満,352.88,424.19,-71.31,401.4,509.89,-108.49000000000001,-48.51999999999998,-85.69999999999999,37.18000000000001,-52.138549992988374,CALCULABLE,NO_SIGN_CHANGE,"ordinary_profit minus operating_profit; may contain net interest, dividends, FX, equity-method and other non-operating items"
EXCL_FINANCE_INSURANCE,1,2026Q1,20261,2026年1 - 3 月,2026-03-31,0003060191,leaf,INDUSTRY_X_CAPITAL,139,宿泊業,137,サービス業(集約),25,10億円以上,172.89,103.28,69.60999999999999,164.56,100.67,63.89,8.329999999999984,2.6099999999999994,5.719999999999985,8.217210170952429,CALCULABLE,NO_SIGN_CHANGE,"ordinary_profit minus operating_profit; may contain net interest, dividends, FX, equity-method and other non-operating items"
EXCL_FINANCE_INSURANCE,1,2026Q1,20261,2026年1 - 3 月,2026-03-31,0003060191,leaf,INDUSTRY,148,飲食サービス業,137,サービス業(集約),26,全規模,3970.34,1585.01,2385.33,1084.73,1656.28,-571.55,2885.61,-71.26999999999998,2956.88,123.96104522225437,CALCULABLE,NO_SIGN_CHANGE,"ordinary_profit minus operating_profit; may contain net interest, dividends, FX, equity-method and other non-operating items"
EXCL_FINANCE_INSURANCE,1,2026Q1,20261,2026年1 - 3 月,2026-03-31,0003060191,leaf,INDUSTRY_X_CAPITAL,148,飲食サービス業,137,サービス業(集約),19,1千万円以上 - 1億円未満,859.36,1054.78,-195.41999999999996,415.33,1143.23,-727.9000000000001,444.03000000000003,-88.45000000000005,532.48,-272.4797871251664,CALCULABLE,NO_SIGN_CHANGE,"ordinary_profit minus operating_profit; may contain net interest, dividends, FX, equity-method and other non-operating items"
EXCL_FINANCE_INSURANCE,1,2026Q1,20261,2026年1 - 3 月,2026-03-31,0003060191,leaf,INDUSTRY_X_CAPITAL,148,飲食サービス業,137,サービス業(集約),24,1億円以上 - 10億円未満,132.42,158.29,-25.870000000000005,123.94,157.64,-33.69999999999999,8.47999999999999,0.6500000000000057,7.829999999999984,-30.26671820641663,CALCULABLE,NO_SIGN_CHANGE,"ordinary_profit minus operating_profit; may contain net interest, dividends, FX, equity-method and other non-operating items"
EXCL_FINANCE_INSURANCE,1,2026Q1,20261,2026年1 - 3 月,2026-03-31,0003060191,leaf,INDUSTRY_X_CAPITAL,148,飲食サービス業,137,サービス業(集約),25,10億円以上,2978.56,371.94,2606.62,545.46,355.41,190.05,2433.1,16.529999999999973,2416.5699999999997,92.70894875355825,CALCULABLE,NO_SIGN_CHANGE,"ordinary_profit minus operating_profit; may contain net interest, dividends, FX, equity-method and other non-operating items"
EXCL_FINANCE_INSURANCE,1,2026Q1,20261,2026年1 - 3 月,2026-03-31,0003060191,leaf,INDUSTRY,140,生活関連サービス業,137,サービス業(集約),26,全規模,1513.65,1991.55,-477.89999999999986,1242.11,1761.32,-519.21,271.5400000000002,230.23000000000002,41.31000000000017,-8.644067796610209,CALCULABLE,NO_SIGN_CHANGE,"ordinary_profit minus operating_profit; may contain net interest, dividends, FX, equity-method and other non-operating items"
EXCL_FINANCE_INSURANCE,1,2026Q1,20261,2026年1 - 3 月,2026-03-31,0003060191,leaf,INDUSTRY_X_CAPITAL,140,生活関連サービス業,137,サービス業(集約),19,1千万円以上 - 1億円未満,1115.15,1428.51,-313.3599999999999,891.01,1197.19,-306.18000000000006,224.1400000000001,231.31999999999994,-7.179999999999836,2.2912943579269336,CALCULABLE,NO_SIGN_CHANGE,"ordinary_profit minus operating_profit; may contain net interest, dividends, FX, equity-method and other non-operating items"
EXCL_FINANCE_INSURANCE,1,2026Q1,20261,2026年1 - 3 月,2026-03-31,0003060191,leaf,INDUSTRY_X_CAPITAL,140,生活関連サービス業,137,サービス業(集約),24,1億円以上 - 10億円未満,371.71,504.75,-133.04000000000002,324.93,514.74,-189.81,46.77999999999997,-9.990000000000009,56.76999999999998,-42.6713770294648,CALCULABLE,NO_SIGN_CHANGE,"ordinary_profit minus operating_profit; may contain net interest, dividends, FX, equity-method and other non-operating items"
EXCL_FINANCE_INSURANCE,1,2026Q1,20261,2026年1 - 3 月,2026-03-31,0003060191,leaf,INDUSTRY_X_CAPITAL,140,生活関連サービス業,137,サービス業(集約),25,10億円以上,26.79,58.29,-31.5,26.17,49.39,-23.22,0.6199999999999974,8.899999999999999,-8.280000000000001,26.285714285714292,CALCULABLE,NO_SIGN_CHANGE,"ordinary_profit minus operating_profit; may contain net interest, dividends, FX, equity-method and other non-operating items"
EXCL_FINANCE_INSURANCE,1,2026Q1,20261,2026年1 - 3 月,2026-03-31,0003060191,leaf,INDUSTRY,141,娯楽業,137,サービス業(集約),26,全規模,2115.07,2075.89,39.18000000000029,2165.57,1925.24,240.33000000000015,-50.5,150.64999999999986,-201.14999999999986,-513.3996937212822,CALCULABLE,NO_SIGN_CHANGE,"ordinary_profit minus operating_profit; may contain net interest, dividends, FX, equity-method and other non-operating items"
EXCL_FINANCE_INSURANCE,1,2026Q1,20261,2026年1 - 3 月,2026-03-31,0003060191,leaf,INDUSTRY_X_CAPITAL,141,娯楽業,137,サービス業(集約),19,1千万円以上 - 1億円未満,844.68,998.57,-153.8900000000001,739.79,768.73,-28.940000000000055,104.88999999999999,229.84000000000003,-124.95000000000005,81.19435960751183,CALCULABLE,NO_SIGN_CHANGE,"ordinary_profit minus operating_profit; may contain net interest, dividends, FX, equity-method and other non-operating items"
EXCL_FINANCE_INSURANCE,1,2026Q1,20261,2026年1 - 3 月,2026-03-31,0003060191,leaf,INDUSTRY_X_CAPITAL,141,娯楽業,137,サービス業(集約),24,1億円以上 - 10億円未満,745.72,365.23,380.49,867.21,442.11,425.1,-121.49000000000001,-76.88,-44.610000000000014,-11.724355436410946,CALCULABLE,NO_SIGN_CHANGE,"ordinary_profit minus operating_profit; may contain net interest, dividends, FX, equity-method and other non-operating items"
EXCL_FINANCE_INSURANCE,1,2026Q1,20261,2026年1 - 3 月,2026-03-31,0003060191,leaf,INDUSTRY_X_CAPITAL,141,娯楽業,137,サービス業(集約),25,10億円以上,524.67,712.09,-187.42000000000007,558.57,714.4,-155.82999999999993,-33.90000000000009,-2.3099999999999454,-31.590000000000146,16.855191548394053,CALCULABLE,NO_SIGN_CHANGE,"ordinary_profit minus operating_profit; may contain net interest, dividends, FX, equity-method and other non-operating items"
EXCL_FINANCE_INSURANCE,1,2026Q1,20261,2026年1 - 3 月,2026-03-31,0003060191,leaf,INDUSTRY,138,広告業,137,サービス業(集約),26,全規模,1898.79,2145.53,-246.74000000000024,1806.49,1926.28,-119.78999999999996,92.29999999999995,219.25000000000023,-126.95000000000027,51.45091999675778,CALCULABLE,NO_SIGN_CHANGE,"ordinary_profit minus operating_profit; may contain net interest, dividends, FX, equity-method and other non-operating items"
EXCL_FINANCE_INSURANCE,1,2026Q1,20261,2026年1 - 3 月,2026-03-31,0003060191,leaf,INDUSTRY_X_CAPITAL,138,広告業,137,サービス業(集約),19,1千万円以上 - 1億円未満,855.39,1217.59,-362.19999999999993,800.72,1046.68,-245.96000000000004,54.66999999999996,170.90999999999985,-116.2399999999999,32.092766427388156,CALCULABLE,NO_SIGN_CHANGE,"ordinary_profit minus operating_profit; may contain net interest, dividends, FX, equity-method and other non-operating items"
EXCL_FINANCE_INSURANCE,1,2026Q1,20261,2026年1 - 3 月,2026-03-31,0003060191,leaf,INDUSTRY_X_CAPITAL,138,広告業,137,サービス業(集約),24,1億円以上 - 10億円未満,550.38,368.02,182.36,538.85,361.17,177.68,11.529999999999973,6.849999999999966,4.680000000000007,2.566352270234704,CALCULABLE,NO_SIGN_CHANGE,"ordinary_profit minus operating_profit; may contain net interest, dividends, FX, equity-method and other non-operating items"
EXCL_FINANCE_INSURANCE,1,2026Q1,20261,2026年1 - 3 月,2026-03-31,0003060191,leaf,INDUSTRY_X_CAPITAL,138,広告業,137,サービス業(集約),25,10億円以上,493.02,559.92,-66.89999999999998,466.92,518.43,-51.509999999999934,26.099999999999966,41.49000000000001,-15.390000000000043,23.004484304932806,CALCULABLE,NO_SIGN_CHANGE,"ordinary_profit minus operating_profit; may contain net interest, dividends, FX, equity-method and other non-operating items"
EXCL_FINANCE_INSURANCE,1,2026Q1,20261,2026年1 - 3 月,2026-03-31,0003060191,leaf,INDUSTRY,158,純粋持株会社,137,サービス業(集約),26,全規模,9402.52,14807.8,-5405.279999999999,13944.97,16012.28,-2067.3100000000013,-4542.449999999999,-1204.4800000000014,-3337.9699999999975,61.75387768996238,CALCULABLE,NO_SIGN_CHANGE,"ordinary_profit minus operating_profit; may contain net interest, dividends, FX, equity-method and other non-operating items"
EXCL_FINANCE_INSURANCE,1,2026Q1,20261,2026年1 - 3 月,2026-03-31,0003060191,leaf,INDUSTRY_X_CAPITAL,158,純粋持株会社,137,サービス業(集約),19,1千万円以上 - 1億円未満,684.18,375.12,309.05999999999995,-24.76,153.97,-178.73,708.9399999999999,221.15,487.78999999999996,157.83019478418433,CALCULABLE,NO_SIGN_CHANGE,"ordinary_profit minus operating_profit; may contain net interest, dividends, FX, equity-method and other non-operating items"
EXCL_FINANCE_INSURANCE,1,2026Q1,20261,2026年1 - 3 月,2026-03-31,0003060191,leaf,INDUSTRY_X_CAPITAL,158,純粋持株会社,137,サービス業(集約),24,1億円以上 - 10億円未満,695.7,417.42,278.28000000000003,294.77,307.1,-12.330000000000041,400.93000000000006,110.32,290.61000000000007,104.4307891332471,CALCULABLE,NO_SIGN_CHANGE,"ordinary_profit minus operating_profit; may contain net interest, dividends, FX, equity-method and other non-operating items"
EXCL_FINANCE_INSURANCE,1,2026Q1,20261,2026年1 - 3 月,2026-03-31,0003060191,leaf,INDUSTRY_X_CAPITAL,158,純粋持株会社,137,サービス業(集約),25,10億円以上,8022.64,14015.26,-5992.62,13674.96,15551.21,-1876.25,-5652.319999999999,-1535.949999999999,-4116.37,68.69065617376039,CALCULABLE,NO_SIGN_CHANGE,"ordinary_profit minus operating_profit; may contain net interest, dividends, FX, equity-method and other non-operating items"
EXCL_FINANCE_INSURANCE,1,2026Q1,20261,2026年1 - 3 月,2026-03-31,0003060191,leaf,INDUSTRY,159,その他の学術研究、専門・技術サービス業,137,サービス業(集約),26,全規模,12357.98,11573.33,784.6499999999996,11861.14,11856.53,4.609999999998763,496.84000000000015,-283.2000000000007,780.0400000000009,99.41247690052906,CALCULABLE,NO_SIGN_CHANGE,"ordinary_profit minus operating_profit; may contain net interest, dividends, FX, equity-method and other non-operating items"
EXCL_FINANCE_INSURANCE,1,2026Q1,20261,2026年1 - 3 月,2026-03-31,0003060191,leaf,INDUSTRY_X_CAPITAL,159,その他の学術研究、専門・技術サービス業,137,サービス業(集約),19,1千万円以上 - 1億円未満,9174.65,9029.69,144.95999999999913,8989.68,9352.92,-363.2399999999998,184.96999999999935,-323.22999999999956,508.1999999999989,350.57947019867686,CALCULABLE,NO_SIGN_CHANGE,"ordinary_profit minus operating_profit; may contain net interest, dividends, FX, equity-method and other non-operating items"
EXCL_FINANCE_INSURANCE,1,2026Q1,20261,2026年1 - 3 月,2026-03-31,0003060191,leaf,INDUSTRY_X_CAPITAL,159,その他の学術研究、専門・技術サービス業,137,サービス業(集約),24,1億円以上 - 10億円未満,2700.45,2000.02,700.4299999999998,2425.1,1860.31,564.79,275.3499999999999,139.71000000000004,135.63999999999987,19.365247062518726,CALCULABLE,NO_SIGN_CHANGE,"ordinary_profit minus operating_profit; may contain net interest, dividends, FX, equity-method and other non-operating items"
EXCL_FINANCE_INSURANCE,1,2026Q1,20261,2026年1 - 3 月,2026-03-31,0003060191,leaf,INDUSTRY_X_CAPITAL,159,その他の学術研究、専門・技術サービス業,137,サービス業(集約),25,10億円以上,482.88,543.62,-60.74000000000001,446.36,643.3,-196.93999999999994,36.51999999999998,-99.67999999999995,136.19999999999993,-224.23444188343746,CALCULABLE,NO_SIGN_CHANGE,"ordinary_profit minus operating_profit; may contain net interest, dividends, FX, equity-method and other non-operating items"
EXCL_FINANCE_INSURANCE,1,2026Q1,20261,2026年1 - 3 月,2026-03-31,0003060191,leaf,INDUSTRY,153,教育、学習支援業,137,サービス業(集約),26,全規模,815.51,930.42,-114.90999999999997,797.09,817.22,-20.129999999999995,18.41999999999996,113.19999999999993,-94.77999999999997,82.48194238969629,CALCULABLE,NO_SIGN_CHANGE,"ordinary_profit minus operating_profit; may contain net interest, dividends, FX, equity-method and other non-operating items"
EXCL_FINANCE_INSURANCE,1,2026Q1,20261,2026年1 - 3 月,2026-03-31,0003060191,leaf,INDUSTRY_X_CAPITAL,153,教育、学習支援業,137,サービス業(集約),19,1千万円以上 - 1億円未満,512.78,805.7,-292.9200000000001,530.17,712.53,-182.36,-17.389999999999986,93.17000000000007,-110.56000000000006,37.74409395056672,CALCULABLE,NO_SIGN_CHANGE,"ordinary_profit minus operating_profit; may contain net interest, dividends, FX, equity-method and other non-operating items"
EXCL_FINANCE_INSURANCE,1,2026Q1,20261,2026年1 - 3 月,2026-03-31,0003060191,leaf,INDUSTRY_X_CAPITAL,153,教育、学習支援業,137,サービス業(集約),24,1億円以上 - 10億円未満,123.32,6.33,116.99,122.29,8.28,114.01,1.029999999999987,-1.9499999999999993,2.979999999999986,2.547226258654574,CALCULABLE,NO_SIGN_CHANGE,"ordinary_profit minus operating_profit; may contain net interest, dividends, FX, equity-method and other non-operating items"
EXCL_FINANCE_INSURANCE,1,2026Q1,20261,2026年1 - 3 月,2026-03-31,0003060191,leaf,INDUSTRY_X_CAPITAL,153,教育、学習支援業,137,サービス業(集約),25,10億円以上,179.41,118.39,61.019999999999996,144.63,96.41,48.22,34.78,21.980000000000004,12.799999999999997,20.97672894133071,CALCULABLE,NO_SIGN_CHANGE,"ordinary_profit minus operating_profit; may contain net interest, dividends, FX, equity-method and other non-operating items"
EXCL_FINANCE_INSURANCE,1,2026Q1,20261,2026年1 - 3 月,2026-03-31,0003060191,leaf,INDUSTRY,152,医療、福祉業,137,サービス業(集約),26,全規模,810.98,951.73,-140.75,679.19,755.05,-75.8599999999999,131.78999999999996,196.68000000000006,-64.8900000000001,46.10301953818835,CALCULABLE,NO_SIGN_CHANGE,"ordinary_profit minus operating_profit; may contain net interest, dividends, FX, equity-method and other non-operating items"
EXCL_FINANCE_INSURANCE,1,2026Q1,20261,2026年1 - 3 月,2026-03-31,0003060191,leaf,INDUSTRY_X_CAPITAL,152,医療、福祉業,137,サービス業(集約),19,1千万円以上 - 1億円未満,462.14,551.28,-89.13999999999999,355.94,481.2,-125.25999999999999,106.19999999999999,70.07999999999998,36.120000000000005,-40.52052950415079,CALCULABLE,NO_SIGN_CHANGE,"ordinary_profit minus operating_profit; may contain net interest, dividends, FX, equity-method and other non-operating items"
EXCL_FINANCE_INSURANCE,1,2026Q1,20261,2026年1 - 3 月,2026-03-31,0003060191,leaf,INDUSTRY_X_CAPITAL,152,医療、福祉業,137,サービス業(集約),24,1億円以上 - 10億円未満,306.28,263.88,42.39999999999998,328.21,236.6,91.60999999999999,-21.930000000000007,27.28,-49.21000000000001,-116.06132075471707,CALCULABLE,NO_SIGN_CHANGE,"ordinary_profit minus operating_profit; may contain net interest, dividends, FX, equity-method and other non-operating items"
EXCL_FINANCE_INSURANCE,1,2026Q1,20261,2026年1 - 3 月,2026-03-31,0003060191,leaf,INDUSTRY_X_CAPITAL,152,医療、福祉業,137,サービス業(集約),25,10億円以上,42.56,136.57,-94.00999999999999,-4.96,37.25,-42.21,47.52,99.32,-51.79999999999999,55.10052122114668,CALCULABLE,NO_SIGN_CHANGE,"ordinary_profit minus operating_profit; may contain net interest, dividends, FX, equity-method and other non-operating items"
EXCL_FINANCE_INSURANCE,1,2026Q1,20261,2026年1 - 3 月,2026-03-31,0003060191,leaf,INDUSTRY,160,職業紹介・労働者派遣業,137,サービス業(集約),26,全規模,1138.02,1195.67,-57.65000000000009,1022.96,1227.05,-204.08999999999992,115.05999999999995,-31.37999999999988,146.43999999999983,-254.01561144839476,CALCULABLE,NO_SIGN_CHANGE,"ordinary_profit minus operating_profit; may contain net interest, dividends, FX, equity-method and other non-operating items"
EXCL_FINANCE_INSURANCE,1,2026Q1,20261,2026年1 - 3 月,2026-03-31,0003060191,leaf,INDUSTRY_X_CAPITAL,160,職業紹介・労働者派遣業,137,サービス業(集約),19,1千万円以上 - 1億円未満,250.81,676.77,-425.96,117.1,659.08,-541.98,133.71,17.68999999999994,116.02000000000007,-27.23729927692743,CALCULABLE,NO_SIGN_CHANGE,"ordinary_profit minus operating_profit; may contain net interest, dividends, FX, equity-method and other non-operating items"
EXCL_FINANCE_INSURANCE,1,2026Q1,20261,2026年1 - 3 月,2026-03-31,0003060191,leaf,INDUSTRY_X_CAPITAL,160,職業紹介・労働者派遣業,137,サービス業(集約),24,1億円以上 - 10億円未満,772.08,410.62,361.46000000000004,787.05,459.44,327.60999999999996,-14.969999999999914,-48.81999999999999,33.85000000000008,9.364798317932848,CALCULABLE,NO_SIGN_CHANGE,"ordinary_profit minus operating_profit; may contain net interest, dividends, FX, equity-method and other non-operating items"
EXCL_FINANCE_INSURANCE,1,2026Q1,20261,2026年1 - 3 月,2026-03-31,0003060191,leaf,INDUSTRY_X_CAPITAL,160,職業紹介・労働者派遣業,137,サービス業(集約),25,10億円以上,115.13,108.28,6.849999999999994,118.81,108.53,10.280000000000001,-3.680000000000007,-0.25,-3.430000000000007,-50.07299270073007,CALCULABLE,NO_SIGN_CHANGE,"ordinary_profit minus operating_profit; may contain net interest, dividends, FX, equity-method and other non-operating items"
EXCL_FINANCE_INSURANCE,1,2026Q1,20261,2026年1 - 3 月,2026-03-31,0003060191,leaf,INDUSTRY,143,その他のサービス業,137,サービス業(集約),26,全規模,8281.49,6631.63,1649.8599999999997,7008.18,6389.97,618.21,1273.3099999999995,241.65999999999985,1031.6499999999996,62.529547961645214,CALCULABLE,NO_SIGN_CHANGE,"ordinary_profit minus operating_profit; may contain net interest, dividends, FX, equity-method and other non-operating items"
EXCL_FINANCE_INSURANCE,1,2026Q1,20261,2026年1 - 3 月,2026-03-31,0003060191,leaf,INDUSTRY_X_CAPITAL,143,その他のサービス業,137,サービス業(集約),19,1千万円以上 - 1億円未満,3130.57,2110.69,1019.8800000000001,2714.82,2142.06,572.7600000000002,415.75,-31.36999999999989,447.1199999999999,43.84045181786091,CALCULABLE,NO_SIGN_CHANGE,"ordinary_profit minus operating_profit; may contain net interest, dividends, FX, equity-method and other non-operating items"
EXCL_FINANCE_INSURANCE,1,2026Q1,20261,2026年1 - 3 月,2026-03-31,0003060191,leaf,INDUSTRY_X_CAPITAL,143,その他のサービス業,137,サービス業(集約),24,1億円以上 - 10億円未満,3562.93,2990.33,572.5999999999999,2918.9,2825.11,93.78999999999996,644.0299999999997,165.2199999999998,478.80999999999995,83.6203283269298,CALCULABLE,NO_SIGN_CHANGE,"ordinary_profit minus operating_profit; may contain net interest, dividends, FX, equity-method and other non-operating items"
EXCL_FINANCE_INSURANCE,1,2026Q1,20261,2026年1 - 3 月,2026-03-31,0003060191,leaf,INDUSTRY_X_CAPITAL,143,その他のサービス業,137,サービス業(集約),25,10億円以上,1587.99,1530.61,57.38000000000011,1374.46,1422.8,-48.33999999999992,213.52999999999997,107.80999999999995,105.72000000000003,184.24538166608545,CALCULABLE,NO_SIGN_CHANGE,"ordinary_profit minus operating_profit; may contain net interest, dividends, FX, equity-method and other non-operating items"
