coverage_scope,source_table_number,release_id,period_code,period,period_end,estat_sid,taxonomy,aggregation_level,industry_code,industry_name,parent_major_code,parent_major_name,capital_size_code,capital_size_name,capex_including_current_oku_yen,capex_including_previous_oku_yen,capex_including_yoy_delta_oku_yen,capex_excluding_current_oku_yen,capex_excluding_previous_oku_yen,capex_excluding_yoy_delta_oku_yen,software_capex_current_oku_yen,software_capex_previous_oku_yen,software_capex_yoy_delta_oku_yen,software_capex_yoy_pct,software_capex_yoy_status,prior_base_status,is_direct_published_series,derivation_method,software_contribution_pct_to_all_net_change,software_contribution_status,prior_value_share_of_all_pct,prior_value_share_status,gross_positive_scope,gross_positive_yoy_delta_oku_yen,share_of_gross_positive_pct,positive_share_status
EXCL_FINANCE_INSURANCE,1,2026Q1,20261,2026年1 - 3 月,2026-03-31,0003060191,leaf,ALL,104,全産業（除く金融保険業）,,,26,全規模,188063.9,187975.12,88.77999999999884,165661.68,168004.32,-2342.640000000014,22402.22,19970.79999999999,2431.420000000013,12.174875317964307,CALCULABLE,POSITIVE_BASE,False,capex_including_software minus capex_excluding_software; not a directly published series,100.0,CALCULABLE,100.0,CALCULABLE,ALL,2431.420000000013,100.0,CALCULABLE
EXCL_FINANCE_INSURANCE,1,2026Q1,20261,2026年1 - 3 月,2026-03-31,0003060191,leaf,CAPITAL,104,全産業（除く金融保険業）,,,19,1千万円以上 - 1億円未満,36991.94,35963.66,1028.2799999999988,33094.4,33850.23,-755.8300000000017,3897.540000000001,2113.4300000000003,1784.1100000000006,84.41774745319222,CALCULABLE,POSITIVE_BASE,False,capex_including_software minus capex_excluding_software; not a directly published series,73.37728570135934,CALCULABLE,10.58260059687144,CALCULABLE,CAPITAL,2431.4200000000164,73.37728570135923,CALCULABLE
EXCL_FINANCE_INSURANCE,1,2026Q1,20261,2026年1 - 3 月,2026-03-31,0003060191,leaf,CAPITAL,104,全産業（除く金融保険業）,,,24,1億円以上 - 10億円未満,35237.91,37159.82,-1921.9099999999962,30602.99,32611.65,-2008.6599999999999,4634.920000000002,4548.169999999998,86.75000000000364,1.907360542811798,CALCULABLE,POSITIVE_BASE,False,capex_including_software minus capex_excluding_software; not a directly published series,3.567873917299487,CALCULABLE,22.774100186271962,CALCULABLE,CAPITAL,2431.4200000000164,3.5678739172994813,CALCULABLE
EXCL_FINANCE_INSURANCE,1,2026Q1,20261,2026年1 - 3 月,2026-03-31,0003060191,leaf,CAPITAL,104,全産業（除く金融保険業）,,,25,10億円以上,115834.05,114851.64,982.4100000000035,101964.29,101542.44,421.84999999999127,13869.76000000001,13309.199999999997,560.5600000000122,4.211823400354731,CALCULABLE,POSITIVE_BASE,False,capex_including_software minus capex_excluding_software; not a directly published series,23.054840381341325,CALCULABLE,66.64329921685663,CALCULABLE,CAPITAL,2431.4200000000164,23.05484038134129,CALCULABLE
EXCL_FINANCE_INSURANCE,1,2026Q1,20261,2026年1 - 3 月,2026-03-31,0003060191,leaf,INDUSTRY,109,食料品製造業,108,製造業,26,全規模,5752.58,5598.37,154.21000000000004,5416.72,5258.34,158.3800000000001,335.8599999999997,340.02999999999975,-4.170000000000073,-1.2263623797900358,CALCULABLE,POSITIVE_BASE,False,capex_including_software minus capex_excluding_software; not a directly published series,-0.17150471740793655,CALCULABLE,1.702635848338574,CALCULABLE,INDUSTRY,3727.509999999996,0.0,NON_POSITIVE_COMPONENT
EXCL_FINANCE_INSURANCE,1,2026Q1,20261,2026年1 - 3 月,2026-03-31,0003060191,leaf,INDUSTRY_X_CAPITAL,109,食料品製造業,108,製造業,19,1千万円以上 - 1億円未満,1994.59,1754.69,239.89999999999986,1940.68,1685.26,255.42000000000007,53.909999999999854,69.43000000000006,-15.52000000000021,-22.353449517499925,CALCULABLE,POSITIVE_BASE,False,capex_including_software minus capex_excluding_software; not a directly published series,-0.6383101233024375,CALCULABLE,0.34765758006689823,CALCULABLE,INDUSTRY_X_CAPITAL,4390.050000000003,0.0,NON_POSITIVE_COMPONENT
EXCL_FINANCE_INSURANCE,1,2026Q1,20261,2026年1 - 3 月,2026-03-31,0003060191,leaf,INDUSTRY_X_CAPITAL,109,食料品製造業,108,製造業,24,1億円以上 - 10億円未満,1593.93,1699.48,-105.54999999999995,1553.87,1628.41,-74.54000000000019,40.06000000000017,71.06999999999994,-31.009999999999764,-43.63303785000674,CALCULABLE,POSITIVE_BASE,False,capex_including_software minus capex_excluding_software; not a directly published series,-1.2753863997170214,CALCULABLE,0.3558695695715744,CALCULABLE,INDUSTRY_X_CAPITAL,4390.050000000003,0.0,NON_POSITIVE_COMPONENT
EXCL_FINANCE_INSURANCE,1,2026Q1,20261,2026年1 - 3 月,2026-03-31,0003060191,leaf,INDUSTRY_X_CAPITAL,109,食料品製造業,108,製造業,25,10億円以上,2164.06,2144.2,19.860000000000127,1922.17,1944.67,-22.5,241.88999999999987,199.52999999999975,42.36000000000013,21.22989024206896,CALCULABLE,POSITIVE_BASE,False,capex_including_software minus capex_excluding_software; not a directly published series,1.742191805611532,CALCULABLE,0.9991086987001015,CALCULABLE,INDUSTRY_X_CAPITAL,4390.050000000003,0.9649092834933565,CALCULABLE
EXCL_FINANCE_INSURANCE,1,2026Q1,20261,2026年1 - 3 月,2026-03-31,0003060191,leaf,INDUSTRY,110,繊維工業,108,製造業,26,全規模,835.01,1062.61,-227.5999999999999,752.51,1002.6,-250.09000000000003,82.5,60.00999999999988,22.490000000000123,37.4770871521416,CALCULABLE,POSITIVE_BASE,False,capex_including_software minus capex_excluding_software; not a directly published series,0.9249738835742078,CALCULABLE,0.30048871352174134,CALCULABLE,INDUSTRY,3727.509999999996,0.6033518354075549,CALCULABLE
EXCL_FINANCE_INSURANCE,1,2026Q1,20261,2026年1 - 3 月,2026-03-31,0003060191,leaf,INDUSTRY_X_CAPITAL,110,繊維工業,108,製造業,19,1千万円以上 - 1億円未満,313.79,475.78,-161.98999999999995,284.26,463.15,-178.89,29.53000000000003,12.629999999999995,16.900000000000034,133.80839271575647,CALCULABLE,POSITIVE_BASE,False,capex_including_software minus capex_excluding_software; not a directly published series,0.6950670801424659,CALCULABLE,0.06324233380735876,CALCULABLE,INDUSTRY_X_CAPITAL,4390.050000000003,0.38496144690835005,CALCULABLE
EXCL_FINANCE_INSURANCE,1,2026Q1,20261,2026年1 - 3 月,2026-03-31,0003060191,leaf,INDUSTRY_X_CAPITAL,110,繊維工業,108,製造業,24,1億円以上 - 10億円未満,141.79,118.4,23.389999999999986,135.2,109.88,25.319999999999993,6.590000000000003,8.52000000000001,-1.9300000000000068,-22.65258215962447,CALCULABLE,POSITIVE_BASE,False,capex_including_software minus capex_excluding_software; not a directly published series,-0.07937748311686162,CALCULABLE,0.04266228693893092,CALCULABLE,INDUSTRY_X_CAPITAL,4390.050000000003,0.0,NON_POSITIVE_COMPONENT
EXCL_FINANCE_INSURANCE,1,2026Q1,20261,2026年1 - 3 月,2026-03-31,0003060191,leaf,INDUSTRY_X_CAPITAL,110,繊維工業,108,製造業,25,10億円以上,379.43,468.43,-89.0,333.05,429.57,-96.51999999999998,46.379999999999995,38.860000000000014,7.519999999999982,19.351518270715328,CALCULABLE,POSITIVE_BASE,False,capex_including_software minus capex_excluding_software; not a directly published series,0.30928428654859885,CALCULABLE,0.19458409277545236,CALCULABLE,INDUSTRY_X_CAPITAL,4390.050000000003,0.17129645448229466,CALCULABLE
EXCL_FINANCE_INSURANCE,1,2026Q1,20261,2026年1 - 3 月,2026-03-31,0003060191,leaf,INDUSTRY,112,木材・木製品製造業,108,製造業,26,全規模,502.48,458.27,44.210000000000036,489.54,451.26,38.28000000000003,12.939999999999998,7.009999999999991,5.930000000000007,84.59343794579193,CALCULABLE,POSITIVE_BASE,False,capex_including_software minus capex_excluding_software; not a directly published series,0.24389040149377628,CALCULABLE,0.03510124782181983,CALCULABLE,INDUSTRY,3727.509999999996,0.15908743370239148,CALCULABLE
EXCL_FINANCE_INSURANCE,1,2026Q1,20261,2026年1 - 3 月,2026-03-31,0003060191,leaf,INDUSTRY_X_CAPITAL,112,木材・木製品製造業,108,製造業,19,1千万円以上 - 1億円未満,223.34,268.4,-45.059999999999974,216.05,266.02,-49.96999999999997,7.289999999999992,2.3799999999999955,4.909999999999997,206.3025210084036,CALCULABLE,POSITIVE_BASE,False,capex_including_software minus capex_excluding_software; not a directly published series,0.20193960730766264,CALCULABLE,0.011917399403128552,CALCULABLE,INDUSTRY_X_CAPITAL,4390.050000000003,0.1118438286579878,CALCULABLE
EXCL_FINANCE_INSURANCE,1,2026Q1,20261,2026年1 - 3 月,2026-03-31,0003060191,leaf,INDUSTRY_X_CAPITAL,112,木材・木製品製造業,108,製造業,24,1億円以上 - 10億円未満,230.19,162.98,67.21000000000001,228.8,162.12,66.68,1.3899999999999864,0.8599999999999852,0.5300000000000011,61.627906976745386,CALCULABLE,POSITIVE_BASE,False,capex_including_software minus capex_excluding_software; not a directly published series,0.021797961684941244,CALCULABLE,0.00430628717928168,CALCULABLE,INDUSTRY_X_CAPITAL,4390.050000000003,0.012072755435587312,CALCULABLE
EXCL_FINANCE_INSURANCE,1,2026Q1,20261,2026年1 - 3 月,2026-03-31,0003060191,leaf,INDUSTRY_X_CAPITAL,112,木材・木製品製造業,108,製造業,25,10億円以上,48.95,26.89,22.060000000000002,44.69,23.12,21.569999999999997,4.260000000000005,3.7699999999999996,0.49000000000000554,12.997347480106258,CALCULABLE,POSITIVE_BASE,False,capex_including_software minus capex_excluding_software; not a directly published series,0.020152832501172276,CALCULABLE,0.01887756123940955,CALCULABLE,INDUSTRY_X_CAPITAL,4390.050000000003,0.011161604081958184,CALCULABLE
EXCL_FINANCE_INSURANCE,1,2026Q1,20261,2026年1 - 3 月,2026-03-31,0003060191,leaf,INDUSTRY,113,パルプ・紙・紙加工品製造業,108,製造業,26,全規模,1203.91,920.86,283.05000000000007,1179.34,883.2,296.1399999999999,24.570000000000164,37.65999999999997,-13.089999999999804,-34.75836431226716,CALCULABLE,POSITIVE_BASE,False,capex_including_software minus capex_excluding_software; not a directly published series,-0.5383685253884453,CALCULABLE,0.188575319967152,CALCULABLE,INDUSTRY,3727.509999999996,0.0,NON_POSITIVE_COMPONENT
EXCL_FINANCE_INSURANCE,1,2026Q1,20261,2026年1 - 3 月,2026-03-31,0003060191,leaf,INDUSTRY_X_CAPITAL,113,パルプ・紙・紙加工品製造業,108,製造業,19,1千万円以上 - 1億円未満,462.03,255.97,206.05999999999997,457.11,240.82,216.29000000000002,4.919999999999959,15.150000000000006,-10.230000000000047,-67.52475247524781,CALCULABLE,POSITIVE_BASE,False,capex_including_software minus capex_excluding_software; not a directly published series,-0.4207417887489612,CALCULABLE,0.07586075670478906,CALCULABLE,INDUSTRY_X_CAPITAL,4390.050000000003,0.0,NON_POSITIVE_COMPONENT
EXCL_FINANCE_INSURANCE,1,2026Q1,20261,2026年1 - 3 月,2026-03-31,0003060191,leaf,INDUSTRY_X_CAPITAL,113,パルプ・紙・紙加工品製造業,108,製造業,24,1億円以上 - 10億円未満,217.59,189.5,28.090000000000003,216.15,186.18,29.97,1.4399999999999977,3.319999999999993,-1.8799999999999955,-56.62650602409636,CALCULABLE,POSITIVE_BASE,False,capex_including_software minus capex_excluding_software; not a directly published series,-0.07732107163714971,CALCULABLE,0.01662427143629697,CALCULABLE,INDUSTRY_X_CAPITAL,4390.050000000003,0.0,NON_POSITIVE_COMPONENT
EXCL_FINANCE_INSURANCE,1,2026Q1,20261,2026年1 - 3 月,2026-03-31,0003060191,leaf,INDUSTRY_X_CAPITAL,113,パルプ・紙・紙加工品製造業,108,製造業,25,10億円以上,524.29,475.39,48.89999999999998,506.08,456.2,49.879999999999995,18.20999999999998,19.189999999999998,-0.9800000000000182,-5.1068264721209955,CALCULABLE,POSITIVE_BASE,False,capex_including_software minus capex_excluding_software; not a directly published series,-0.040305665002344844,CALCULABLE,0.0960902918260661,CALCULABLE,INDUSTRY_X_CAPITAL,4390.050000000003,0.0,NON_POSITIVE_COMPONENT
EXCL_FINANCE_INSURANCE,1,2026Q1,20261,2026年1 - 3 月,2026-03-31,0003060191,leaf,INDUSTRY,114,印刷・同関連業,108,製造業,26,全規模,549.66,954.83,-405.1700000000001,463.06,799.91,-336.84999999999997,86.59999999999997,154.92000000000007,-68.3200000000001,-44.100180738445694,CALCULABLE,POSITIVE_BASE,False,capex_including_software minus capex_excluding_software; not a directly published series,-2.809880645877707,CALCULABLE,0.7757325695515461,CALCULABLE,INDUSTRY,3727.509999999996,0.0,NON_POSITIVE_COMPONENT
EXCL_FINANCE_INSURANCE,1,2026Q1,20261,2026年1 - 3 月,2026-03-31,0003060191,leaf,INDUSTRY_X_CAPITAL,114,印刷・同関連業,108,製造業,19,1千万円以上 - 1億円未満,175.39,383.43,-208.04000000000002,167.62,363.94,-196.32,7.769999999999982,19.49000000000001,-11.720000000000027,-60.13340174448446,CALCULABLE,POSITIVE_BASE,False,capex_including_software minus capex_excluding_software; not a directly published series,-0.48202285084436114,CALCULABLE,0.09759248502814119,CALCULABLE,INDUSTRY_X_CAPITAL,4390.050000000003,0.0,NON_POSITIVE_COMPONENT
EXCL_FINANCE_INSURANCE,1,2026Q1,20261,2026年1 - 3 月,2026-03-31,0003060191,leaf,INDUSTRY_X_CAPITAL,114,印刷・同関連業,108,製造業,24,1億円以上 - 10億円未満,211.77,213.66,-1.8899999999999864,170.68,167.92,2.7600000000000193,41.09,45.74000000000001,-4.650000000000006,-10.166156536947978,CALCULABLE,POSITIVE_BASE,False,capex_including_software minus capex_excluding_software; not a directly published series,-0.19124626761316355,CALCULABLE,0.22903439020970634,CALCULABLE,INDUSTRY_X_CAPITAL,4390.050000000003,0.0,NON_POSITIVE_COMPONENT
EXCL_FINANCE_INSURANCE,1,2026Q1,20261,2026年1 - 3 月,2026-03-31,0003060191,leaf,INDUSTRY_X_CAPITAL,114,印刷・同関連業,108,製造業,25,10億円以上,162.5,357.74,-195.24,124.76,268.05,-143.29000000000002,37.739999999999995,89.69,-51.94999999999999,-57.9217304047274,CALCULABLE,POSITIVE_BASE,False,capex_including_software minus capex_excluding_software; not a directly published series,-2.136611527420179,CALCULABLE,0.4491056943136983,CALCULABLE,INDUSTRY_X_CAPITAL,4390.050000000003,0.0,NON_POSITIVE_COMPONENT
EXCL_FINANCE_INSURANCE,1,2026Q1,20261,2026年1 - 3 月,2026-03-31,0003060191,leaf,INDUSTRY,115,化学工業,108,製造業,26,全規模,8127.54,8369.08,-241.53999999999996,7211.35,7603.56,-392.21000000000004,916.1899999999996,765.5199999999995,150.67000000000007,19.682046190824565,CALCULABLE,POSITIVE_BASE,False,capex_including_software minus capex_excluding_software; not a directly published series,6.196790352962437,CALCULABLE,3.833196466841589,CALCULABLE,INDUSTRY,3727.509999999996,4.042108538944234,CALCULABLE
EXCL_FINANCE_INSURANCE,1,2026Q1,20261,2026年1 - 3 月,2026-03-31,0003060191,leaf,INDUSTRY_X_CAPITAL,115,化学工業,108,製造業,19,1千万円以上 - 1億円未満,658.71,473.55,185.16000000000003,650.4,454.4,196.0,8.31000000000006,19.150000000000034,-10.839999999999975,-56.60574412532614,CALCULABLE,POSITIVE_BASE,False,capex_including_software minus capex_excluding_software; not a directly published series,-0.4458300088014377,CALCULABLE,0.09588999939912295,CALCULABLE,INDUSTRY_X_CAPITAL,4390.050000000003,0.0,NON_POSITIVE_COMPONENT
EXCL_FINANCE_INSURANCE,1,2026Q1,20261,2026年1 - 3 月,2026-03-31,0003060191,leaf,INDUSTRY_X_CAPITAL,115,化学工業,108,製造業,24,1億円以上 - 10億円未満,1379.9,1657.44,-277.53999999999996,1275.26,1560.28,-285.02,104.6400000000001,97.16000000000008,7.480000000000018,7.698641416220675,CALCULABLE,POSITIVE_BASE,False,capex_including_software minus capex_excluding_software; not a directly published series,0.3076391573648312,CALCULABLE,0.4865103050453669,CALCULABLE,INDUSTRY_X_CAPITAL,4390.050000000003,0.17038530312866626,CALCULABLE
EXCL_FINANCE_INSURANCE,1,2026Q1,20261,2026年1 - 3 月,2026-03-31,0003060191,leaf,INDUSTRY_X_CAPITAL,115,化学工業,108,製造業,25,10億円以上,6088.93,6238.09,-149.15999999999985,5285.69,5588.88,-303.1900000000005,803.2400000000007,649.21,154.03000000000065,23.72575899939937,CALCULABLE,POSITIVE_BASE,False,capex_including_software minus capex_excluding_software; not a directly published series,6.334981204399069,CALCULABLE,3.2507961623971013,CALCULABLE,INDUSTRY_X_CAPITAL,4390.050000000003,3.5086160749877693,CALCULABLE
EXCL_FINANCE_INSURANCE,1,2026Q1,20261,2026年1 - 3 月,2026-03-31,0003060191,leaf,INDUSTRY,116,石油製品・石炭製品製造業,108,製造業,26,全規模,968.35,653.62,314.73,882.76,599.84,282.91999999999996,85.59000000000003,53.77999999999997,31.81000000000006,59.14838229825228,CALCULABLE,POSITIVE_BASE,False,capex_including_software minus capex_excluding_software; not a directly published series,1.3082889833924165,CALCULABLE,0.269293168025317,CALCULABLE,INDUSTRY,3727.509999999996,0.8533846991691528,CALCULABLE
EXCL_FINANCE_INSURANCE,1,2026Q1,20261,2026年1 - 3 月,2026-03-31,0003060191,leaf,INDUSTRY_X_CAPITAL,116,石油製品・石炭製品製造業,108,製造業,19,1千万円以上 - 1億円未満,51.43,45.28,6.149999999999999,51.33,45.06,6.269999999999996,0.10000000000000142,0.21999999999999886,-0.11999999999999744,-54.545454545453666,CALCULABLE,POSITIVE_BASE,False,capex_including_software minus capex_excluding_software; not a directly published series,-0.004935387551307335,CALCULABLE,0.00110160834818835,CALCULABLE,INDUSTRY_X_CAPITAL,4390.050000000003,0.0,NON_POSITIVE_COMPONENT
EXCL_FINANCE_INSURANCE,1,2026Q1,20261,2026年1 - 3 月,2026-03-31,0003060191,leaf,INDUSTRY_X_CAPITAL,116,石油製品・石炭製品製造業,108,製造業,24,1億円以上 - 10億円未満,210.52,214.92,-4.399999999999977,178.98,200.51,-21.53,31.54000000000002,14.409999999999997,17.130000000000024,118.87578070784195,CALCULABLE,POSITIVE_BASE,False,capex_including_software minus capex_excluding_software; not a directly published series,0.7045265729491381,CALCULABLE,0.07215534680633728,CALCULABLE,INDUSTRY_X_CAPITAL,4390.050000000003,0.3902005671917179,CALCULABLE
EXCL_FINANCE_INSURANCE,1,2026Q1,20261,2026年1 - 3 月,2026-03-31,0003060191,leaf,INDUSTRY_X_CAPITAL,116,石油製品・石炭製品製造業,108,製造業,25,10億円以上,706.4,393.42,312.97999999999996,652.45,354.27,298.18000000000006,53.94999999999993,39.150000000000034,14.799999999999898,37.80332056194096,CALCULABLE,POSITIVE_BASE,False,capex_including_software minus capex_excluding_software; not a directly published series,0.6086977979945801,CALCULABLE,0.19603621287079165,CALCULABLE,INDUSTRY_X_CAPITAL,4390.050000000003,0.33712600084281247,CALCULABLE
EXCL_FINANCE_INSURANCE,1,2026Q1,20261,2026年1 - 3 月,2026-03-31,0003060191,leaf,INDUSTRY,117,窯業・土石製品製造業,108,製造業,26,全規模,2035.06,1691.04,344.02,1950.06,1588.32,361.74,85.0,102.72000000000003,-17.720000000000027,-17.250778816199396,CALCULABLE,POSITIVE_BASE,False,capex_including_software minus capex_excluding_software; not a directly published series,-0.7287922284097331,CALCULABLE,0.5143509523904906,CALCULABLE,INDUSTRY,3727.509999999996,0.0,NON_POSITIVE_COMPONENT
EXCL_FINANCE_INSURANCE,1,2026Q1,20261,2026年1 - 3 月,2026-03-31,0003060191,leaf,INDUSTRY_X_CAPITAL,117,窯業・土石製品製造業,108,製造業,19,1千万円以上 - 1億円未満,281.75,304.69,-22.939999999999998,281.02,298.16,-17.140000000000043,0.7300000000000182,6.529999999999973,-5.7999999999999545,-88.82082695252647,CALCULABLE,POSITIVE_BASE,False,capex_including_software minus capex_excluding_software; not a directly published series,-0.2385437316465244,CALCULABLE,0.03269773869849969,CALCULABLE,INDUSTRY_X_CAPITAL,4390.050000000003,0.0,NON_POSITIVE_COMPONENT
EXCL_FINANCE_INSURANCE,1,2026Q1,20261,2026年1 - 3 月,2026-03-31,0003060191,leaf,INDUSTRY_X_CAPITAL,117,窯業・土石製品製造業,108,製造業,24,1億円以上 - 10億円未満,445.63,222.14,223.49,442.26,211.37,230.89,3.3700000000000045,10.769999999999982,-7.399999999999977,-68.70937790157836,CALCULABLE,POSITIVE_BASE,False,capex_including_software minus capex_excluding_software; not a directly published series,-0.30434889899729123,CALCULABLE,0.053928735954493504,CALCULABLE,INDUSTRY_X_CAPITAL,4390.050000000003,0.0,NON_POSITIVE_COMPONENT
EXCL_FINANCE_INSURANCE,1,2026Q1,20261,2026年1 - 3 月,2026-03-31,0003060191,leaf,INDUSTRY_X_CAPITAL,117,窯業・土石製品製造業,108,製造業,25,10億円以上,1307.68,1164.21,143.47000000000003,1226.78,1078.79,147.99,80.90000000000009,85.42000000000007,-4.519999999999982,-5.291500819480188,CALCULABLE,POSITIVE_BASE,False,capex_including_software minus capex_excluding_software; not a directly published series,-0.18589959776591283,CALCULABLE,0.4277244777374974,CALCULABLE,INDUSTRY_X_CAPITAL,4390.050000000003,0.0,NON_POSITIVE_COMPONENT
EXCL_FINANCE_INSURANCE,1,2026Q1,20261,2026年1 - 3 月,2026-03-31,0003060191,leaf,INDUSTRY,118,鉄鋼業,108,製造業,26,全規模,3655.0,3408.79,246.21000000000004,3511.57,3179.97,331.60000000000036,143.42999999999984,228.82000000000016,-85.39000000000033,-37.317542172887094,CALCULABLE,POSITIVE_BASE,False,capex_including_software minus capex_excluding_software; not a directly published series,-3.5119395250511998,CALCULABLE,1.1457728283293622,CALCULABLE,INDUSTRY,3727.509999999996,0.0,NON_POSITIVE_COMPONENT
EXCL_FINANCE_INSURANCE,1,2026Q1,20261,2026年1 - 3 月,2026-03-31,0003060191,leaf,INDUSTRY_X_CAPITAL,118,鉄鋼業,108,製造業,19,1千万円以上 - 1億円未満,206.15,227.83,-21.680000000000007,201.27,227.48,-26.20999999999998,4.8799999999999955,0.35000000000002274,4.529999999999973,1294.2857142856224,CALCULABLE,POSITIVE_BASE,False,capex_including_software minus capex_excluding_software; not a directly published series,0.18631088006185476,CALCULABLE,0.001752558735754316,CALCULABLE,INDUSTRY_X_CAPITAL,4390.050000000003,0.10318789079850957,CALCULABLE
EXCL_FINANCE_INSURANCE,1,2026Q1,20261,2026年1 - 3 月,2026-03-31,0003060191,leaf,INDUSTRY_X_CAPITAL,118,鉄鋼業,108,製造業,24,1億円以上 - 10億円未満,308.26,274.5,33.75999999999999,299.31,268.66,30.649999999999977,8.949999999999989,5.839999999999975,3.1100000000000136,53.25342465753471,CALCULABLE,POSITIVE_BASE,False,capex_including_software minus capex_excluding_software; not a directly published series,0.12790879403805172,CALCULABLE,0.029242694333727136,CALCULABLE,INDUSTRY_X_CAPITAL,4390.050000000003,0.07084201774467287,CALCULABLE
EXCL_FINANCE_INSURANCE,1,2026Q1,20261,2026年1 - 3 月,2026-03-31,0003060191,leaf,INDUSTRY_X_CAPITAL,118,鉄鋼業,108,製造業,25,10億円以上,3140.59,2906.46,234.1300000000001,3010.99,2683.83,327.15999999999985,129.60000000000036,222.6300000000001,-93.02999999999975,-41.78682118312882,CALCULABLE,POSITIVE_BASE,False,capex_including_software minus capex_excluding_software; not a directly published series,-3.826159199151083,CALCULABLE,1.1147775752598807,CALCULABLE,INDUSTRY_X_CAPITAL,4390.050000000003,0.0,NON_POSITIVE_COMPONENT
EXCL_FINANCE_INSURANCE,1,2026Q1,20261,2026年1 - 3 月,2026-03-31,0003060191,leaf,INDUSTRY,119,非鉄金属製造業,108,製造業,26,全規模,3754.42,2866.74,887.6800000000003,3642.85,2765.08,877.77,111.57000000000016,101.65999999999985,9.91000000000031,9.748180208538582,CALCULABLE,POSITIVE_BASE,False,capex_including_software minus capex_excluding_software; not a directly published series,0.4075807552788188,CALCULABLE,0.5090432030764912,CALCULABLE,INDUSTRY,3727.509999999996,0.2658611244503789,CALCULABLE
EXCL_FINANCE_INSURANCE,1,2026Q1,20261,2026年1 - 3 月,2026-03-31,0003060191,leaf,INDUSTRY_X_CAPITAL,119,非鉄金属製造業,108,製造業,19,1千万円以上 - 1億円未満,147.28,172.84,-25.560000000000002,144.2,167.41,-23.210000000000008,3.0800000000000125,5.430000000000007,-2.3499999999999943,-43.27808471454865,CALCULABLE,POSITIVE_BASE,False,capex_including_software minus capex_excluding_software; not a directly published series,-0.09665133954643715,CALCULABLE,0.027189696957558084,CALCULABLE,INDUSTRY_X_CAPITAL,4390.050000000003,0.0,NON_POSITIVE_COMPONENT
EXCL_FINANCE_INSURANCE,1,2026Q1,20261,2026年1 - 3 月,2026-03-31,0003060191,leaf,INDUSTRY_X_CAPITAL,119,非鉄金属製造業,108,製造業,24,1億円以上 - 10億円未満,348.36,349.93,-1.5699999999999932,338.71,338.24,0.46999999999997044,9.650000000000034,11.689999999999998,-2.0399999999999636,-17.45081266039319,CALCULABLE,POSITIVE_BASE,False,capex_including_software minus capex_excluding_software; not a directly published series,-0.08390158837222499,CALCULABLE,0.058535461774190334,CALCULABLE,INDUSTRY_X_CAPITAL,4390.050000000003,0.0,NON_POSITIVE_COMPONENT
EXCL_FINANCE_INSURANCE,1,2026Q1,20261,2026年1 - 3 月,2026-03-31,0003060191,leaf,INDUSTRY_X_CAPITAL,119,非鉄金属製造業,108,製造業,25,10億円以上,3258.78,2343.97,914.8100000000004,3159.94,2259.43,900.5100000000002,98.84000000000015,84.53999999999996,14.300000000000182,16.91506978944901,CALCULABLE,POSITIVE_BASE,False,capex_including_software minus capex_excluding_software; not a directly published series,0.5881336831974775,CALCULABLE,0.42331804434474335,CALCULABLE,INDUSTRY_X_CAPITAL,4390.050000000003,0.32573660892245354,CALCULABLE
EXCL_FINANCE_INSURANCE,1,2026Q1,20261,2026年1 - 3 月,2026-03-31,0003060191,leaf,INDUSTRY,120,金属製品製造業,108,製造業,26,全規模,1544.78,2064.62,-519.8399999999999,1433.12,1971.12,-538.0,111.66000000000008,93.5,18.160000000000082,19.422459893048206,CALCULABLE,POSITIVE_BASE,False,capex_including_software minus capex_excluding_software; not a directly published series,0.746888649431196,CALCULABLE,0.46818354798005113,CALCULABLE,INDUSTRY,3727.509999999996,0.48718849848826973,CALCULABLE
EXCL_FINANCE_INSURANCE,1,2026Q1,20261,2026年1 - 3 月,2026-03-31,0003060191,leaf,INDUSTRY_X_CAPITAL,120,金属製品製造業,108,製造業,19,1千万円以上 - 1億円未満,565.96,870.28,-304.31999999999994,536.12,857.21,-321.09000000000003,29.840000000000032,13.069999999999936,16.770000000000095,128.3091048202003,CALCULABLE,POSITIVE_BASE,False,capex_including_software minus capex_excluding_software; not a directly published series,0.6897204102952187,CALCULABLE,0.06544555050373517,CALCULABLE,INDUSTRY_X_CAPITAL,4390.050000000003,0.38200020500905646,CALCULABLE
EXCL_FINANCE_INSURANCE,1,2026Q1,20261,2026年1 - 3 月,2026-03-31,0003060191,leaf,INDUSTRY_X_CAPITAL,120,金属製品製造業,108,製造業,24,1億円以上 - 10億円未満,318.15,662.16,-344.01,297.26,628.71,-331.45000000000005,20.889999999999986,33.44999999999993,-12.559999999999945,-37.54857997010455,CALCULABLE,POSITIVE_BASE,False,capex_including_software minus capex_excluding_software; not a directly published series,-0.5165705637035098,CALCULABLE,0.16749454203136555,CALCULABLE,INDUSTRY_X_CAPITAL,4390.050000000003,0.0,NON_POSITIVE_COMPONENT
EXCL_FINANCE_INSURANCE,1,2026Q1,20261,2026年1 - 3 月,2026-03-31,0003060191,leaf,INDUSTRY_X_CAPITAL,120,金属製品製造業,108,製造業,25,10億円以上,660.67,532.18,128.49,599.74,485.2,114.54000000000002,60.92999999999995,46.97999999999996,13.949999999999989,29.69348659003832,CALCULABLE,POSITIVE_BASE,False,capex_including_software minus capex_excluding_software; not a directly published series,0.5737388028394894,CALCULABLE,0.2352434554449496,CALCULABLE,INDUSTRY_X_CAPITAL,4390.050000000003,0.3177640345781934,CALCULABLE
EXCL_FINANCE_INSURANCE,1,2026Q1,20261,2026年1 - 3 月,2026-03-31,0003060191,leaf,INDUSTRY,154,はん用機械器具製造業,108,製造業,26,全規模,1133.02,972.27,160.75,1053.02,895.43,157.59000000000003,80.0,76.84000000000003,3.159999999999968,4.112441436751646,CALCULABLE,POSITIVE_BASE,False,capex_including_software minus capex_excluding_software; not a directly published series,0.12996520551776128,CALCULABLE,0.3847617521581513,CALCULABLE,INDUSTRY,3727.509999999996,0.08477509114663599,CALCULABLE
EXCL_FINANCE_INSURANCE,1,2026Q1,20261,2026年1 - 3 月,2026-03-31,0003060191,leaf,INDUSTRY_X_CAPITAL,154,はん用機械器具製造業,108,製造業,19,1千万円以上 - 1億円未満,272.21,251.71,20.49999999999997,264.49,245.7,18.79000000000002,7.71999999999997,6.010000000000019,1.7099999999999511,28.45257903494085,CALCULABLE,POSITIVE_BASE,False,capex_including_software minus capex_excluding_software; not a directly published series,0.07032927260612902,CALCULABLE,0.03009393714823654,CALCULABLE,INDUSTRY_X_CAPITAL,4390.050000000003,0.03895172036764843,CALCULABLE
EXCL_FINANCE_INSURANCE,1,2026Q1,20261,2026年1 - 3 月,2026-03-31,0003060191,leaf,INDUSTRY_X_CAPITAL,154,はん用機械器具製造業,108,製造業,24,1億円以上 - 10億円未満,199.88,195.0,4.8799999999999955,183.98,175.58,8.399999999999977,15.900000000000006,19.419999999999987,-3.519999999999982,-18.1256436663233,CALCULABLE,POSITIVE_BASE,False,capex_including_software minus capex_excluding_software; not a directly published series,-0.14477136817168415,CALCULABLE,0.09724197328099024,CALCULABLE,INDUSTRY_X_CAPITAL,4390.050000000003,0.0,NON_POSITIVE_COMPONENT
EXCL_FINANCE_INSURANCE,1,2026Q1,20261,2026年1 - 3 月,2026-03-31,0003060191,leaf,INDUSTRY_X_CAPITAL,154,はん用機械器具製造業,108,製造業,25,10億円以上,660.93,525.56,135.37,604.55,474.15,130.39999999999998,56.379999999999995,51.40999999999997,4.970000000000027,9.667379887181538,CALCULABLE,POSITIVE_BASE,False,capex_including_software minus capex_excluding_software; not a directly published series,0.2044073010833176,CALCULABLE,0.2574258417289242,CALCULABLE,INDUSTRY_X_CAPITAL,4390.050000000003,0.11321055568843234,CALCULABLE
EXCL_FINANCE_INSURANCE,1,2026Q1,20261,2026年1 - 3 月,2026-03-31,0003060191,leaf,INDUSTRY,121,生産用機械器具製造業,108,製造業,26,全規模,3409.7,2960.85,448.8499999999999,2930.4,2526.53,403.8699999999999,479.2999999999997,434.3199999999997,44.98000000000002,10.356419230060787,CALCULABLE,POSITIVE_BASE,False,capex_including_software minus capex_excluding_software; not a directly published series,1.8499477671484064,CALCULABLE,2.1747751717507557,CALCULABLE,INDUSTRY,3727.509999999996,1.2067036708151035,CALCULABLE
EXCL_FINANCE_INSURANCE,1,2026Q1,20261,2026年1 - 3 月,2026-03-31,0003060191,leaf,INDUSTRY_X_CAPITAL,121,生産用機械器具製造業,108,製造業,19,1千万円以上 - 1億円未満,623.03,474.79,148.23999999999995,554.67,461.02,93.64999999999998,68.36000000000001,13.770000000000039,54.589999999999975,396.4415395787932,CALCULABLE,POSITIVE_BASE,False,capex_including_software minus capex_excluding_software; not a directly published series,2.245190053548942,CALCULABLE,0.06895066797524409,CALCULABLE,INDUSTRY_X_CAPITAL,4390.050000000003,1.2434938098654897,CALCULABLE
EXCL_FINANCE_INSURANCE,1,2026Q1,20261,2026年1 - 3 月,2026-03-31,0003060191,leaf,INDUSTRY_X_CAPITAL,121,生産用機械器具製造業,108,製造業,24,1億円以上 - 10億円未満,319.28,379.53,-60.25,290.21,352.06,-61.85000000000002,29.069999999999993,27.46999999999997,1.6000000000000227,5.8245358572989625,CALCULABLE,POSITIVE_BASE,False,capex_including_software minus capex_excluding_software; not a directly published series,0.0658051673507668,CALCULABLE,0.1375508242033368,CALCULABLE,INDUSTRY_X_CAPITAL,4390.050000000003,0.03644605414516968,CALCULABLE
EXCL_FINANCE_INSURANCE,1,2026Q1,20261,2026年1 - 3 月,2026-03-31,0003060191,leaf,INDUSTRY_X_CAPITAL,121,生産用機械器具製造業,108,製造業,25,10億円以上,2467.39,2106.53,360.8599999999997,2085.52,1713.45,372.06999999999994,381.8699999999999,393.08000000000015,-11.210000000000264,-2.851836776228822,CALCULABLE,POSITIVE_BASE,False,capex_including_software minus capex_excluding_software; not a directly published series,-0.46104745375131423,CALCULABLE,1.9682736795721771,CALCULABLE,INDUSTRY_X_CAPITAL,4390.050000000003,0.0,NON_POSITIVE_COMPONENT
EXCL_FINANCE_INSURANCE,1,2026Q1,20261,2026年1 - 3 月,2026-03-31,0003060191,leaf,INDUSTRY,124,業務用機械器具製造業,108,製造業,26,全規模,2560.38,2800.1,-239.7199999999998,2070.53,2212.25,-141.7199999999998,489.8499999999999,587.8499999999999,-98.0,-16.67091945224122,CALCULABLE,POSITIVE_BASE,False,capex_including_software minus capex_excluding_software; not a directly published series,-4.03056650023441,CALCULABLE,2.9435475794660215,CALCULABLE,INDUSTRY,3727.509999999996,0.0,NON_POSITIVE_COMPONENT
EXCL_FINANCE_INSURANCE,1,2026Q1,20261,2026年1 - 3 月,2026-03-31,0003060191,leaf,INDUSTRY_X_CAPITAL,124,業務用機械器具製造業,108,製造業,19,1千万円以上 - 1億円未満,292.25,261.54,30.70999999999998,280.23,253.75,26.480000000000018,12.019999999999982,7.7900000000000205,4.229999999999961,54.30038510911361,CALCULABLE,POSITIVE_BASE,False,capex_including_software minus capex_excluding_software; not a directly published series,0.17397241118358567,CALCULABLE,0.03900695014721506,CALCULABLE,INDUSTRY_X_CAPITAL,4390.050000000003,0.0963542556462901,CALCULABLE
EXCL_FINANCE_INSURANCE,1,2026Q1,20261,2026年1 - 3 月,2026-03-31,0003060191,leaf,INDUSTRY_X_CAPITAL,124,業務用機械器具製造業,108,製造業,24,1億円以上 - 10億円未満,308.05,205.17,102.88000000000002,220.26,162.08,58.17999999999998,87.79000000000002,43.089999999999975,44.700000000000045,103.73636574611295,CALCULABLE,POSITIVE_BASE,False,capex_including_software minus capex_excluding_software; not a directly published series,1.8384318628620235,CALCULABLE,0.2157650169247101,CALCULABLE,INDUSTRY_X_CAPITAL,4390.050000000003,1.0182116376806647,CALCULABLE
EXCL_FINANCE_INSURANCE,1,2026Q1,20261,2026年1 - 3 月,2026-03-31,0003060191,leaf,INDUSTRY_X_CAPITAL,124,業務用機械器具製造業,108,製造業,25,10億円以上,1960.08,2333.39,-373.30999999999995,1570.04,1796.42,-226.3800000000001,390.03999999999996,536.9699999999998,-146.92999999999984,-27.36279494198929,CALCULABLE,POSITIVE_BASE,False,capex_including_software minus capex_excluding_software; not a directly published series,-6.042970774280012,CALCULABLE,2.688775612394096,CALCULABLE,INDUSTRY_X_CAPITAL,4390.050000000003,0.0,NON_POSITIVE_COMPONENT
EXCL_FINANCE_INSURANCE,1,2026Q1,20261,2026年1 - 3 月,2026-03-31,0003060191,leaf,INDUSTRY,122,電気機械器具製造業,108,製造業,26,全規模,4976.92,4104.94,871.9800000000005,4182.27,3379.38,802.8900000000003,794.6499999999996,725.5599999999995,69.09000000000015,9.522300016538976,CALCULABLE,POSITIVE_BASE,False,capex_including_software minus capex_excluding_software; not a directly published series,2.841549382665265,CALCULABLE,3.633104332325195,CALCULABLE,INDUSTRY,3727.509999999996,1.8535161542155545,CALCULABLE
EXCL_FINANCE_INSURANCE,1,2026Q1,20261,2026年1 - 3 月,2026-03-31,0003060191,leaf,INDUSTRY_X_CAPITAL,122,電気機械器具製造業,108,製造業,19,1千万円以上 - 1億円未満,565.23,386.41,178.82,506.65,359.75,146.89999999999998,58.58000000000004,26.660000000000025,31.920000000000016,119.72993248312073,CALCULABLE,POSITIVE_BASE,False,capex_including_software minus capex_excluding_software; not a directly published series,1.3128130886477798,CALCULABLE,0.1334949025577345,CALCULABLE,INDUSTRY_X_CAPITAL,4390.050000000003,0.7270987801961252,CALCULABLE
EXCL_FINANCE_INSURANCE,1,2026Q1,20261,2026年1 - 3 月,2026-03-31,0003060191,leaf,INDUSTRY_X_CAPITAL,122,電気機械器具製造業,108,製造業,24,1億円以上 - 10億円未満,1182.98,1196.42,-13.440000000000055,1026.02,1050.52,-24.5,156.96000000000004,145.9000000000001,11.059999999999945,7.580534612748413,CALCULABLE,POSITIVE_BASE,False,capex_including_software minus capex_excluding_software; not a directly published series,0.4548782193121668,CALCULABLE,0.7305666272758236,CALCULABLE,INDUSTRY_X_CAPITAL,4390.050000000003,0.2519333492784806,CALCULABLE
EXCL_FINANCE_INSURANCE,1,2026Q1,20261,2026年1 - 3 月,2026-03-31,0003060191,leaf,INDUSTRY_X_CAPITAL,122,電気機械器具製造業,108,製造業,25,10億円以上,3228.71,2522.11,706.5999999999999,2649.6,1969.11,680.49,579.1100000000001,553.0000000000002,26.1099999999999,4.721518987341744,CALCULABLE,POSITIVE_BASE,False,capex_including_software minus capex_excluding_software; not a directly published series,1.0738580747053064,CALCULABLE,2.7690428024916405,CALCULABLE,INDUSTRY_X_CAPITAL,4390.050000000003,0.5947540460814771,CALCULABLE
EXCL_FINANCE_INSURANCE,1,2026Q1,20261,2026年1 - 3 月,2026-03-31,0003060191,leaf,INDUSTRY,145,情報通信機械器具製造業,108,製造業,26,全規模,5287.12,6489.42,-1202.3000000000002,4267.52,5833.03,-1565.5099999999993,1019.5999999999995,656.3900000000003,363.2099999999991,55.33448102500023,CALCULABLE,POSITIVE_BASE,False,capex_including_software minus capex_excluding_software; not a directly published series,14.938184270919761,CALCULABLE,3.2867486530334324,CALCULABLE,INDUSTRY,3727.509999999996,9.74403824537022,CALCULABLE
EXCL_FINANCE_INSURANCE,1,2026Q1,20261,2026年1 - 3 月,2026-03-31,0003060191,leaf,INDUSTRY_X_CAPITAL,145,情報通信機械器具製造業,108,製造業,19,1千万円以上 - 1億円未満,411.06,615.63,-204.57,393.06,598.27,-205.20999999999998,18.0,17.360000000000014,0.6399999999999864,3.6866359447003783,CALCULABLE,POSITIVE_BASE,False,capex_including_software minus capex_excluding_software; not a directly published series,0.026322066940305786,CALCULABLE,0.0869269132934085,CALCULABLE,INDUSTRY_X_CAPITAL,4390.050000000003,0.014578421658067355,CALCULABLE
EXCL_FINANCE_INSURANCE,1,2026Q1,20261,2026年1 - 3 月,2026-03-31,0003060191,leaf,INDUSTRY_X_CAPITAL,145,情報通信機械器具製造業,108,製造業,24,1億円以上 - 10億円未満,980.9,1224.1,-243.19999999999993,848.6,1165.95,-317.35,132.29999999999995,58.149999999999864,74.15000000000009,127.51504729148797,CALCULABLE,POSITIVE_BASE,False,capex_including_software minus capex_excluding_software; not a directly published series,3.0496582244120596,CALCULABLE,0.29117511566887605,CALCULABLE,INDUSTRY_X_CAPITAL,4390.050000000003,1.6890468217901855,CALCULABLE
EXCL_FINANCE_INSURANCE,1,2026Q1,20261,2026年1 - 3 月,2026-03-31,0003060191,leaf,INDUSTRY_X_CAPITAL,145,情報通信機械器具製造業,108,製造業,25,10億円以上,3895.16,4649.69,-754.5299999999997,3025.86,4068.81,-1042.9499999999998,869.2999999999997,580.8799999999997,288.4200000000001,49.65225175595651,CALCULABLE,POSITIVE_BASE,False,capex_including_software minus capex_excluding_software; not a directly published series,11.862203979567436,CALCULABLE,2.9086466240711437,CALCULABLE,INDUSTRY_X_CAPITAL,4390.050000000003,6.5698568353435585,CALCULABLE
EXCL_FINANCE_INSURANCE,1,2026Q1,20261,2026年1 - 3 月,2026-03-31,0003060191,leaf,INDUSTRY,123,自動車・同附属品製造業,108,製造業,26,全規模,9965.27,11124.76,-1159.4899999999998,8815.32,10145.51,-1330.1900000000005,1149.9500000000007,979.25,170.70000000000073,17.431707939749884,CALCULABLE,POSITIVE_BASE,False,capex_including_software minus capex_excluding_software; not a directly published series,7.0205887917348635,CALCULABLE,4.9034089771065785,CALCULABLE,INDUSTRY,3727.509999999996,4.579464575547776,CALCULABLE
EXCL_FINANCE_INSURANCE,1,2026Q1,20261,2026年1 - 3 月,2026-03-31,0003060191,leaf,INDUSTRY_X_CAPITAL,123,自動車・同附属品製造業,108,製造業,19,1千万円以上 - 1億円未満,687.24,596.01,91.23000000000002,674.52,566.35,108.16999999999996,12.720000000000027,29.659999999999968,-16.93999999999994,-57.11395819285219,CALCULABLE,POSITIVE_BASE,False,capex_including_software minus capex_excluding_software; not a directly published series,-0.6967122093262312,CALCULABLE,0.14851683457848452,CALCULABLE,INDUSTRY_X_CAPITAL,4390.050000000003,0.0,NON_POSITIVE_COMPONENT
EXCL_FINANCE_INSURANCE,1,2026Q1,20261,2026年1 - 3 月,2026-03-31,0003060191,leaf,INDUSTRY_X_CAPITAL,123,自動車・同附属品製造業,108,製造業,24,1億円以上 - 10億円未満,801.85,913.15,-111.29999999999995,775.9,865.88,-89.98000000000002,25.950000000000045,47.26999999999998,-21.319999999999936,-45.102602073196415,CALCULABLE,POSITIVE_BASE,False,capex_including_software minus capex_excluding_software; not a directly published series,-0.8768538549489526,CALCULABLE,0.23669557554028886,CALCULABLE,INDUSTRY_X_CAPITAL,4390.050000000003,0.0,NON_POSITIVE_COMPONENT
EXCL_FINANCE_INSURANCE,1,2026Q1,20261,2026年1 - 3 月,2026-03-31,0003060191,leaf,INDUSTRY_X_CAPITAL,123,自動車・同附属品製造業,108,製造業,25,10億円以上,8476.18,9615.6,-1139.42,7364.9,8713.28,-1348.380000000001,1111.2800000000007,902.3199999999997,208.96000000000095,23.158081390194283,CALCULABLE,POSITIVE_BASE,False,capex_including_software minus capex_excluding_software; not a directly published series,8.594154856010062,CALCULABLE,4.518196566987803,CALCULABLE,INDUSTRY_X_CAPITAL,4390.050000000003,4.759854671359114,CALCULABLE
EXCL_FINANCE_INSURANCE,1,2026Q1,20261,2026年1 - 3 月,2026-03-31,0003060191,leaf,INDUSTRY,125,その他の輸送用機械器具製造業,108,製造業,26,全規模,1057.38,802.56,254.82000000000016,991.61,730.03,261.58000000000004,65.7700000000001,72.52999999999997,-6.759999999999877,-9.320281262925523,CALCULABLE,POSITIVE_BASE,False,capex_including_software minus capex_excluding_software; not a directly published series,-0.27802683205698075,CALCULABLE,0.3631802431550064,CALCULABLE,INDUSTRY,3727.509999999996,0.0,NON_POSITIVE_COMPONENT
EXCL_FINANCE_INSURANCE,1,2026Q1,20261,2026年1 - 3 月,2026-03-31,0003060191,leaf,INDUSTRY_X_CAPITAL,125,その他の輸送用機械器具製造業,108,製造業,19,1千万円以上 - 1億円未満,122.46,74.32,48.14,117.92,72.03,45.89,4.539999999999992,2.289999999999992,2.25,98.25327510917066,CALCULABLE,POSITIVE_BASE,False,capex_including_software minus capex_excluding_software; not a directly published series,0.09253851658701451,CALCULABLE,0.011466741442506026,CALCULABLE,INDUSTRY_X_CAPITAL,4390.050000000003,0.05125226364164414,CALCULABLE
EXCL_FINANCE_INSURANCE,1,2026Q1,20261,2026年1 - 3 月,2026-03-31,0003060191,leaf,INDUSTRY_X_CAPITAL,125,その他の輸送用機械器具製造業,108,製造業,24,1億円以上 - 10億円未満,249.58,163.34,86.24000000000001,238.71,156.97,81.74000000000001,10.870000000000005,6.3700000000000045,4.5,70.64364207221345,CALCULABLE,POSITIVE_BASE,False,capex_including_software minus capex_excluding_software; not a directly published series,0.18507703317402902,CALCULABLE,0.0318965689907265,CALCULABLE,INDUSTRY_X_CAPITAL,4390.050000000003,0.10250452728328828,CALCULABLE
EXCL_FINANCE_INSURANCE,1,2026Q1,20261,2026年1 - 3 月,2026-03-31,0003060191,leaf,INDUSTRY_X_CAPITAL,125,その他の輸送用機械器具製造業,108,製造業,25,10億円以上,685.34,564.9,120.44000000000005,634.98,501.03,133.95000000000005,50.360000000000014,63.870000000000005,-13.509999999999991,-21.15234069203067,CALCULABLE,POSITIVE_BASE,False,capex_including_software minus capex_excluding_software; not a directly published series,-0.5556423818180289,CALCULABLE,0.319816932721774,CALCULABLE,INDUSTRY_X_CAPITAL,4390.050000000003,0.0,NON_POSITIVE_COMPONENT
EXCL_FINANCE_INSURANCE,1,2026Q1,20261,2026年1 - 3 月,2026-03-31,0003060191,leaf,INDUSTRY,126,その他の製造業,108,製造業,26,全規模,4662.33,4947.96,-285.6300000000001,4043.26,4149.75,-106.48999999999978,619.0699999999997,798.21,-179.14000000000033,-22.44271557610157,CALCULABLE,POSITIVE_BASE,False,capex_including_software minus capex_excluding_software; not a directly published series,-7.367711049510138,CALCULABLE,3.9968854527610334,CALCULABLE,INDUSTRY,3727.509999999996,0.0,NON_POSITIVE_COMPONENT
EXCL_FINANCE_INSURANCE,1,2026Q1,20261,2026年1 - 3 月,2026-03-31,0003060191,leaf,INDUSTRY_X_CAPITAL,126,その他の製造業,108,製造業,19,1千万円以上 - 1億円未満,1301.64,1593.87,-292.2299999999998,995.19,1557.16,-561.97,306.45000000000005,36.70999999999981,269.74000000000024,734.7861618087759,CALCULABLE,POSITIVE_BASE,False,capex_including_software minus capex_excluding_software; not a directly published series,11.09392865074725,CALCULABLE,0.18381837482724694,CALCULABLE,INDUSTRY_X_CAPITAL,4390.050000000003,6.1443491531987116,CALCULABLE
EXCL_FINANCE_INSURANCE,1,2026Q1,20261,2026年1 - 3 月,2026-03-31,0003060191,leaf,INDUSTRY_X_CAPITAL,126,その他の製造業,108,製造業,24,1億円以上 - 10億円未満,1374.75,1319.18,55.569999999999936,1302.43,1194.03,108.40000000000009,72.31999999999994,125.15000000000009,-52.830000000000155,-42.21334398721544,CALCULABLE,POSITIVE_BASE,False,capex_including_software minus capex_excluding_software; not a directly published series,-2.172804369463107,CALCULABLE,0.6266649307989672,CALCULABLE,INDUSTRY_X_CAPITAL,4390.050000000003,0.0,NON_POSITIVE_COMPONENT
EXCL_FINANCE_INSURANCE,1,2026Q1,20261,2026年1 - 3 月,2026-03-31,0003060191,leaf,INDUSTRY_X_CAPITAL,126,その他の製造業,108,製造業,25,10億円以上,1985.94,2034.91,-48.97000000000003,1745.64,1398.56,347.08000000000015,240.29999999999995,636.3500000000001,-396.0500000000002,-62.237762237762254,CALCULABLE,POSITIVE_BASE,False,capex_including_software minus capex_excluding_software; not a directly published series,-16.28883533079427,CALCULABLE,3.1864021471348196,CALCULABLE,INDUSTRY_X_CAPITAL,4390.050000000003,0.0,NON_POSITIVE_COMPONENT
EXCL_FINANCE_INSURANCE,1,2026Q1,20261,2026年1 - 3 月,2026-03-31,0003060191,leaf,INDUSTRY,101,農業、林業,105,農林水産業(集約),26,全規模,282.64,406.72,-124.08000000000004,268.53,402.42,-133.89000000000004,14.110000000000014,4.300000000000011,9.810000000000002,228.1395348837204,CALCULABLE,POSITIVE_BASE,False,capex_including_software minus capex_excluding_software; not a directly published series,0.4034679323193834,CALCULABLE,0.021531435896408824,CALCULABLE,INDUSTRY,3727.509999999996,0.2631783684014265,CALCULABLE
EXCL_FINANCE_INSURANCE,1,2026Q1,20261,2026年1 - 3 月,2026-03-31,0003060191,leaf,INDUSTRY_X_CAPITAL,101,農業、林業,105,農林水産業(集約),19,1千万円以上 - 1億円未満,202.34,241.48,-39.139999999999986,188.82,239.52,-50.70000000000002,13.52000000000001,1.9599999999999795,11.56000000000003,589.7959183673547,CALCULABLE,POSITIVE_BASE,False,capex_including_software minus capex_excluding_software; not a directly published series,0.47544233410928466,CALCULABLE,0.009814328920223431,CALCULABLE,INDUSTRY_X_CAPITAL,4390.050000000003,0.2633227411988479,CALCULABLE
EXCL_FINANCE_INSURANCE,1,2026Q1,20261,2026年1 - 3 月,2026-03-31,0003060191,leaf,INDUSTRY_X_CAPITAL,101,農業、林業,105,農林水産業(集約),24,1億円以上 - 10億円未満,49.01,115.39,-66.38,48.97,114.55,-65.58,0.03999999999999915,0.8400000000000034,-0.7999999999999972,-95.23809523809535,CALCULABLE,POSITIVE_BASE,False,capex_including_software minus capex_excluding_software; not a directly published series,-0.03290258367538282,CALCULABLE,0.004206140965810103,CALCULABLE,INDUSTRY_X_CAPITAL,4390.050000000003,0.0,NON_POSITIVE_COMPONENT
EXCL_FINANCE_INSURANCE,1,2026Q1,20261,2026年1 - 3 月,2026-03-31,0003060191,leaf,INDUSTRY_X_CAPITAL,101,農業、林業,105,農林水産業(集約),25,10億円以上,31.29,49.85,-18.560000000000002,30.74,48.35,-17.610000000000003,0.5500000000000007,1.5,-0.9499999999999993,-63.333333333333286,CALCULABLE,POSITIVE_BASE,False,capex_including_software minus capex_excluding_software; not a directly published series,-0.03907181811451721,CALCULABLE,0.007510966010375151,CALCULABLE,INDUSTRY_X_CAPITAL,4390.050000000003,0.0,NON_POSITIVE_COMPONENT
EXCL_FINANCE_INSURANCE,1,2026Q1,20261,2026年1 - 3 月,2026-03-31,0003060191,leaf,INDUSTRY,103,漁業,105,農林水産業(集約),26,全規模,203.81,147.88,55.93000000000001,202.07,147.28,54.78999999999999,1.740000000000009,0.5999999999999943,1.1400000000000148,190.00000000000426,CALCULABLE,POSITIVE_BASE,False,capex_including_software minus capex_excluding_software; not a directly published series,0.04688618173742129,CALCULABLE,0.0030043864041500324,CALCULABLE,INDUSTRY,3727.509999999996,0.03058341895796432,CALCULABLE
EXCL_FINANCE_INSURANCE,1,2026Q1,20261,2026年1 - 3 月,2026-03-31,0003060191,leaf,INDUSTRY_X_CAPITAL,103,漁業,105,農林水産業(集約),19,1千万円以上 - 1億円未満,98.34,85.57,12.77000000000001,98.06,85.57,12.490000000000009,0.28000000000000114,0.0,0.28000000000000114,,ZERO_DERIVED_BASE_NOT_CALCULABLE,ZERO_BASE,False,capex_including_software minus capex_excluding_software; not a directly published series,0.011515904286384075,CALCULABLE,0.0,CALCULABLE,INDUSTRY_X_CAPITAL,4390.050000000003,0.006378059475404629,CALCULABLE
EXCL_FINANCE_INSURANCE,1,2026Q1,20261,2026年1 - 3 月,2026-03-31,0003060191,leaf,INDUSTRY_X_CAPITAL,103,漁業,105,農林水産業(集約),24,1億円以上 - 10億円未満,103.45,52.64,50.81,102.35,52.62,49.73,1.1000000000000085,0.020000000000003126,1.0800000000000054,5399.999999999183,CALCULABLE,POSITIVE_BASE,False,capex_including_software minus capex_excluding_software; not a directly published series,0.044418487961767186,CALCULABLE,0.00010014621347168435,CALCULABLE,INDUSTRY_X_CAPITAL,4390.050000000003,0.02460108654798931,CALCULABLE
EXCL_FINANCE_INSURANCE,1,2026Q1,20261,2026年1 - 3 月,2026-03-31,0003060191,leaf,INDUSTRY_X_CAPITAL,103,漁業,105,農林水産業(集約),25,10億円以上,2.02,9.67,-7.65,1.66,9.09,-7.43,0.3600000000000001,0.5800000000000001,-0.22000000000000064,-37.931034482758605,CALCULABLE,POSITIVE_BASE,False,capex_including_software minus capex_excluding_software; not a directly published series,-0.009048210510730334,CALCULABLE,0.0029042401906783926,CALCULABLE,INDUSTRY_X_CAPITAL,4390.050000000003,0.0,NON_POSITIVE_COMPONENT
EXCL_FINANCE_INSURANCE,1,2026Q1,20261,2026年1 - 3 月,2026-03-31,0003060191,leaf,INDUSTRY,106,鉱業、採石業、砂利採取業,106,鉱業、採石業、砂利採取業,26,全規模,525.24,366.62,158.62,523.34,346.15,177.19000000000005,1.8999999999999773,20.470000000000027,-18.57000000000005,-90.71812408402553,CALCULABLE,POSITIVE_BASE,False,capex_including_software minus capex_excluding_software; not a directly published series,-0.7637512235648285,CALCULABLE,0.10249964948825303,CALCULABLE,INDUSTRY,3727.509999999996,0.0,NON_POSITIVE_COMPONENT
EXCL_FINANCE_INSURANCE,1,2026Q1,20261,2026年1 - 3 月,2026-03-31,0003060191,leaf,INDUSTRY_X_CAPITAL,106,鉱業、採石業、砂利採取業,106,鉱業、採石業、砂利採取業,19,1千万円以上 - 1億円未満,187.78,165.46,22.319999999999993,187.18,164.8,22.379999999999995,0.5999999999999943,0.6599999999999966,-0.060000000000002274,-9.090909090909483,CALCULABLE,POSITIVE_BASE,False,capex_including_software minus capex_excluding_software; not a directly published series,-0.0024676937756538137,CALCULABLE,0.00330482504456505,CALCULABLE,INDUSTRY_X_CAPITAL,4390.050000000003,0.0,NON_POSITIVE_COMPONENT
EXCL_FINANCE_INSURANCE,1,2026Q1,20261,2026年1 - 3 月,2026-03-31,0003060191,leaf,INDUSTRY_X_CAPITAL,106,鉱業、採石業、砂利採取業,106,鉱業、採石業、砂利採取業,24,1億円以上 - 10億円未満,75.02,31.7,43.31999999999999,74.34,31.51,42.83,0.6799999999999926,0.18999999999999773,0.4899999999999949,257.89473684210566,CALCULABLE,POSITIVE_BASE,False,capex_including_software minus capex_excluding_software; not a directly published series,0.02015283250117184,CALCULABLE,0.0009513890279808411,CALCULABLE,INDUSTRY_X_CAPITAL,4390.050000000003,0.01116160408195794,CALCULABLE
EXCL_FINANCE_INSURANCE,1,2026Q1,20261,2026年1 - 3 月,2026-03-31,0003060191,leaf,INDUSTRY_X_CAPITAL,106,鉱業、採石業、砂利採取業,106,鉱業、採石業、砂利採取業,25,10億円以上,262.44,169.46,92.97999999999999,261.82,149.84,111.97999999999999,0.6200000000000045,19.620000000000005,-19.0,-96.8399592252803,CALCULABLE,POSITIVE_BASE,False,capex_including_software minus capex_excluding_software; not a directly published series,-0.7814363622903447,CALCULABLE,0.09824343541570701,CALCULABLE,INDUSTRY_X_CAPITAL,4390.050000000003,0.0,NON_POSITIVE_COMPONENT
EXCL_FINANCE_INSURANCE,1,2026Q1,20261,2026年1 - 3 月,2026-03-31,0003060191,leaf,INDUSTRY,107,建設業,107,建設業,26,全規模,6692.58,6774.43,-81.85000000000036,5936.33,6164.66,-228.32999999999993,756.25,609.7700000000004,146.47999999999956,24.022172294471588,CALCULABLE,POSITIVE_BASE,False,capex_including_software minus capex_excluding_software; not a directly published series,6.0244630709625975,CALCULABLE,3.053307829430973,CALCULABLE,INDUSTRY,3727.509999999996,3.9297010604934584,CALCULABLE
EXCL_FINANCE_INSURANCE,1,2026Q1,20261,2026年1 - 3 月,2026-03-31,0003060191,leaf,INDUSTRY_X_CAPITAL,107,建設業,107,建設業,19,1千万円以上 - 1億円未満,3401.25,4013.44,-612.19,3155.73,3867.32,-711.5900000000001,245.51999999999998,146.1199999999999,99.40000000000009,68.02627977005213,CALCULABLE,POSITIVE_BASE,False,capex_including_software minus capex_excluding_software; not a directly published series,4.088146021666334,CALCULABLE,0.731668235624011,CALCULABLE,INDUSTRY_X_CAPITAL,4390.050000000003,2.2642111137686367,CALCULABLE
EXCL_FINANCE_INSURANCE,1,2026Q1,20261,2026年1 - 3 月,2026-03-31,0003060191,leaf,INDUSTRY_X_CAPITAL,107,建設業,107,建設業,24,1億円以上 - 10億円未満,710.35,598.62,111.73000000000002,640.39,506.9,133.49,69.96000000000004,91.72000000000003,-21.75999999999999,-23.72437854339292,CALCULABLE,POSITIVE_BASE,False,capex_including_software minus capex_excluding_software; not a directly published series,-0.8949502759704155,CALCULABLE,0.4592705349810728,CALCULABLE,INDUSTRY_X_CAPITAL,4390.050000000003,0.0,NON_POSITIVE_COMPONENT
EXCL_FINANCE_INSURANCE,1,2026Q1,20261,2026年1 - 3 月,2026-03-31,0003060191,leaf,INDUSTRY_X_CAPITAL,107,建設業,107,建設業,25,10億円以上,2580.98,2162.37,418.6100000000001,2140.21,1790.44,349.77,440.77,371.92999999999984,68.84000000000015,18.50885919393439,CALCULABLE,POSITIVE_BASE,False,capex_including_software minus capex_excluding_software; not a directly published series,2.8312673252667073,CALCULABLE,1.862369058825886,CALCULABLE,INDUSTRY_X_CAPITAL,4390.050000000003,1.5680914795959067,CALCULABLE
EXCL_FINANCE_INSURANCE,1,2026Q1,20261,2026年1 - 3 月,2026-03-31,0003060191,leaf,INDUSTRY,135,電気業,135,電気業,26,全規模,15019.34,12733.45,2285.8899999999994,14381.85,12455.47,1926.380000000001,637.4899999999998,277.9800000000014,359.5099999999984,129.32944816173705,CALCULABLE,POSITIVE_BASE,False,capex_including_software minus capex_excluding_software; not a directly published series,14.786009821421084,CALCULABLE,1.3919322210427303,CALCULABLE,INDUSTRY,3727.509999999996,9.644776271559264,CALCULABLE
EXCL_FINANCE_INSURANCE,1,2026Q1,20261,2026年1 - 3 月,2026-03-31,0003060191,leaf,INDUSTRY_X_CAPITAL,135,電気業,135,電気業,19,1千万円以上 - 1億円未満,179.79,237.36,-57.57000000000002,143.43,235.04,-91.60999999999999,36.359999999999985,2.3200000000000216,34.039999999999964,1467.2413793103296,CALCULABLE,POSITIVE_BASE,False,capex_including_software minus capex_excluding_software; not a directly published series,1.4000049353875423,CALCULABLE,0.011616960762713676,CALCULABLE,INDUSTRY_X_CAPITAL,4390.050000000003,0.7753898019384732,CALCULABLE
EXCL_FINANCE_INSURANCE,1,2026Q1,20261,2026年1 - 3 月,2026-03-31,0003060191,leaf,INDUSTRY_X_CAPITAL,135,電気業,135,電気業,24,1億円以上 - 10億円未満,874.6,550.17,324.43000000000006,854.46,539.1,315.36,20.139999999999986,11.069999999999936,9.07000000000005,81.9331526648609,CALCULABLE,POSITIVE_BASE,False,capex_including_software minus capex_excluding_software; not a directly published series,0.3730330424196561,CALCULABLE,0.055430929156568304,CALCULABLE,INDUSTRY_X_CAPITAL,4390.050000000003,0.20660356943542885,CALCULABLE
EXCL_FINANCE_INSURANCE,1,2026Q1,20261,2026年1 - 3 月,2026-03-31,0003060191,leaf,INDUSTRY_X_CAPITAL,135,電気業,135,電気業,25,10億円以上,13964.95,11945.92,2019.0300000000007,13383.96,11681.33,1702.6299999999992,580.9900000000016,264.59000000000015,316.40000000000146,119.58123889791801,CALCULABLE,POSITIVE_BASE,False,capex_including_software minus capex_excluding_software; not a directly published series,13.012971843614011,CALCULABLE,1.3248843311234417,CALCULABLE,INDUSTRY_X_CAPITAL,4390.050000000003,7.207207207207235,CALCULABLE
EXCL_FINANCE_INSURANCE,1,2026Q1,20261,2026年1 - 3 月,2026-03-31,0003060191,leaf,INDUSTRY,136,ガス・熱供給・水道業,136,ガス・熱供給・水道業,26,全規模,1516.25,1510.78,5.470000000000027,1326.6,1317.41,9.189999999999827,189.6500000000001,193.3699999999999,-3.7199999999998,-1.9237730775196749,CALCULABLE,POSITIVE_BASE,False,capex_including_software minus capex_excluding_software; not a directly published series,-0.1529970140905224,CALCULABLE,0.9682636649508282,CALCULABLE,INDUSTRY,3727.509999999996,0.0,NON_POSITIVE_COMPONENT
EXCL_FINANCE_INSURANCE,1,2026Q1,20261,2026年1 - 3 月,2026-03-31,0003060191,leaf,INDUSTRY_X_CAPITAL,136,ガス・熱供給・水道業,136,ガス・熱供給・水道業,19,1千万円以上 - 1億円未満,44.14,65.44,-21.299999999999997,42.11,65.15,-23.040000000000006,2.030000000000001,0.28999999999999204,1.740000000000009,600.0000000000197,CALCULABLE,POSITIVE_BASE,False,capex_including_software minus capex_excluding_software; not a directly published series,0.07156311949395826,CALCULABLE,0.0014521200953391562,CALCULABLE,INDUSTRY_X_CAPITAL,4390.050000000003,0.03963508388287167,CALCULABLE
EXCL_FINANCE_INSURANCE,1,2026Q1,20261,2026年1 - 3 月,2026-03-31,0003060191,leaf,INDUSTRY_X_CAPITAL,136,ガス・熱供給・水道業,136,ガス・熱供給・水道業,24,1億円以上 - 10億円未満,166.36,252.67,-86.30999999999997,163.52,247.8,-84.28,2.8400000000000034,4.869999999999976,-2.0299999999999727,-41.68377823408589,CALCULABLE,POSITIVE_BASE,False,capex_including_software minus capex_excluding_software; not a directly published series,-0.08349030607628308,CALCULABLE,0.024385602980351206,CALCULABLE,INDUSTRY_X_CAPITAL,4390.050000000003,0.0,NON_POSITIVE_COMPONENT
EXCL_FINANCE_INSURANCE,1,2026Q1,20261,2026年1 - 3 月,2026-03-31,0003060191,leaf,INDUSTRY_X_CAPITAL,136,ガス・熱供給・水道業,136,ガス・熱供給・水道業,25,10億円以上,1305.75,1192.67,113.07999999999993,1120.97,1004.46,116.50999999999999,184.77999999999997,188.21000000000004,-3.4300000000000637,-1.8224323893523575,CALCULABLE,POSITIVE_BASE,False,capex_including_software minus capex_excluding_software; not a directly published series,-0.14106982750820696,CALCULABLE,0.9424259418751385,CALCULABLE,INDUSTRY_X_CAPITAL,4390.050000000003,0.0,NON_POSITIVE_COMPONENT
EXCL_FINANCE_INSURANCE,1,2026Q1,20261,2026年1 - 3 月,2026-03-31,0003060191,leaf,INDUSTRY,142,情報通信業,142,情報通信業,26,全規模,18295.9,17220.87,1075.0300000000025,12160.24,11753.82,406.4200000000001,6135.660000000002,5467.049999999999,668.6100000000024,12.229813153345992,CALCULABLE,POSITIVE_BASE,False,capex_including_software minus capex_excluding_software; not a directly published series,27.49874558899733,CALCULABLE,27.375217818014313,CALCULABLE,INDUSTRY,3727.509999999996,17.93717521884591,CALCULABLE
EXCL_FINANCE_INSURANCE,1,2026Q1,20261,2026年1 - 3 月,2026-03-31,0003060191,leaf,INDUSTRY_X_CAPITAL,142,情報通信業,142,情報通信業,19,1千万円以上 - 1億円未満,2335.86,943.26,1392.6000000000001,1069.43,341.07,728.3600000000001,1266.43,602.19,664.24,110.30405685913082,CALCULABLE,POSITIVE_BASE,False,capex_including_software minus capex_excluding_software; not a directly published series,27.31901522567045,CALCULABLE,3.015352414525209,CALCULABLE,INDUSTRY_X_CAPITAL,4390.050000000003,15.13057937836698,CALCULABLE
EXCL_FINANCE_INSURANCE,1,2026Q1,20261,2026年1 - 3 月,2026-03-31,0003060191,leaf,INDUSTRY_X_CAPITAL,142,情報通信業,142,情報通信業,24,1億円以上 - 10億円未満,3959.69,3728.74,230.95000000000027,2510.94,2227.92,283.02,1448.75,1500.8199999999997,-52.06999999999971,-3.4694367079329824,CALCULABLE,POSITIVE_BASE,False,capex_including_software minus capex_excluding_software; not a directly published series,-2.141546914971475,CALCULABLE,7.5150720051274895,CALCULABLE,INDUSTRY_X_CAPITAL,4390.050000000003,0.0,NON_POSITIVE_COMPONENT
EXCL_FINANCE_INSURANCE,1,2026Q1,20261,2026年1 - 3 月,2026-03-31,0003060191,leaf,INDUSTRY_X_CAPITAL,142,情報通信業,142,情報通信業,25,10億円以上,12000.35,12548.87,-548.5200000000004,8579.87,9184.83,-604.9599999999991,3420.4799999999996,3364.040000000001,56.43999999999869,1.677744616591914,CALCULABLE,POSITIVE_BASE,False,capex_including_software minus capex_excluding_software; not a directly published series,2.3212772782982123,CALCULABLE,16.84479339836162,CALCULABLE,INDUSTRY_X_CAPITAL,4390.050000000003,1.2856345599708126,CALCULABLE
EXCL_FINANCE_INSURANCE,1,2026Q1,20261,2026年1 - 3 月,2026-03-31,0003060191,leaf,INDUSTRY,131,陸運業,134,運輸業、郵便業(集約),26,全規模,20048.91,19409.34,639.5699999999997,19152.58,18623.96,528.6200000000026,896.3299999999981,785.380000000001,110.94999999999709,14.12691945300326,CALCULABLE,POSITIVE_BASE,False,capex_including_software minus capex_excluding_software; not a directly published series,4.563177073479551,CALCULABLE,3.932641656818963,CALCULABLE,INDUSTRY,3727.509999999996,2.9765178363035165,CALCULABLE
EXCL_FINANCE_INSURANCE,1,2026Q1,20261,2026年1 - 3 月,2026-03-31,0003060191,leaf,INDUSTRY_X_CAPITAL,131,陸運業,134,運輸業、郵便業(集約),19,1千万円以上 - 1億円未満,2482.65,2042.09,440.5600000000002,2444.93,2028.48,416.4499999999998,37.720000000000255,13.6099999999999,24.110000000000355,177.14915503306784,CALCULABLE,POSITIVE_BASE,False,capex_including_software minus capex_excluding_software; not a directly published series,0.9916016155168678,CALCULABLE,0.06814949826747005,CALCULABLE,INDUSTRY_X_CAPITAL,4390.050000000003,0.549196478400026,CALCULABLE
EXCL_FINANCE_INSURANCE,1,2026Q1,20261,2026年1 - 3 月,2026-03-31,0003060191,leaf,INDUSTRY_X_CAPITAL,131,陸運業,134,運輸業、郵便業(集約),24,1億円以上 - 10億円未満,1930.39,3347.34,-1416.95,1723.12,3187.31,-1464.19,207.2700000000002,160.0300000000002,47.24000000000001,29.51946510029366,CALCULABLE,POSITIVE_BASE,False,capex_including_software minus capex_excluding_software; not a directly published series,1.9428975660313628,CALCULABLE,0.801319927093558,CALCULABLE,INDUSTRY_X_CAPITAL,4390.050000000003,1.0760697486361197,CALCULABLE
EXCL_FINANCE_INSURANCE,1,2026Q1,20261,2026年1 - 3 月,2026-03-31,0003060191,leaf,INDUSTRY_X_CAPITAL,131,陸運業,134,運輸業、郵便業(集約),25,10億円以上,15635.87,14019.91,1615.960000000001,14984.53,13408.17,1576.3600000000006,651.3400000000001,611.7399999999998,39.600000000000364,6.47333834635635,CALCULABLE,POSITIVE_BASE,False,capex_including_software minus capex_excluding_software; not a directly published series,1.6286778919314702,CALCULABLE,3.0631722314579295,CALCULABLE,INDUSTRY_X_CAPITAL,4390.050000000003,0.9020398400929451,CALCULABLE
EXCL_FINANCE_INSURANCE,1,2026Q1,20261,2026年1 - 3 月,2026-03-31,0003060191,leaf,INDUSTRY,132,水運業,134,運輸業、郵便業(集約),26,全規模,1212.71,1083.2,129.51,1167.23,1003.06,164.17000000000007,45.48000000000002,80.1400000000001,-34.66000000000008,-43.24931370102326,CALCULABLE,POSITIVE_BASE,False,capex_including_software minus capex_excluding_software; not a directly published series,-1.425504437735969,CALCULABLE,0.401285877380977,CALCULABLE,INDUSTRY,3727.509999999996,0.0,NON_POSITIVE_COMPONENT
EXCL_FINANCE_INSURANCE,1,2026Q1,20261,2026年1 - 3 月,2026-03-31,0003060191,leaf,INDUSTRY_X_CAPITAL,132,水運業,134,運輸業、郵便業(集約),19,1千万円以上 - 1億円未満,459.33,85.98,373.34999999999997,458.75,80.79,377.96,0.5799999999999841,5.189999999999998,-4.610000000000014,-88.82466281310242,CALCULABLE,POSITIVE_BASE,False,capex_including_software minus capex_excluding_software; not a directly published series,-0.18960113842939474,CALCULABLE,0.025987942395898016,CALCULABLE,INDUSTRY_X_CAPITAL,4390.050000000003,0.0,NON_POSITIVE_COMPONENT
EXCL_FINANCE_INSURANCE,1,2026Q1,20261,2026年1 - 3 月,2026-03-31,0003060191,leaf,INDUSTRY_X_CAPITAL,132,水運業,134,運輸業、郵便業(集約),24,1億円以上 - 10億円未満,92.92,261.81,-168.89,88.77,254.58,-165.81,4.150000000000006,7.22999999999999,-3.079999999999984,-42.600276625172725,CALCULABLE,POSITIVE_BASE,False,capex_including_software minus capex_excluding_software; not a directly published series,-0.12667494715022365,CALCULABLE,0.03620285617000818,CALCULABLE,INDUSTRY_X_CAPITAL,4390.050000000003,0.0,NON_POSITIVE_COMPONENT
EXCL_FINANCE_INSURANCE,1,2026Q1,20261,2026年1 - 3 月,2026-03-31,0003060191,leaf,INDUSTRY_X_CAPITAL,132,水運業,134,運輸業、郵便業(集約),25,10億円以上,660.46,735.41,-74.94999999999993,619.71,667.69,-47.98000000000002,40.75,67.71999999999991,-26.969999999999914,-39.82575310100406,CALCULABLE,POSITIVE_BASE,False,capex_including_software minus capex_excluding_software; not a directly published series,-1.1092283521563435,CALCULABLE,0.3390950788150698,CALCULABLE,INDUSTRY_X_CAPITAL,4390.050000000003,0.0,NON_POSITIVE_COMPONENT
EXCL_FINANCE_INSURANCE,1,2026Q1,20261,2026年1 - 3 月,2026-03-31,0003060191,leaf,INDUSTRY,133,その他の運輸業,134,運輸業、郵便業(集約),26,全規模,3606.98,4269.24,-662.2599999999998,3131.44,3891.2,-759.7599999999998,475.53999999999996,378.03999999999996,97.5,25.79092159559835,CALCULABLE,POSITIVE_BASE,False,capex_including_software minus capex_excluding_software; not a directly published series,4.0100023854372955,CALCULABLE,1.8929637270414814,CALCULABLE,INDUSTRY,3727.509999999996,2.615687147720599,CALCULABLE
EXCL_FINANCE_INSURANCE,1,2026Q1,20261,2026年1 - 3 月,2026-03-31,0003060191,leaf,INDUSTRY_X_CAPITAL,133,その他の運輸業,134,運輸業、郵便業(集約),19,1千万円以上 - 1億円未満,466.28,650.95,-184.67000000000007,378.96,632.37,-253.41000000000003,87.32,18.58000000000004,68.73999999999995,369.9677072120549,CALCULABLE,POSITIVE_BASE,False,capex_including_software minus capex_excluding_software; not a directly published series,2.827154502307277,CALCULABLE,0.09303583231518042,CALCULABLE,INDUSTRY_X_CAPITAL,4390.050000000003,1.565813601211829,CALCULABLE
EXCL_FINANCE_INSURANCE,1,2026Q1,20261,2026年1 - 3 月,2026-03-31,0003060191,leaf,INDUSTRY_X_CAPITAL,133,その他の運輸業,134,運輸業、郵便業(集約),24,1億円以上 - 10億円未満,984.57,724.43,260.1400000000001,929.09,669.3,259.7900000000001,55.48000000000002,55.129999999999995,0.35000000000002274,0.6348630509704689,CALCULABLE,POSITIVE_BASE,False,capex_including_software minus capex_excluding_software; not a directly published series,0.01439488035798097,CALCULABLE,0.27605303743465476,CALCULABLE,INDUSTRY_X_CAPITAL,4390.050000000003,0.007972574344256274,CALCULABLE
EXCL_FINANCE_INSURANCE,1,2026Q1,20261,2026年1 - 3 月,2026-03-31,0003060191,leaf,INDUSTRY_X_CAPITAL,133,その他の運輸業,134,運輸業、郵便業(集約),25,10億円以上,2156.13,2893.86,-737.73,1823.39,2589.53,-766.1400000000001,332.74,304.3299999999999,28.410000000000082,9.33526106529099,CALCULABLE,POSITIVE_BASE,False,capex_including_software minus capex_excluding_software; not a directly published series,1.16845300277204,CALCULABLE,1.5238748572916463,CALCULABLE,INDUSTRY_X_CAPITAL,4390.050000000003,0.6471452489151619,CALCULABLE
EXCL_FINANCE_INSURANCE,1,2026Q1,20261,2026年1 - 3 月,2026-03-31,0003060191,leaf,INDUSTRY,127,卸売業,129,卸売業・小売業(集約),26,全規模,8413.2,8649.04,-235.84000000000015,7018.33,7453.35,-435.02000000000044,1394.8700000000008,1195.6900000000005,199.1800000000003,16.6581639053601,CALCULABLE,POSITIVE_BASE,False,capex_including_software minus capex_excluding_software; not a directly published series,8.191920770578479,CALCULABLE,5.987191299296979,CALCULABLE,INDUSTRY,3727.509999999996,5.343513498287074,CALCULABLE
EXCL_FINANCE_INSURANCE,1,2026Q1,20261,2026年1 - 3 月,2026-03-31,0003060191,leaf,INDUSTRY_X_CAPITAL,127,卸売業,129,卸売業・小売業(集約),19,1千万円以上 - 1億円未満,3525.87,2855.54,670.3299999999999,3289.21,2720.31,568.9000000000001,236.65999999999985,135.23000000000002,101.42999999999984,75.00554610663302,CALCULABLE,POSITIVE_BASE,False,capex_including_software minus capex_excluding_software; not a directly published series,4.171636327742608,CALCULABLE,0.6771386223886879,CALCULABLE,INDUSTRY_X_CAPITAL,4390.050000000003,2.3104520449653143,CALCULABLE
EXCL_FINANCE_INSURANCE,1,2026Q1,20261,2026年1 - 3 月,2026-03-31,0003060191,leaf,INDUSTRY_X_CAPITAL,127,卸売業,129,卸売業・小売業(集約),24,1億円以上 - 10億円未満,2142.74,2605.7,-462.96000000000004,1642.1,2202.86,-560.7600000000002,500.6399999999999,402.8399999999997,97.80000000000018,24.27762883526965,CALCULABLE,POSITIVE_BASE,False,capex_including_software minus capex_excluding_software; not a directly published series,4.022340854315572,CALCULABLE,2.0171450317463493,CALCULABLE,INDUSTRY_X_CAPITAL,4390.050000000003,2.2277650596234695,CALCULABLE
EXCL_FINANCE_INSURANCE,1,2026Q1,20261,2026年1 - 3 月,2026-03-31,0003060191,leaf,INDUSTRY_X_CAPITAL,127,卸売業,129,卸売業・小売業(集約),25,10億円以上,2744.59,3187.8,-443.21000000000004,2087.02,2530.18,-443.15999999999985,657.5700000000002,657.6200000000003,-0.0500000000001819,-0.007603175085946212,CALCULABLE,POSITIVE_BASE,False,capex_including_software minus capex_excluding_software; not a directly published series,-0.002056411479718915,CALCULABLE,3.2929076451619403,CALCULABLE,INDUSTRY_X_CAPITAL,4390.050000000003,0.0,NON_POSITIVE_COMPONENT
EXCL_FINANCE_INSURANCE,1,2026Q1,20261,2026年1 - 3 月,2026-03-31,0003060191,leaf,INDUSTRY,128,小売業,129,卸売業・小売業(集約),26,全規模,12927.52,12243.7,683.8199999999997,11246.04,11208.98,37.06000000000131,1681.4799999999996,1034.7200000000012,646.7599999999984,62.50579867017141,CALCULABLE,POSITIVE_BASE,False,capex_including_software minus capex_excluding_software; not a directly published series,26.60009377236327,CALCULABLE,5.181164500170257,CALCULABLE,INDUSTRY,3727.509999999996,17.350993022151492,CALCULABLE
EXCL_FINANCE_INSURANCE,1,2026Q1,20261,2026年1 - 3 月,2026-03-31,0003060191,leaf,INDUSTRY_X_CAPITAL,128,小売業,129,卸売業・小売業(集約),19,1千万円以上 - 1億円未満,4735.29,4278.38,456.90999999999985,4011.2,4085.44,-74.24000000000024,724.0900000000001,192.94000000000005,531.1500000000001,275.292837151446,CALCULABLE,POSITIVE_BASE,False,capex_including_software minus capex_excluding_software; not a directly published series,21.84525914897456,CALCULABLE,0.9661105213611881,CALCULABLE,INDUSTRY_X_CAPITAL,4390.050000000003,12.098951037004129,CALCULABLE
EXCL_FINANCE_INSURANCE,1,2026Q1,20261,2026年1 - 3 月,2026-03-31,0003060191,leaf,INDUSTRY_X_CAPITAL,128,小売業,129,卸売業・小売業(集約),24,1億円以上 - 10億円未満,3957.83,3119.53,838.2999999999997,3598.56,2887.2,711.3600000000001,359.27,232.33000000000038,126.9399999999996,54.63779968148727,CALCULABLE,POSITIVE_BASE,False,capex_including_software minus capex_excluding_software; not a directly published series,5.220817464691371,CALCULABLE,1.1633484887936414,CALCULABLE,INDUSTRY_X_CAPITAL,4390.050000000003,2.8915388207423494,CALCULABLE
EXCL_FINANCE_INSURANCE,1,2026Q1,20261,2026年1 - 3 月,2026-03-31,0003060191,leaf,INDUSTRY_X_CAPITAL,128,小売業,129,卸売業・小売業(集約),25,10億円以上,4234.4,4845.79,-611.3900000000003,3636.28,4236.34,-600.06,598.1199999999994,609.4499999999998,-11.330000000000382,-1.8590532447289143,CALCULABLE,POSITIVE_BASE,False,capex_including_software minus capex_excluding_software; not a directly published series,-0.46598284130262657,CALCULABLE,3.0517054900154235,CALCULABLE,INDUSTRY_X_CAPITAL,4390.050000000003,0.0,NON_POSITIVE_COMPONENT
EXCL_FINANCE_INSURANCE,1,2026Q1,20261,2026年1 - 3 月,2026-03-31,0003060191,leaf,INDUSTRY,130,不動産業,155,不動産業、物品賃貸業(集約),26,全規模,11160.13,16691.39,-5531.26,10872.93,16121.91,-5248.98,287.1999999999989,569.4799999999996,-282.28000000000065,-49.56802697197459,CALCULABLE,POSITIVE_BASE,False,capex_including_software minus capex_excluding_software; not a directly published series,-11.609676649858896,CALCULABLE,2.8515632823922923,CALCULABLE,INDUSTRY,3727.509999999996,0.0,NON_POSITIVE_COMPONENT
EXCL_FINANCE_INSURANCE,1,2026Q1,20261,2026年1 - 3 月,2026-03-31,0003060191,leaf,INDUSTRY_X_CAPITAL,130,不動産業,155,不動産業、物品賃貸業(集約),19,1千万円以上 - 1億円未満,2608.69,3046.91,-438.2199999999998,2606.62,3037.9,-431.2800000000002,2.0700000000001637,9.009999999999764,-6.9399999999996,-77.02552719200646,CALCULABLE,POSITIVE_BASE,False,capex_including_software minus capex_excluding_software; not a directly published series,-0.28542991338393053,CALCULABLE,0.045115869168985565,CALCULABLE,INDUSTRY_X_CAPITAL,4390.050000000003,0.0,NON_POSITIVE_COMPONENT
EXCL_FINANCE_INSURANCE,1,2026Q1,20261,2026年1 - 3 月,2026-03-31,0003060191,leaf,INDUSTRY_X_CAPITAL,130,不動産業,155,不動産業、物品賃貸業(集約),24,1億円以上 - 10億円未満,2257.5,3703.56,-1446.06,2118.74,3442.78,-1324.0400000000004,138.76000000000022,260.77999999999975,-122.01999999999953,-46.79039803665912,CALCULABLE,POSITIVE_BASE,False,capex_including_software minus capex_excluding_software; not a directly published series,-5.018466575087762,CALCULABLE,1.3058064774570868,CALCULABLE,INDUSTRY_X_CAPITAL,4390.050000000003,0.0,NON_POSITIVE_COMPONENT
EXCL_FINANCE_INSURANCE,1,2026Q1,20261,2026年1 - 3 月,2026-03-31,0003060191,leaf,INDUSTRY_X_CAPITAL,130,不動産業,155,不動産業、物品賃貸業(集約),25,10億円以上,6293.94,9940.92,-3646.9800000000005,6147.57,9641.23,-3493.66,146.3699999999999,299.6900000000005,-153.32000000000062,-51.15953151589988,CALCULABLE,POSITIVE_BASE,False,capex_including_software minus capex_excluding_software; not a directly published series,-6.3057801613871645,CALCULABLE,1.500640935766222,CALCULABLE,INDUSTRY_X_CAPITAL,4390.050000000003,0.0,NON_POSITIVE_COMPONENT
EXCL_FINANCE_INSURANCE,1,2026Q1,20261,2026年1 - 3 月,2026-03-31,0003060191,leaf,INDUSTRY,150,リース業,155,不動産業、物品賃貸業(集約),26,全規模,6688.91,4788.64,1900.2699999999995,6524.88,4646.19,1878.6900000000005,164.02999999999975,142.45000000000073,21.579999999999018,15.149175149174376,CALCULABLE,POSITIVE_BASE,False,capex_including_software minus capex_excluding_software; not a directly published series,0.8875471946434143,CALCULABLE,0.7132914054519639,CALCULABLE,INDUSTRY,3727.509999999996,0.5789387553621329,CALCULABLE
EXCL_FINANCE_INSURANCE,1,2026Q1,20261,2026年1 - 3 月,2026-03-31,0003060191,leaf,INDUSTRY_X_CAPITAL,150,リース業,155,不動産業、物品賃貸業(集約),19,1千万円以上 - 1億円未満,551.5,592.62,-41.120000000000005,548.79,580.99,-32.200000000000045,2.7100000000000364,11.629999999999995,-8.919999999999959,-76.69819432502118,CALCULABLE,POSITIVE_BASE,False,capex_including_software minus capex_excluding_software; not a directly published series,-0.36686380798051804,CALCULABLE,0.05823502313377532,CALCULABLE,INDUSTRY_X_CAPITAL,4390.050000000003,0.0,NON_POSITIVE_COMPONENT
EXCL_FINANCE_INSURANCE,1,2026Q1,20261,2026年1 - 3 月,2026-03-31,0003060191,leaf,INDUSTRY_X_CAPITAL,150,リース業,155,不動産業、物品賃貸業(集約),24,1億円以上 - 10億円未満,962.14,982.97,-20.83000000000004,949.5,970.35,-20.850000000000023,12.639999999999986,12.620000000000005,0.01999999999998181,0.15847860538813485,CALCULABLE,POSITIVE_BASE,False,capex_including_software minus capex_excluding_software; not a directly published series,0.0008225645918838252,CALCULABLE,0.06319226070062298,CALCULABLE,INDUSTRY_X_CAPITAL,4390.050000000003,0.0004555756768142002,CALCULABLE
EXCL_FINANCE_INSURANCE,1,2026Q1,20261,2026年1 - 3 月,2026-03-31,0003060191,leaf,INDUSTRY_X_CAPITAL,150,リース業,155,不動産業、物品賃貸業(集約),25,10億円以上,5175.27,3213.05,1962.2200000000003,5026.59,3094.85,1931.7400000000002,148.6800000000003,118.20000000000027,30.480000000000018,25.7868020304568,CALCULABLE,POSITIVE_BASE,False,capex_including_software minus capex_excluding_software; not a directly published series,1.2535884380320905,CALCULABLE,0.5918641216175633,CALCULABLE,INDUSTRY_X_CAPITAL,4390.050000000003,0.694297331465473,CALCULABLE
EXCL_FINANCE_INSURANCE,1,2026Q1,20261,2026年1 - 3 月,2026-03-31,0003060191,leaf,INDUSTRY,151,その他の物品賃貸業,155,不動産業、物品賃貸業(集約),26,全規模,2872.48,2159.97,712.5100000000002,2826.46,2087.42,739.04,46.01999999999998,72.54999999999973,-26.529999999999745,-36.56788421778062,CALCULABLE,POSITIVE_BASE,False,capex_including_software minus capex_excluding_software; not a directly published series,-1.0911319311348762,CALCULABLE,0.3632803893684768,CALCULABLE,INDUSTRY,3727.509999999996,0.0,NON_POSITIVE_COMPONENT
EXCL_FINANCE_INSURANCE,1,2026Q1,20261,2026年1 - 3 月,2026-03-31,0003060191,leaf,INDUSTRY_X_CAPITAL,151,その他の物品賃貸業,155,不動産業、物品賃貸業(集約),19,1千万円以上 - 1億円未満,602.54,634.39,-31.850000000000023,599.29,628.87,-29.58000000000004,3.25,5.519999999999982,-2.269999999999982,-41.12318840579691,CALCULABLE,POSITIVE_BASE,False,capex_including_software minus capex_excluding_software; not a directly published series,-0.09336108117889834,CALCULABLE,0.027640354918180468,CALCULABLE,INDUSTRY_X_CAPITAL,4390.050000000003,0.0,NON_POSITIVE_COMPONENT
EXCL_FINANCE_INSURANCE,1,2026Q1,20261,2026年1 - 3 月,2026-03-31,0003060191,leaf,INDUSTRY_X_CAPITAL,151,その他の物品賃貸業,155,不動産業、物品賃貸業(集約),24,1億円以上 - 10億円未満,1072.65,831.99,240.66000000000008,1043.61,794.72,248.88999999999987,29.04000000000019,37.26999999999998,-8.22999999999979,-22.082103568553247,CALCULABLE,POSITIVE_BASE,False,capex_including_software minus capex_excluding_software; not a directly published series,-0.3384853295604934,CALCULABLE,0.18662246880445452,CALCULABLE,INDUSTRY_X_CAPITAL,4390.050000000003,0.0,NON_POSITIVE_COMPONENT
EXCL_FINANCE_INSURANCE,1,2026Q1,20261,2026年1 - 3 月,2026-03-31,0003060191,leaf,INDUSTRY_X_CAPITAL,151,その他の物品賃貸業,155,不動産業、物品賃貸業(集約),25,10億円以上,1197.29,693.59,503.69999999999993,1183.56,663.83,519.7299999999999,13.730000000000018,29.75999999999999,-16.029999999999973,-53.86424731182788,CALCULABLE,POSITIVE_BASE,False,capex_including_software minus capex_excluding_software; not a directly published series,-0.6592855203954844,CALCULABLE,0.14901756564584298,CALCULABLE,INDUSTRY_X_CAPITAL,4390.050000000003,0.0,NON_POSITIVE_COMPONENT
EXCL_FINANCE_INSURANCE,1,2026Q1,20261,2026年1 - 3 月,2026-03-31,0003060191,leaf,INDUSTRY,139,宿泊業,137,サービス業(集約),26,全規模,1189.15,1516.14,-326.99,1168.06,1468.41,-300.35000000000014,21.090000000000146,47.73000000000002,-26.639999999999873,-55.8139534883718,CALCULABLE,POSITIVE_BASE,False,capex_including_software minus capex_excluding_software; not a directly published series,-1.0956560363902466,CALCULABLE,0.23899893845013742,CALCULABLE,INDUSTRY,3727.509999999996,0.0,NON_POSITIVE_COMPONENT
EXCL_FINANCE_INSURANCE,1,2026Q1,20261,2026年1 - 3 月,2026-03-31,0003060191,leaf,INDUSTRY_X_CAPITAL,139,宿泊業,137,サービス業(集約),19,1千万円以上 - 1億円未満,282.07,672.52,-390.45,279.67,667.47,-387.8,2.3999999999999773,5.0499999999999545,-2.6499999999999773,-52.4752475247525,CALCULABLE,POSITIVE_BASE,False,capex_including_software minus capex_excluding_software; not a directly published series,-0.10898980842470504,CALCULABLE,0.025286918901596116,CALCULABLE,INDUSTRY_X_CAPITAL,4390.050000000003,0.0,NON_POSITIVE_COMPONENT
EXCL_FINANCE_INSURANCE,1,2026Q1,20261,2026年1 - 3 月,2026-03-31,0003060191,leaf,INDUSTRY_X_CAPITAL,139,宿泊業,137,サービス業(集約),24,1億円以上 - 10億円未満,742.12,566.69,175.42999999999995,731.86,527.95,203.90999999999997,10.259999999999991,38.74000000000001,-28.480000000000018,-73.5157459989675,CALCULABLE,POSITIVE_BASE,False,capex_including_software minus capex_excluding_software; not a directly published series,-1.1713319788436334,CALCULABLE,0.1939832154946223,CALCULABLE,INDUSTRY_X_CAPITAL,4390.050000000003,0.0,NON_POSITIVE_COMPONENT
EXCL_FINANCE_INSURANCE,1,2026Q1,20261,2026年1 - 3 月,2026-03-31,0003060191,leaf,INDUSTRY_X_CAPITAL,139,宿泊業,137,サービス業(集約),25,10億円以上,164.96,276.93,-111.97,156.53,272.99,-116.46000000000001,8.430000000000007,3.9399999999999977,4.490000000000009,113.95939086294446,CALCULABLE,POSITIVE_BASE,False,capex_including_software minus capex_excluding_software; not a directly published series,0.1846657508780871,CALCULABLE,0.019728804053918723,CALCULABLE,INDUSTRY_X_CAPITAL,4390.050000000003,0.10227673944488117,CALCULABLE
EXCL_FINANCE_INSURANCE,1,2026Q1,20261,2026年1 - 3 月,2026-03-31,0003060191,leaf,INDUSTRY,148,飲食サービス業,137,サービス業(集約),26,全規模,1446.84,1289.17,157.66999999999985,1259.26,1223.48,35.77999999999997,187.57999999999993,65.69000000000005,121.88999999999987,185.55335667529272,CALCULABLE,POSITIVE_BASE,False,capex_including_software minus capex_excluding_software; not a directly published series,5.0131199052405275,CALCULABLE,0.3289302381476961,CALCULABLE,INDUSTRY,3727.509999999996,3.270011348058087,CALCULABLE
EXCL_FINANCE_INSURANCE,1,2026Q1,20261,2026年1 - 3 月,2026-03-31,0003060191,leaf,INDUSTRY_X_CAPITAL,148,飲食サービス業,137,サービス業(集約),19,1千万円以上 - 1億円未満,815.07,820.4,-5.329999999999927,672.31,796.57,-124.2600000000001,142.7600000000001,23.829999999999927,118.93000000000018,499.0767939571991,CALCULABLE,POSITIVE_BASE,False,capex_including_software minus capex_excluding_software; not a directly published series,4.891380345641623,CALCULABLE,0.11932421335149289,CALCULABLE,INDUSTRY_X_CAPITAL,4390.050000000003,2.7090807621781097,CALCULABLE
EXCL_FINANCE_INSURANCE,1,2026Q1,20261,2026年1 - 3 月,2026-03-31,0003060191,leaf,INDUSTRY_X_CAPITAL,148,飲食サービス業,137,サービス業(集約),24,1億円以上 - 10億円未満,173.19,124.45,48.739999999999995,165.36,116.05,49.31000000000002,7.829999999999984,8.400000000000006,-0.5700000000000216,-6.785714285714539,CALCULABLE,POSITIVE_BASE,False,capex_including_software minus capex_excluding_software; not a directly published series,-0.02344309086871123,CALCULABLE,0.04206140965810088,CALCULABLE,INDUSTRY_X_CAPITAL,4390.050000000003,0.0,NON_POSITIVE_COMPONENT
EXCL_FINANCE_INSURANCE,1,2026Q1,20261,2026年1 - 3 月,2026-03-31,0003060191,leaf,INDUSTRY_X_CAPITAL,148,飲食サービス業,137,サービス業(集約),25,10億円以上,458.58,344.32,114.25999999999999,421.59,310.86,110.72999999999996,36.99000000000001,33.45999999999998,3.5300000000000296,10.549910340705404,CALCULABLE,POSITIVE_BASE,False,capex_including_software minus capex_excluding_software; not a directly published series,0.14518265046762843,CALCULABLE,0.16754461513810162,CALCULABLE,INDUSTRY_X_CAPITAL,4390.050000000003,0.08040910695778014,CALCULABLE
EXCL_FINANCE_INSURANCE,1,2026Q1,20261,2026年1 - 3 月,2026-03-31,0003060191,leaf,INDUSTRY,140,生活関連サービス業,137,サービス業(集約),26,全規模,894.47,1097.21,-202.74,757.04,879.38,-122.34000000000003,137.43000000000006,217.83000000000004,-80.39999999999998,-36.90951659551024,CALCULABLE,POSITIVE_BASE,False,capex_including_software minus capex_excluding_software; not a directly published series,-3.3067096593759846,CALCULABLE,1.0907424840266797,CALCULABLE,INDUSTRY,3727.509999999996,0.0,NON_POSITIVE_COMPONENT
EXCL_FINANCE_INSURANCE,1,2026Q1,20261,2026年1 - 3 月,2026-03-31,0003060191,leaf,INDUSTRY_X_CAPITAL,140,生活関連サービス業,137,サービス業(集約),19,1千万円以上 - 1億円未満,508.85,342.48,166.37,484.57,328.37,156.2,24.28000000000003,14.110000000000014,10.170000000000016,72.07654145995753,CALCULABLE,POSITIVE_BASE,False,capex_including_software minus capex_excluding_software; not a directly published series,0.4182740949733062,CALCULABLE,0.07065315360426233,CALCULABLE,INDUSTRY_X_CAPITAL,4390.050000000003,0.23166023166023186,CALCULABLE
EXCL_FINANCE_INSURANCE,1,2026Q1,20261,2026年1 - 3 月,2026-03-31,0003060191,leaf,INDUSTRY_X_CAPITAL,140,生活関連サービス業,137,サービス業(集約),24,1億円以上 - 10億円未満,351.34,732.49,-381.15000000000003,250.2,535.45,-285.25000000000006,101.13999999999999,197.03999999999996,-95.89999999999998,-48.67032074705643,CALCULABLE,POSITIVE_BASE,False,capex_including_software minus capex_excluding_software; not a directly published series,-3.944197218086529,CALCULABLE,0.9866404951228798,CALCULABLE,INDUSTRY_X_CAPITAL,4390.050000000003,0.0,NON_POSITIVE_COMPONENT
EXCL_FINANCE_INSURANCE,1,2026Q1,20261,2026年1 - 3 月,2026-03-31,0003060191,leaf,INDUSTRY_X_CAPITAL,140,生活関連サービス業,137,サービス業(集約),25,10億円以上,34.28,22.24,12.040000000000003,22.27,15.56,6.709999999999999,12.010000000000002,6.679999999999998,5.330000000000004,79.79041916167672,CALCULABLE,POSITIVE_BASE,False,capex_including_software minus capex_excluding_software; not a directly published series,0.219213463737239,CALCULABLE,0.033448835299537336,CALCULABLE,INDUSTRY_X_CAPITAL,4390.050000000003,0.12141091787109487,CALCULABLE
EXCL_FINANCE_INSURANCE,1,2026Q1,20261,2026年1 - 3 月,2026-03-31,0003060191,leaf,INDUSTRY,141,娯楽業,137,サービス業(集約),26,全規模,2754.14,2985.91,-231.76999999999998,2610.7,2886.06,-275.3600000000001,143.44000000000005,99.84999999999991,43.590000000000146,43.65548322483743,CALCULABLE,POSITIVE_BASE,False,capex_including_software minus capex_excluding_software; not a directly published series,1.7927795280124337,CALCULABLE,0.4999799707573055,CALCULABLE,INDUSTRY,3727.509999999996,1.1694133617347824,CALCULABLE
EXCL_FINANCE_INSURANCE,1,2026Q1,20261,2026年1 - 3 月,2026-03-31,0003060191,leaf,INDUSTRY_X_CAPITAL,141,娯楽業,137,サービス業(集約),19,1千万円以上 - 1億円未満,947.42,1408.7,-461.2800000000001,938.54,1385.42,-446.8800000000001,8.879999999999995,23.279999999999973,-14.399999999999977,-61.85567010309276,CALCULABLE,POSITIVE_BASE,False,capex_including_software minus capex_excluding_software; not a directly published series,-0.5922465061568919,CALCULABLE,0.11657019248102223,CALCULABLE,INDUSTRY_X_CAPITAL,4390.050000000003,0.0,NON_POSITIVE_COMPONENT
EXCL_FINANCE_INSURANCE,1,2026Q1,20261,2026年1 - 3 月,2026-03-31,0003060191,leaf,INDUSTRY_X_CAPITAL,141,娯楽業,137,サービス業(集約),24,1億円以上 - 10億円未満,722.4,844.27,-121.87,641.66,811.21,-169.55000000000007,80.74000000000001,33.059999999999945,47.680000000000064,144.22262552934103,CALCULABLE,POSITIVE_BASE,False,capex_including_software minus capex_excluding_software; not a directly published series,1.9609939870528257,CALCULABLE,0.16554169086866807,CALCULABLE,INDUSTRY_X_CAPITAL,4390.050000000003,1.0860924135260426,CALCULABLE
EXCL_FINANCE_INSURANCE,1,2026Q1,20261,2026年1 - 3 月,2026-03-31,0003060191,leaf,INDUSTRY_X_CAPITAL,141,娯楽業,137,サービス業(集約),25,10億円以上,1084.32,732.94,351.3799999999999,1030.5,689.43,341.07000000000005,53.819999999999936,43.510000000000105,10.309999999999832,23.695702137439234,CALCULABLE,POSITIVE_BASE,False,capex_including_software minus capex_excluding_software; not a directly published series,0.42403204711649073,CALCULABLE,0.21786808740761576,CALCULABLE,INDUSTRY_X_CAPITAL,4390.050000000003,0.23484926139793,CALCULABLE
EXCL_FINANCE_INSURANCE,1,2026Q1,20261,2026年1 - 3 月,2026-03-31,0003060191,leaf,INDUSTRY,138,広告業,137,サービス業(集約),26,全規模,292.11,389.7,-97.58999999999997,83.69,92.7,-9.010000000000005,208.42000000000002,297.0,-88.57999999999997,-29.82491582491582,CALCULABLE,POSITIVE_BASE,False,capex_including_software minus capex_excluding_software; not a directly published series,-3.643138577456775,CALCULABLE,1.48717127005428,CALCULABLE,INDUSTRY,3727.509999999996,0.0,NON_POSITIVE_COMPONENT
EXCL_FINANCE_INSURANCE,1,2026Q1,20261,2026年1 - 3 月,2026-03-31,0003060191,leaf,INDUSTRY_X_CAPITAL,138,広告業,137,サービス業(集約),19,1千万円以上 - 1億円未満,59.55,16.09,43.459999999999994,43.52,15.17,28.35,16.029999999999994,0.9199999999999999,15.109999999999992,1642.3913043478256,CALCULABLE,POSITIVE_BASE,False,capex_including_software minus capex_excluding_software; not a directly published series,0.6214475491687949,CALCULABLE,0.004606725819696759,CALCULABLE,INDUSTRY_X_CAPITAL,4390.050000000003,0.34418742383344114,CALCULABLE
EXCL_FINANCE_INSURANCE,1,2026Q1,20261,2026年1 - 3 月,2026-03-31,0003060191,leaf,INDUSTRY_X_CAPITAL,138,広告業,137,サービス業(集約),24,1億円以上 - 10億円未満,133.63,240.14,-106.50999999999999,16.13,26.31,-10.18,117.5,213.82999999999998,-96.32999999999998,-45.049805920591126,CALCULABLE,POSITIVE_BASE,False,capex_including_software minus capex_excluding_software; not a directly published series,-3.961882356812047,CALCULABLE,1.070713241332346,CALCULABLE,INDUSTRY_X_CAPITAL,4390.050000000003,0.0,NON_POSITIVE_COMPONENT
EXCL_FINANCE_INSURANCE,1,2026Q1,20261,2026年1 - 3 月,2026-03-31,0003060191,leaf,INDUSTRY_X_CAPITAL,138,広告業,137,サービス業(集約),25,10億円以上,98.93,133.47,-34.53999999999999,24.04,51.22,-27.18,74.89000000000001,82.25,-7.359999999999992,-8.94832826747719,CALCULABLE,POSITIVE_BASE,False,capex_including_software minus capex_excluding_software; not a directly published series,-0.3027037698135227,CALCULABLE,0.4118513029022375,CALCULABLE,INDUSTRY_X_CAPITAL,4390.050000000003,0.0,NON_POSITIVE_COMPONENT
EXCL_FINANCE_INSURANCE,1,2026Q1,20261,2026年1 - 3 月,2026-03-31,0003060191,leaf,INDUSTRY,158,純粋持株会社,137,サービス業(集約),26,全規模,2416.97,3024.27,-607.3000000000002,1642.83,2414.65,-771.8200000000002,774.1399999999999,609.6199999999999,164.51999999999998,26.987303566155973,CALCULABLE,POSITIVE_BASE,False,capex_including_software minus capex_excluding_software; not a directly published series,6.7664163328425,CALCULABLE,3.052556732829933,CALCULABLE,INDUSTRY,3727.509999999996,4.413670251723004,CALCULABLE
EXCL_FINANCE_INSURANCE,1,2026Q1,20261,2026年1 - 3 月,2026-03-31,0003060191,leaf,INDUSTRY_X_CAPITAL,158,純粋持株会社,137,サービス業(集約),19,1千万円以上 - 1億円未満,271.16,113.69,157.47000000000003,264.7,111.88,152.82,6.460000000000036,1.8100000000000023,4.650000000000034,256.90607734806787,CALCULABLE,POSITIVE_BASE,False,capex_including_software minus capex_excluding_software; not a directly published series,0.1912462676131647,CALCULABLE,0.00906323231918603,CALCULABLE,INDUSTRY_X_CAPITAL,4390.050000000003,0.10592134485939866,CALCULABLE
EXCL_FINANCE_INSURANCE,1,2026Q1,20261,2026年1 - 3 月,2026-03-31,0003060191,leaf,INDUSTRY_X_CAPITAL,158,純粋持株会社,137,サービス業(集約),24,1億円以上 - 10億円未満,143.03,276.45,-133.42,110.25,248.31,-138.06,32.78,28.139999999999986,4.640000000000015,16.488983653162826,CALCULABLE,POSITIVE_BASE,False,capex_including_software minus capex_excluding_software; not a directly published series,0.19083498531722165,CALCULABLE,0.14090572235463777,CALCULABLE,INDUSTRY_X_CAPITAL,4390.050000000003,0.10569355702099092,CALCULABLE
EXCL_FINANCE_INSURANCE,1,2026Q1,20261,2026年1 - 3 月,2026-03-31,0003060191,leaf,INDUSTRY_X_CAPITAL,158,純粋持株会社,137,サービス業(集約),25,10億円以上,2002.78,2634.13,-631.3500000000001,1267.88,2054.46,-786.5799999999999,734.8999999999999,579.6700000000001,155.2299999999998,26.779029447789227,CALCULABLE,POSITIVE_BASE,False,capex_including_software minus capex_excluding_software; not a directly published series,6.384335079912108,CALCULABLE,2.90258777815611,CALCULABLE,INDUSTRY_X_CAPITAL,4390.050000000003,3.535950615596626,CALCULABLE
EXCL_FINANCE_INSURANCE,1,2026Q1,20261,2026年1 - 3 月,2026-03-31,0003060191,leaf,INDUSTRY,159,その他の学術研究、専門・技術サービス業,137,サービス業(集約),26,全規模,1330.87,1710.54,-379.6700000000001,1009.89,1141.29,-131.39999999999998,320.9799999999999,569.25,-248.2700000000001,-43.61352657004832,CALCULABLE,POSITIVE_BASE,False,capex_including_software minus capex_excluding_software; not a directly published series,-10.210905561359155,CALCULABLE,2.8504116009373703,CALCULABLE,INDUSTRY,3727.509999999996,0.0,NON_POSITIVE_COMPONENT
EXCL_FINANCE_INSURANCE,1,2026Q1,20261,2026年1 - 3 月,2026-03-31,0003060191,leaf,INDUSTRY_X_CAPITAL,159,その他の学術研究、専門・技術サービス業,137,サービス業(集約),19,1千万円以上 - 1億円未満,631.87,947.53,-315.65999999999997,465.75,517.89,-52.139999999999986,166.12,429.64,-263.52,-61.33507122241877,CALCULABLE,POSITIVE_BASE,False,capex_including_software minus capex_excluding_software; not a directly published series,-10.838111062671137,CALCULABLE,2.151340957798387,CALCULABLE,INDUSTRY_X_CAPITAL,4390.050000000003,0.0,NON_POSITIVE_COMPONENT
EXCL_FINANCE_INSURANCE,1,2026Q1,20261,2026年1 - 3 月,2026-03-31,0003060191,leaf,INDUSTRY_X_CAPITAL,159,その他の学術研究、専門・技術サービス業,137,サービス業(集約),24,1億円以上 - 10億円未満,379.25,341.05,38.19999999999999,277.43,242.2,35.23000000000002,101.82,98.85000000000002,2.9699999999999704,3.0045523520485284,CALCULABLE,POSITIVE_BASE,False,capex_including_software minus capex_excluding_software; not a directly published series,0.12215084189485795,CALCULABLE,0.4949726600837226,CALCULABLE,INDUSTRY_X_CAPITAL,4390.050000000003,0.06765298800696959,CALCULABLE
EXCL_FINANCE_INSURANCE,1,2026Q1,20261,2026年1 - 3 月,2026-03-31,0003060191,leaf,INDUSTRY_X_CAPITAL,159,その他の学術研究、専門・技術サービス業,137,サービス業(集約),25,10億円以上,319.75,421.96,-102.20999999999998,266.71,381.2,-114.49000000000001,53.04000000000002,40.75999999999999,12.28000000000003,30.12757605495593,CALCULABLE,POSITIVE_BASE,False,capex_including_software minus capex_excluding_software; not a directly published series,0.5050546594171293,CALCULABLE,0.20409798305526078,CALCULABLE,INDUSTRY_X_CAPITAL,4390.050000000003,0.279723465564174,CALCULABLE
EXCL_FINANCE_INSURANCE,1,2026Q1,20261,2026年1 - 3 月,2026-03-31,0003060191,leaf,INDUSTRY,153,教育、学習支援業,137,サービス業(集約),26,全規模,224.18,241.15,-16.97,171.05,178.83,-7.780000000000001,53.129999999999995,62.31999999999999,-9.189999999999998,-14.74646983311938,CALCULABLE,POSITIVE_BASE,False,capex_including_software minus capex_excluding_software; not a directly published series,-0.3779684299709614,CALCULABLE,0.3120556011777196,CALCULABLE,INDUSTRY,3727.509999999996,0.0,NON_POSITIVE_COMPONENT
EXCL_FINANCE_INSURANCE,1,2026Q1,20261,2026年1 - 3 月,2026-03-31,0003060191,leaf,INDUSTRY_X_CAPITAL,153,教育、学習支援業,137,サービス業(集約),19,1千万円以上 - 1億円未満,66.03,111.78,-45.75,52.62,99.08,-46.46,13.410000000000004,12.700000000000003,0.7100000000000009,5.590551181102366,CALCULABLE,POSITIVE_BASE,False,capex_including_software minus capex_excluding_software; not a directly published series,0.029201043011902388,CALCULABLE,0.06359284555450963,CALCULABLE,INDUSTRY_X_CAPITAL,4390.050000000003,0.016172936526918837,CALCULABLE
EXCL_FINANCE_INSURANCE,1,2026Q1,20261,2026年1 - 3 月,2026-03-31,0003060191,leaf,INDUSTRY_X_CAPITAL,153,教育、学習支援業,137,サービス業(集約),24,1億円以上 - 10億円未満,81.6,57.96,23.639999999999993,74.95,45.47,29.480000000000004,6.6499999999999915,12.490000000000002,-5.8400000000000105,-46.75740592473987,CALCULABLE,POSITIVE_BASE,False,capex_including_software minus capex_excluding_software; not a directly published series,-0.2401888608302959,CALCULABLE,0.06254131031305711,CALCULABLE,INDUSTRY_X_CAPITAL,4390.050000000003,0.0,NON_POSITIVE_COMPONENT
EXCL_FINANCE_INSURANCE,1,2026Q1,20261,2026年1 - 3 月,2026-03-31,0003060191,leaf,INDUSTRY_X_CAPITAL,153,教育、学習支援業,137,サービス業(集約),25,10億円以上,76.55,71.41,5.140000000000001,43.48,34.28,9.199999999999996,33.07,37.129999999999995,-4.059999999999995,-10.934554268785334,CALCULABLE,POSITIVE_BASE,False,capex_including_software minus capex_excluding_software; not a directly published series,-0.1669806121525682,CALCULABLE,0.1859214453101529,CALCULABLE,INDUSTRY_X_CAPITAL,4390.050000000003,0.0,NON_POSITIVE_COMPONENT
EXCL_FINANCE_INSURANCE,1,2026Q1,20261,2026年1 - 3 月,2026-03-31,0003060191,leaf,INDUSTRY,152,医療、福祉業,137,サービス業(集約),26,全規模,1357.02,766.91,590.11,1066.07,654.61,411.4599999999999,290.95000000000005,112.29999999999995,178.6500000000001,159.08281389136255,CALCULABLE,POSITIVE_BASE,False,capex_including_software minus capex_excluding_software; not a directly published series,7.347558217008955,CALCULABLE,0.5623209886434195,CALCULABLE,INDUSTRY,3727.509999999996,4.792743681438823,CALCULABLE
EXCL_FINANCE_INSURANCE,1,2026Q1,20261,2026年1 - 3 月,2026-03-31,0003060191,leaf,INDUSTRY_X_CAPITAL,152,医療、福祉業,137,サービス業(集約),19,1千万円以上 - 1億円未満,571.77,250.67,321.1,494.21,230.3,263.90999999999997,77.56,20.369999999999976,57.190000000000055,280.75601374570493,CALCULABLE,POSITIVE_BASE,False,capex_including_software minus capex_excluding_software; not a directly published series,2.3521234504939397,CALCULABLE,0.10199891842089445,CALCULABLE,INDUSTRY_X_CAPITAL,4390.050000000003,1.3027186478513915,CALCULABLE
EXCL_FINANCE_INSURANCE,1,2026Q1,20261,2026年1 - 3 月,2026-03-31,0003060191,leaf,INDUSTRY_X_CAPITAL,152,医療、福祉業,137,サービス業(集約),24,1億円以上 - 10億円未満,593.1,389.2,203.90000000000003,399.87,325.34,74.53000000000003,193.23000000000002,63.860000000000014,129.37,202.58377701221417,CALCULABLE,POSITIVE_BASE,False,capex_including_software minus capex_excluding_software; not a directly published series,5.320759062605363,CALCULABLE,0.3197668596150382,CALCULABLE,INDUSTRY_X_CAPITAL,4390.050000000003,2.9468912654753345,CALCULABLE
EXCL_FINANCE_INSURANCE,1,2026Q1,20261,2026年1 - 3 月,2026-03-31,0003060191,leaf,INDUSTRY_X_CAPITAL,152,医療、福祉業,137,サービス業(集約),25,10億円以上,192.15,127.04,65.11,171.99,98.97,73.02000000000001,20.159999999999997,28.070000000000007,-7.910000000000011,-28.179551122194546,CALCULABLE,POSITIVE_BASE,False,capex_including_software minus capex_excluding_software; not a directly published series,-0.3253242960903492,CALCULABLE,0.14055521060748705,CALCULABLE,INDUSTRY_X_CAPITAL,4390.050000000003,0.0,NON_POSITIVE_COMPONENT
EXCL_FINANCE_INSURANCE,1,2026Q1,20261,2026年1 - 3 月,2026-03-31,0003060191,leaf,INDUSTRY,160,職業紹介・労働者派遣業,137,サービス業(集約),26,全規模,268.88,244.29,24.590000000000003,89.17,131.81,-42.64,179.70999999999998,112.47999999999999,67.23,59.77062588904693,CALCULABLE,POSITIVE_BASE,False,capex_including_software minus capex_excluding_software; not a directly published series,2.765050875619994,CALCULABLE,0.5632223045646647,CALCULABLE,INDUSTRY,3727.509999999996,1.8036168917051885,CALCULABLE
EXCL_FINANCE_INSURANCE,1,2026Q1,20261,2026年1 - 3 月,2026-03-31,0003060191,leaf,INDUSTRY_X_CAPITAL,160,職業紹介・労働者派遣業,137,サービス業(集約),19,1千万円以上 - 1億円未満,73.93,121.09,-47.16,57.02,110.45,-53.43,16.910000000000004,10.64,6.270000000000003,58.928571428571466,CALCULABLE,POSITIVE_BASE,False,capex_including_software minus capex_excluding_software; not a directly published series,0.2578739995558139,CALCULABLE,0.05327778556692775,CALCULABLE,INDUSTRY_X_CAPITAL,4390.050000000003,0.14282297468138175,CALCULABLE
EXCL_FINANCE_INSURANCE,1,2026Q1,20261,2026年1 - 3 月,2026-03-31,0003060191,leaf,INDUSTRY_X_CAPITAL,160,職業紹介・労働者派遣業,137,サービス業(集約),24,1億円以上 - 10億円未満,123.09,113.58,9.510000000000005,26.49,19.14,7.349999999999998,96.60000000000001,94.44,2.1600000000000072,2.287166454891998,CALCULABLE,POSITIVE_BASE,False,capex_including_software minus capex_excluding_software; not a directly published series,0.08883697592353422,CALCULABLE,0.47289042001321957,CALCULABLE,INDUSTRY_X_CAPITAL,4390.050000000003,0.04920217309597853,CALCULABLE
EXCL_FINANCE_INSURANCE,1,2026Q1,20261,2026年1 - 3 月,2026-03-31,0003060191,leaf,INDUSTRY_X_CAPITAL,160,職業紹介・労働者派遣業,137,サービス業(集約),25,10億円以上,71.86,9.62,62.24,5.66,2.22,3.44,66.2,7.399999999999999,58.800000000000004,794.5945945945947,CALCULABLE,POSITIVE_BASE,False,capex_including_software minus capex_excluding_software; not a directly published series,2.418339900140646,CALCULABLE,0.037054098984517406,CALCULABLE,INDUSTRY_X_CAPITAL,4390.050000000003,1.339392489834967,CALCULABLE
EXCL_FINANCE_INSURANCE,1,2026Q1,20261,2026年1 - 3 月,2026-03-31,0003060191,leaf,INDUSTRY,143,その他のサービス業,137,サービス業(集約),26,全規模,4441.76,4002.87,438.8900000000003,3778.26,3334.71,443.5500000000002,663.5,668.1599999999999,-4.6599999999998545,-0.69743773946358,CALCULABLE,POSITIVE_BASE,False,capex_including_software minus capex_excluding_software; not a directly published series,-0.1916575499090996,CALCULABLE,3.3456846996615073,CALCULABLE,INDUSTRY,3727.509999999996,0.0,NON_POSITIVE_COMPONENT
EXCL_FINANCE_INSURANCE,1,2026Q1,20261,2026年1 - 3 月,2026-03-31,0003060191,leaf,INDUSTRY_X_CAPITAL,143,その他のサービス業,137,サービス業(集約),19,1千万円以上 - 1億円未満,1527.03,1732.82,-205.78999999999996,1402.19,1611.07,-208.87999999999988,124.83999999999992,121.75,3.089999999999918,2.537987679671394,CALCULABLE,POSITIVE_BASE,False,capex_including_software minus capex_excluding_software; not a directly published series,0.1270862294461632,CALCULABLE,0.6096400745087832,CALCULABLE,INDUSTRY_X_CAPITAL,4390.050000000003,0.07038644206785609,CALCULABLE
EXCL_FINANCE_INSURANCE,1,2026Q1,20261,2026年1 - 3 月,2026-03-31,0003060191,leaf,INDUSTRY_X_CAPITAL,143,その他のサービス業,137,サービス業(集約),24,1億円以上 - 10億円未満,1632.58,1205.28,427.29999999999995,1397.74,999.37,398.37,234.83999999999992,205.90999999999997,28.92999999999995,14.049827594580133,CALCULABLE,POSITIVE_BASE,False,capex_including_software minus capex_excluding_software; not a directly published series,1.1898396821610333,CALCULABLE,1.031055340797565,CALCULABLE,INDUSTRY_X_CAPITAL,4390.050000000003,0.6589902165123388,CALCULABLE
EXCL_FINANCE_INSURANCE,1,2026Q1,20261,2026年1 - 3 月,2026-03-31,0003060191,leaf,INDUSTRY_X_CAPITAL,143,その他のサービス業,137,サービス業(集約),25,10億円以上,1282.15,1064.77,217.3800000000001,978.33,724.27,254.06000000000006,303.82000000000005,340.5,-36.67999999999995,-10.772393538913349,CALCULABLE,POSITIVE_BASE,False,capex_including_software minus capex_excluding_software; not a directly published series,-1.5085834615163056,CALCULABLE,1.7049892843551593,CALCULABLE,INDUSTRY_X_CAPITAL,4390.050000000003,0.0,NON_POSITIVE_COMPONENT
