period_code,concentration_dimension,taxonomy,component_id,component_label_ja,member_code,member_name,profit_impact_yoy_oku_yen,signed_share_of_net_pct,positive_share_pct,absolute_share_pct,rank_desc,top1_positive_concentration_pct,top3_positive_concentration_pct,top5_positive_concentration_pct,denominator_status,continuing_sample_size_limitation,profit_standard_error_limitation,continuing_margin_interpretation
20261,ITEM,four_component_identity,ALL_COMPONENTS,営業利益外差額の四項目,interest_and_dividend_income,受取利息等,152.04000000000087,0.9742019732651972,0.6797672230945634,0.5220017345124753,3.0,68.96172307846385,100.0,100.0,CALCULABLE,継続標本のみを用い母集団推計を行うため、本系列に比べサンプルサイズが小さくなる。,営業利益及び経常利益については、標準誤差率の算出は行っていない。,継続標本PDFは利益水準とその符号を公表しないため、売上高と営業利益の増加率から得る利益率方向は代理指標である。
20261,ITEM,four_component_identity,ALL_COMPONENTS,営業利益外差額の四項目,other_non_operating_income,その他の営業外収益,15424.309999999998,98.83184187223115,68.96172307846385,52.95656783516226,1.0,68.96172307846385,100.0,100.0,CALCULABLE,継続標本のみを用い母集団推計を行うため、本系列に比べサンプルサイズが小さくなる。,営業利益及び経常利益については、標準誤差率の算出は行っていない。,継続標本PDFは利益水準とその符号を公表しないため、売上高と営業利益の増加率から得る利益率方向は代理指標である。
20261,ITEM,four_component_identity,ALL_COMPONENTS,営業利益外差額の四項目,interest_expense,支払利息等,-6759.860000000001,-43.31405518940041,0.0,23.208751940683246,4.0,68.96172307846385,100.0,100.0,CALCULABLE,継続標本のみを用い母集団推計を行うため、本系列に比べサンプルサイズが小さくなる。,営業利益及び経常利益については、標準誤差率の算出は行っていない。,継続標本PDFは利益水準とその符号を公表しないため、売上高と営業利益の増加率から得る利益率方向は代理指標である。
20261,ITEM,four_component_identity,ALL_COMPONENTS,営業利益外差額の四項目,other_non_operating_expense,その他の営業外費用,6790.129999999997,43.50801134390406,30.358509698441587,23.312678489642018,2.0,68.96172307846385,100.0,100.0,CALCULABLE,継続標本のみを用い母集団推計を行うため、本系列に比べサンプルサイズが小さくなる。,営業利益及び経常利益については、標準誤差率の算出は行っていない。,継続標本PDFは利益水準とその符号を公表しないため、売上高と営業利益の増加率から得る利益率方向は代理指標である。
20261,CAPITAL,three_disjoint_capital_buckets,ALL_COMPONENTS,営業利益外差額の四項目,19,1千万円以上 - 1億円未満,2991.7099999999978,19.169493458545134,17.088259821561145,15.414685972615652,2.0,82.91174017843885,100.0,100.0,CALCULABLE,継続標本のみを用い母集団推計を行うため、本系列に比べサンプルサイズが小さくなる。,営業利益及び経常利益については、標準誤差率の算出は行っていない。,継続標本PDFは利益水準とその符号を公表しないため、売上高と営業利益の増加率から得る利益率方向は代理指標である。
20261,CAPITAL,three_disjoint_capital_buckets,ALL_COMPONENTS,営業利益外差額の四項目,24,1億円以上 - 10億円未満,-1900.7800000000007,-12.179318776262892,0.0,9.793705540653477,3.0,82.91174017843885,100.0,100.0,CALCULABLE,継続標本のみを用い母集団推計を行うため、本系列に比べサンプルサイズが小さくなる。,営業利益及び経常利益については、標準誤差率の算出は行っていない。,継続標本PDFは利益水準とその符号を公表しないため、売上高と営業利益の増加率から得る利益率方向は代理指標である。
20261,CAPITAL,three_disjoint_capital_buckets,ALL_COMPONENTS,営業利益外差額の四項目,25,10億円以上,14515.69000000001,93.00982531771777,82.91174017843885,74.79160848673088,1.0,82.91174017843885,100.0,100.0,CALCULABLE,継続標本のみを用い母集団推計を行うため、本系列に比べサンプルサイズが小さくなる。,営業利益及び経常利益については、標準誤差率の算出は行っていない。,継続標本PDFは利益水準とその符号を公表しないため、売上高と営業利益の増加率から得る利益率方向は代理指標である。
20261,INDUSTRY,major,ALL_COMPONENTS,営業利益外差額の四項目,105,農林水産業(集約),92.47000000000001,0.5925049754527245,0.5221281961083465,0.4666949297964045,7.0,62.28474987027255,86.83335770722084,95.69897816005567,CALCULABLE,継続標本のみを用い母集団推計を行うため、本系列に比べサンプルサイズが小さくなる。,営業利益及び経常利益については、標準誤差率の算出は行っていない。,継続標本PDFは利益水準とその符号を公表しないため、売上高と営業利益の増加率から得る利益率方向は代理指標である。
20261,INDUSTRY,major,ALL_COMPONENTS,営業利益外差額の四項目,106,鉱業、採石業、砂利採取業,756.5799999999999,4.847814581248213,4.271999033325973,3.818449767333877,5.0,62.28474987027255,86.83335770722084,95.69897816005567,CALCULABLE,継続標本のみを用い母集団推計を行うため、本系列に比べサンプルサイズが小さくなる。,営業利益及び経常利益については、標準誤差率の算出は行っていない。,継続標本PDFは利益水準とその符号を公表しないため、売上高と営業利益の増加率から得る利益率方向は代理指標である。
20261,INDUSTRY,major,ALL_COMPONENTS,営業利益外差額の四項目,107,建設業,813.5400000000001,5.212787906670374,4.593621419508859,4.105926172667535,4.0,62.28474987027255,86.83335770722084,95.69897816005567,CALCULABLE,継続標本のみを用い母集団推計を行うため、本系列に比べサンプルサイズが小さくなる。,営業利益及び経常利益については、標準誤差率の算出は行っていない。,継続標本PDFは利益水準とその符号を公表しないため、売上高と営業利益の増加率から得る利益率方向は代理指標である。
20261,INDUSTRY,major,ALL_COMPONENTS,営業利益外差額の四項目,108,製造業,11030.759999999998,70.68000630501669,62.28474987027255,55.67210731914118,1.0,62.28474987027255,86.83335770722084,95.69897816005567,CALCULABLE,継続標本のみを用い母集団推計を行うため、本系列に比べサンプルサイズが小さくなる。,営業利益及び経常利益については、標準誤差率の算出は行っていない。,継続標本PDFは利益水準とその符号を公表しないため、売上高と営業利益の増加率から得る利益率方向は代理指標である。
20261,INDUSTRY,major,ALL_COMPONENTS,営業利益外差額の四項目,129,卸売業・小売業(集約),3132.3700000000003,20.070777657173686,17.68680326207312,15.809032088746228,2.0,62.28474987027255,86.83335770722084,95.69897816005567,CALCULABLE,継続標本のみを用い母集団推計を行うため、本系列に比べサンプルサイズが小さくなる。,営業利益及び経常利益については、標準誤差率の算出は行っていない。,継続標本PDFは利益水準とその符号を公表しないため、売上高と営業利益の増加率から得る利益率方向は代理指標である。
20261,INDUSTRY,major,ALL_COMPONENTS,営業利益外差額の四項目,134,運輸業、郵便業(集約),12.370000000000118,0.07926123657781195,0.0698467155386645,0.06243123479595089,9.0,62.28474987027255,86.83335770722084,95.69897816005567,CALCULABLE,継続標本のみを用い母集団推計を行うため、本系列に比べサンプルサイズが小さくなる。,営業利益及び経常利益については、標準誤差率の算出は行っていない。,継続標本PDFは利益水準とその符号を公表しないため、売上高と営業利益の増加率から得る利益率方向は代理指標である。
20261,INDUSTRY,major,ALL_COMPONENTS,営業利益外差額の四項目,135,電気業,-466.84000000000003,-2.9912947198048006,0.0,2.3561356226468417,10.0,62.28474987027255,86.83335770722084,95.69897816005567,CALCULABLE,継続標本のみを用い母集団推計を行うため、本系列に比べサンプルサイズが小さくなる。,営業利益及び経常利益については、標準誤差率の算出は行っていない。,継続標本PDFは利益水準とその符号を公表しないため、売上高と営業利益の増加率から得る利益率方向は代理指標である。
20261,INDUSTRY,major,ALL_COMPONENTS,営業利益外差額の四項目,136,ガス・熱供給・水道業,18.07000000000005,0.11578419926928474,0.10203153999867899,0.09119906327912893,8.0,62.28474987027255,86.83335770722084,95.69897816005567,CALCULABLE,継続標本のみを用い母集団推計を行うため、本系列に比べサンプルサイズが小さくなる。,営業利益及び経常利益については、標準誤差率の算出は行っていない。,継続標本PDFは利益水準とその符号を公表しないため、売上高と営業利益の増加率から得る利益率方向は代理指標である。
20261,INDUSTRY,major,ALL_COMPONENTS,営業利益外差額の四項目,137,サービス業(集約),1215.2400000000007,7.786695645822096,6.861804574875174,6.133301032613636,3.0,62.28474987027255,86.83335770722084,95.69897816005567,CALCULABLE,継続標本のみを用い母集団推計を行うため、本系列に比べサンプルサイズが小さくなる。,営業利益及び経常利益については、標準誤差率の算出は行っていない。,継続標本PDFは利益水準とその符号を公表しないため、売上高と営業利益の増加率から得る利益率方向は代理指標である。
20261,INDUSTRY,major,ALL_COMPONENTS,営業利益外差額の四項目,142,情報通信業,-1636.750000000001,-10.487536699169972,0.0,8.260656714007412,11.0,62.28474987027255,86.83335770722084,95.69897816005567,CALCULABLE,継続標本のみを用い母集団推計を行うため、本系列に比べサンプルサイズが小さくなる。,営業利益及び経常利益については、標準誤差率の算出は行っていない。,継続標本PDFは利益水準とその符号を公表しないため、売上高と営業利益の増加率から得る利益率方向は代理指標である。
20261,INDUSTRY,major,ALL_COMPONENTS,営業利益外差額の四項目,155,不動産業、物品賃貸業(集約),638.8100000000004,4.0931989117438645,3.6070153882986156,3.2240660549717886,6.0,62.28474987027255,86.83335770722084,95.69897816005567,CALCULABLE,継続標本のみを用い母集団推計を行うため、本系列に比べサンプルサイズが小さくなる。,営業利益及び経常利益については、標準誤差率の算出は行っていない。,継続標本PDFは利益水準とその符号を公表しないため、売上高と営業利益の増加率から得る利益率方向は代理指標である。
20261,INDUSTRY,leaf,ALL_COMPONENTS,営業利益外差額の四項目,101,農業、林業,100.69000000000001,0.6451749321762176,0.42049250534437665,0.31188012701936885,22.0,16.92046974554545,41.683130979928364,63.57166810116043,CALCULABLE,継続標本のみを用い母集団推計を行うため、本系列に比べサンプルサイズが小さくなる。,営業利益及び経常利益については、標準誤差率の算出は行っていない。,継続標本PDFは利益水準とその符号を公表しないため、売上高と営業利益の増加率から得る利益率方向は代理指標である。
20261,INDUSTRY,leaf,ALL_COMPONENTS,営業利益外差額の四項目,103,漁業,-8.220000000000006,-0.05266995672349302,0.0,0.025460866462401567,30.0,16.92046974554545,41.683130979928364,63.57166810116043,CALCULABLE,継続標本のみを用い母集団推計を行うため、本系列に比べサンプルサイズが小さくなる。,営業利益及び経常利益については、標準誤差率の算出は行っていない。,継続標本PDFは利益水準とその符号を公表しないため、売上高と営業利益の増加率から得る利益率方向は代理指標である。
20261,INDUSTRY,leaf,ALL_COMPONENTS,営業利益外差額の四項目,106,鉱業、採石業、砂利採取業,756.5799999999999,4.847814581248213,3.1595612244855347,2.3434528404043506,11.0,16.92046974554545,41.683130979928364,63.57166810116043,CALCULABLE,継続標本のみを用い母集団推計を行うため、本系列に比べサンプルサイズが小さくなる。,営業利益及び経常利益については、標準誤差率の算出は行っていない。,継続標本PDFは利益水準とその符号を公表しないため、売上高と営業利益の増加率から得る利益率方向は代理指標である。
20261,INDUSTRY,leaf,ALL_COMPONENTS,営業利益外差額の四項目,107,建設業,813.5400000000001,5.212787906670375,3.397432444114254,2.5198823968153476,8.0,16.92046974554545,41.683130979928364,63.57166810116043,CALCULABLE,継続標本のみを用い母集団推計を行うため、本系列に比べサンプルサイズが小さくなる。,営業利益及び経常利益については、標準誤差率の算出は行っていない。,継続標本PDFは利益水準とその符号を公表しないため、売上高と営業利益の増加率から得る利益率方向は代理指標である。
20261,INDUSTRY,leaf,ALL_COMPONENTS,営業利益外差額の四項目,109,食料品製造業,-397.85000000000014,-2.5492387204916893,0.0,1.2323121316382553,40.0,16.92046974554545,41.683130979928364,63.57166810116043,CALCULABLE,継続標本のみを用い母集団推計を行うため、本系列に比べサンプルサイズが小さくなる。,営業利益及び経常利益については、標準誤差率の算出は行っていない。,継続標本PDFは利益水準とその符号を公表しないため、売上高と営業利益の増加率から得る利益率方向は代理指標である。
20261,INDUSTRY,leaf,ALL_COMPONENTS,営業利益外差額の四項目,110,繊維工業,328.98,2.107951625656292,1.373856633312077,1.0189921957178665,16.0,16.92046974554545,41.683130979928364,63.57166810116043,CALCULABLE,継続標本のみを用い母集団推計を行うため、本系列に比べサンプルサイズが小さくなる。,営業利益及び経常利益については、標準誤差率の算出は行っていない。,継続標本PDFは利益水準とその符号を公表しないため、売上高と営業利益の増加率から得る利益率方向は代理指標である。
20261,INDUSTRY,leaf,ALL_COMPONENTS,営業利益外差額の四項目,112,木材・木製品製造業,142.85,0.9153167053468334,0.5965572985246221,0.4424677340820026,20.0,16.92046974554545,41.683130979928364,63.57166810116043,CALCULABLE,継続標本のみを用い母集団推計を行うため、本系列に比べサンプルサイズが小さくなる。,営業利益及び経常利益については、標準誤差率の算出は行っていない。,継続標本PDFは利益水準とその符号を公表しないため、売上高と営業利益の増加率から得る利益率方向は代理指標である。
20261,INDUSTRY,leaf,ALL_COMPONENTS,営業利益外差額の四項目,113,パルプ・紙・紙加工品製造業,78.90000000000005,0.5055546940977613,0.32949507072868545,0.2443871488909347,25.0,16.92046974554545,41.683130979928364,63.57166810116043,CALCULABLE,継続標本のみを用い母集団推計を行うため、本系列に比べサンプルサイズが小さくなる。,営業利益及び経常利益については、標準誤差率の算出は行っていない。,継続標本PDFは利益水準とその符号を公表しないため、売上高と営業利益の増加率から得る利益率方向は代理指標である。
20261,INDUSTRY,leaf,ALL_COMPONENTS,営業利益外差額の四項目,114,印刷・同関連業,118.92999999999995,0.7620484127889315,0.4966647498322246,0.3683772321622159,21.0,16.92046974554545,41.683130979928364,63.57166810116043,CALCULABLE,継続標本のみを用い母集団推計を行うため、本系列に比べサンプルサイズが小さくなる。,営業利益及び経常利益については、標準誤差率の算出は行っていない。,継続標本PDFは利益水準とその符号を公表しないため、売上高と営業利益の増加率から得る利益率方向は代理指標である。
20261,INDUSTRY,leaf,ALL_COMPONENTS,営業利益外差額の四項目,115,化学工業,2814.71,18.035359353915197,11.754538283025825,8.718364408806115,4.0,16.92046974554545,41.683130979928364,63.57166810116043,CALCULABLE,継続標本のみを用い母集団推計を行うため、本系列に比べサンプルサイズが小さくなる。,営業利益及び経常利益については、標準誤差率の算出は行っていない。,継続標本PDFは利益水準とその符号を公表しないため、売上高と営業利益の増加率から得る利益率方向は代理指標である。
20261,INDUSTRY,leaf,ALL_COMPONENTS,営業利益外差額の四項目,116,石油製品・石炭製品製造業,-29.409999999999997,-0.18844567241337326,0.0,0.0910953871848211,33.0,16.92046974554545,41.683130979928364,63.57166810116043,CALCULABLE,継続標本のみを用い母集団推計を行うため、本系列に比べサンプルサイズが小さくなる。,営業利益及び経常利益については、標準誤差率の算出は行っていない。,継続標本PDFは利益水準とその符号を公表しないため、売上高と営業利益の増加率から得る利益率方向は代理指標である。
20261,INDUSTRY,leaf,ALL_COMPONENTS,営業利益外差額の四項目,117,窯業・土石製品製造業,401.37,2.571793251838002,1.6761652286232245,1.2432150817535415,13.0,16.92046974554545,41.683130979928364,63.57166810116043,CALCULABLE,継続標本のみを用い母集団推計を行うため、本系列に比べサンプルサイズが小さくなる。,営業利益及び経常利益については、標準誤差率の算出は行っていない。,継続標本PDFは利益水準とその符号を公表しないため、売上高と営業利益の増加率から得る利益率方向は代理指標である。
20261,INDUSTRY,leaf,ALL_COMPONENTS,営業利益外差額の四項目,118,鉄鋼業,398.98000000000013,2.5564792376568413,1.6661843259737754,1.2358122264195832,14.0,16.92046974554545,41.683130979928364,63.57166810116043,CALCULABLE,継続標本のみを用い母集団推計を行うため、本系列に比べサンプルサイズが小さくなる。,営業利益及び経常利益については、標準誤差率の算出は行っていない。,継続標本PDFは利益水準とその符号を公表しないため、売上高と営業利益の増加率から得る利益率方向は代理指標である。
20261,INDUSTRY,leaf,ALL_COMPONENTS,営業利益外差額の四項目,119,非鉄金属製造業,775.5600000000001,4.969429639473506,3.238823790295807,2.4022420430146165,10.0,16.92046974554545,41.683130979928364,63.57166810116043,CALCULABLE,継続標本のみを用い母集団推計を行うため、本系列に比べサンプルサイズが小さくなる。,営業利益及び経常利益については、標準誤差率の算出は行っていない。,継続標本PDFは利益水準とその符号を公表しないため、売上高と営業利益の増加率から得る利益率方向は代理指標である。
20261,INDUSTRY,leaf,ALL_COMPONENTS,営業利益外差額の四項目,120,金属製品製造業,-13.299999999999898,-0.08522024628010355,0.0,0.04119580583332579,32.0,16.92046974554545,41.683130979928364,63.57166810116043,CALCULABLE,継続標本のみを用い母集団推計を行うため、本系列に比べサンプルサイズが小さくなる。,営業利益及び経常利益については、標準誤差率の算出は行っていない。,継続標本PDFは利益水準とその符号を公表しないため、売上高と営業利益の増加率から得る利益率方向は代理指標である。
20261,INDUSTRY,leaf,ALL_COMPONENTS,営業利益外差額の四項目,121,生産用機械器具製造業,-79.70999999999981,-0.5107447993223376,0.0,0.24689606638905384,35.0,16.92046974554545,41.683130979928364,63.57166810116043,CALCULABLE,継続標本のみを用い母集団推計を行うため、本系列に比べサンプルサイズが小さくなる。,営業利益及び経常利益については、標準誤差率の算出は行っていない。,継続標本PDFは利益水準とその符号を公表しないため、売上高と営業利益の増加率から得る利益率方向は代理指標である。
20261,INDUSTRY,leaf,ALL_COMPONENTS,営業利益外差額の四項目,122,電気機械器具製造業,1194.8799999999999,7.656238186103076,4.98995019153728,3.701055975498097,6.0,16.92046974554545,41.683130979928364,63.57166810116043,CALCULABLE,継続標本のみを用い母集団推計を行うため、本系列に比べサンプルサイズが小さくなる。,営業利益及び経常利益については、標準誤差率の算出は行っていない。,継続標本PDFは利益水準とその符号を公表しないため、売上高と営業利益の増加率から得る利益率方向は代理指標である。
20261,INDUSTRY,leaf,ALL_COMPONENTS,営業利益外差額の四項目,123,自動車・同附属品製造業,2426.660000000001,15.548914499103592,10.133998838206232,7.516407081466103,5.0,16.92046974554545,41.683130979928364,63.57166810116043,CALCULABLE,継続標本のみを用い母集団推計を行うため、本系列に比べサンプルサイズが小さくなる。,営業利益及び経常利益については、標準誤差率の算出は行っていない。,継続標本PDFは利益水準とその符号を公表しないため、売上高と営業利益の増加率から得る利益率方向は代理指標である。
20261,INDUSTRY,leaf,ALL_COMPONENTS,営業利益外差額の四項目,124,業務用機械器具製造業,-1085.3999999999999,-6.954741000934218,0.0,3.3619494474806126,43.0,16.92046974554545,41.683130979928364,63.57166810116043,CALCULABLE,継続標本のみを用い母集団推計を行うため、本系列に比べサンプルサイズが小さくなる。,営業利益及び経常利益については、標準誤差率の算出は行っていない。,継続標本PDFは利益水準とその符号を公表しないため、売上高と営業利益の増加率から得る利益率方向は代理指標である。
20261,INDUSTRY,leaf,ALL_COMPONENTS,営業利益外差額の四項目,125,その他の輸送用機械器具製造業,353.89000000000004,2.2675633801553445,1.47788353080069,1.0961491523575773,15.0,16.92046974554545,41.683130979928364,63.57166810116043,CALCULABLE,継続標本のみを用い母集団推計を行うため、本系列に比べサンプルサイズが小さくなる。,営業利益及び経常利益については、標準誤差率の算出は行っていない。,継続標本PDFは利益水準とその符号を公表しないため、売上高と営業利益の増加率から得る利益率方向は代理指標である。
20261,INDUSTRY,leaf,ALL_COMPONENTS,営業利益外差額の四項目,126,その他の製造業,-535.2200000000001,-3.4294421213561943,0.0,1.6578059547453234,42.0,16.92046974554545,41.683130979928364,63.57166810116043,CALCULABLE,継続標本のみを用い母集団推計を行うため、本系列に比べサンプルサイズが小さくなる。,営業利益及び経常利益については、標準誤差率の算出は行っていない。,継続標本PDFは利益水準とその符号を公表しないため、売上高と営業利益の増加率から得る利益率方向は代理指標である。
20261,INDUSTRY,leaf,ALL_COMPONENTS,営業利益外差額の四項目,127,卸売業,2972.7200000000003,19.04781432494672,12.414405407561183,9.20778916668009,2.0,16.92046974554545,41.683130979928364,63.57166810116043,CALCULABLE,継続標本のみを用い母集団推計を行うため、本系列に比べサンプルサイズが小さくなる。,営業利益及び経常利益については、標準誤差率の算出は行っていない。,継続標本PDFは利益水準とその符号を公表しないため、売上高と営業利益の増加率から得る利益率方向は代理指標である。
20261,INDUSTRY,leaf,ALL_COMPONENTS,営業利益外差額の四項目,128,小売業,159.64999999999998,1.0229633322269651,0.6667159447634295,0.4945045414504144,18.0,16.92046974554545,41.683130979928364,63.57166810116043,CALCULABLE,継続標本のみを用い母集団推計を行うため、本系列に比べサンプルサイズが小さくなる。,営業利益及び経常利益については、標準誤差率の算出は行っていない。,継続標本PDFは利益水準とその符号を公表しないため、売上高と営業利益の増加率から得る利益率方向は代理指標である。
20261,INDUSTRY,leaf,ALL_COMPONENTS,営業利益外差額の四項目,130,不動産業,32.650000000000546,0.20920609331168788,0.13634998807720852,0.10113105717730224,28.0,16.92046974554545,41.683130979928364,63.57166810116043,CALCULABLE,継続標本のみを用い母集団推計を行うため、本系列に比べサンプルサイズが小さくなる。,営業利益及び経常利益については、標準誤差率の算出は行っていない。,継続標本PDFは利益水準とその符号を公表しないため、売上高と営業利益の増加率から得る利益率方向は代理指標である。
20261,INDUSTRY,leaf,ALL_COMPONENTS,営業利益外差額の四項目,131,陸運業,-11.919999999999874,-0.0763778447863783,0.0,0.03692135379949188,31.0,16.92046974554545,41.683130979928364,63.57166810116043,CALCULABLE,継続標本のみを用い母集団推計を行うため、本系列に比べサンプルサイズが小さくなる。,営業利益及び経常利益については、標準誤差率の算出は行っていない。,継続標本PDFは利益水準とその符号を公表しないため、売上高と営業利益の増加率から得る利益率方向は代理指標である。
20261,INDUSTRY,leaf,ALL_COMPONENTS,営業利益外差額の四項目,132,水運業,-248.75,-1.5938749069305207,0.0,0.7704854662435991,39.0,16.92046974554545,41.683130979928364,63.57166810116043,CALCULABLE,継続標本のみを用い母集団推計を行うため、本系列に比べサンプルサイズが小さくなる。,営業利益及び経常利益については、標準誤差率の算出は行っていない。,継続標本PDFは利益水準とその符号を公表しないため、売上高と営業利益の増加率から得る利益率方向は代理指標である。
20261,INDUSTRY,leaf,ALL_COMPONENTS,営業利益外差額の四項目,133,その他の運輸業,273.04,1.7495139882947108,1.1402450457764288,0.8457220168970948,17.0,16.92046974554545,41.683130979928364,63.57166810116043,CALCULABLE,継続標本のみを用い母集団推計を行うため、本系列に比べサンプルサイズが小さくなる。,営業利益及び経常利益については、標準誤差率の算出は行っていない。,継続標本PDFは利益水準とその符号を公表しないため、売上高と営業利益の増加率から得る利益率方向は代理指標である。
20261,INDUSTRY,leaf,ALL_COMPONENTS,営業利益外差額の四項目,135,電気業,-466.84000000000003,-2.9912947198048006,0.0,1.4460037590398467,41.0,16.92046974554545,41.683130979928364,63.57166810116043,CALCULABLE,継続標本のみを用い母集団推計を行うため、本系列に比べサンプルサイズが小さくなる。,営業利益及び経常利益については、標準誤差率の算出は行っていない。,継続標本PDFは利益水準とその符号を公表しないため、売上高と営業利益の増加率から得る利益率方向は代理指標である。
20261,INDUSTRY,leaf,ALL_COMPONENTS,営業利益外差額の四項目,136,ガス・熱供給・水道業,18.07000000000005,0.11578419926928475,0.07546230580566995,0.05597054221114321,29.0,16.92046974554545,41.683130979928364,63.57166810116043,CALCULABLE,継続標本のみを用い母集団推計を行うため、本系列に比べサンプルサイズが小さくなる。,営業利益及び経常利益については、標準誤差率の算出は行っていない。,継続標本PDFは利益水準とその符号を公表しないため、売上高と営業利益の増加率から得る利益率方向は代理指標である。
20261,INDUSTRY,leaf,ALL_COMPONENTS,営業利益外差額の四項目,138,広告業,-126.95000000000002,-0.8134368620495663,0.0,0.3932186128226127,37.0,16.92046974554545,41.683130979928364,63.57166810116043,CALCULABLE,継続標本のみを用い母集団推計を行うため、本系列に比べサンプルサイズが小さくなる。,営業利益及び経常利益については、標準誤差率の算出は行っていない。,継続標本PDFは利益水準とその符号を公表しないため、売上高と営業利益の増加率から得る利益率方向は代理指標である。
20261,INDUSTRY,leaf,ALL_COMPONENTS,営業利益外差額の四項目,139,宿泊業,84.66000000000003,0.5424621090280921,0.3535494637248479,0.2622283399886759,23.0,16.92046974554545,41.683130979928364,63.57166810116043,CALCULABLE,継続標本のみを用い母集団推計を行うため、本系列に比べサンプルサイズが小さくなる。,営業利益及び経常利益については、標準誤差率の算出は行っていない。,継続標本PDFは利益水準とその符号を公表しないため、売上高と営業利益の増加率から得る利益率方向は代理指標である。
20261,INDUSTRY,leaf,ALL_COMPONENTS,営業利益外差額の四項目,140,生活関連サービス業,41.309999999999974,0.26469536645346636,0.17251509976935334,0.1279547924041128,27.0,16.92046974554545,41.683130979928364,63.57166810116043,CALCULABLE,継続標本のみを用い母集団推計を行うため、本系列に比べサンプルサイズが小さくなる。,営業利益及び経常利益については、標準誤差率の算出は行っていない。,継続標本PDFは利益水準とその符号を公表しないため、売上高と営業利益の増加率から得る利益率方向は代理指標である。
20261,INDUSTRY,leaf,ALL_COMPONENTS,営業利益外差額の四項目,141,娯楽業,-201.15,-1.2888761307701475,0.0,0.6230478453664321,38.0,16.92046974554545,41.683130979928364,63.57166810116043,CALCULABLE,継続標本のみを用い母集団推計を行うため、本系列に比べサンプルサイズが小さくなる。,営業利益及び経常利益については、標準誤差率の算出は行っていない。,継続標本PDFは利益水準とその符号を公表しないため、売上高と営業利益の増加率から得る利益率方向は代理指標である。
20261,INDUSTRY,leaf,ALL_COMPONENTS,営業利益外差額の四項目,142,情報通信業,-1636.750000000001,-10.487536699169974,0.0,5.069716932157635,44.0,16.92046974554545,41.683130979928364,63.57166810116043,CALCULABLE,継続標本のみを用い母集団推計を行うため、本系列に比べサンプルサイズが小さくなる。,営業利益及び経常利益については、標準誤差率の算出は行っていない。,継続標本PDFは利益水準とその符号を公表しないため、売上高と営業利益の増加率から得る利益率方向は代理指標である。
20261,INDUSTRY,leaf,ALL_COMPONENTS,営業利益外差額の四項目,143,その他のサービス業,1031.65,6.610335870290942,4.308283773349153,3.1954626381917954,7.0,16.92046974554545,41.683130979928364,63.57166810116043,CALCULABLE,継続標本のみを用い母集団推計を行うため、本系列に比べサンプルサイズが小さくなる。,営業利益及び経常利益については、標準誤差率の算出は行っていない。,継続標本PDFは利益水準とその符号を公表しないため、売上高と営業利益の増加率から得る利益率方向は代理指標である。
20261,INDUSTRY,leaf,ALL_COMPONENTS,営業利益外差額の四項目,145,情報通信機械器具製造業,4051.73,25.961611162442605,16.92046974554545,12.549946042786644,1.0,16.92046974554545,41.683130979928364,63.57166810116043,CALCULABLE,継続標本のみを用い母集団推計を行うため、本系列に比べサンプルサイズが小さくなる。,営業利益及び経常利益については、標準誤差率の算出は行っていない。,継続標本PDFは利益水準とその符号を公表しないため、売上高と営業利益の増加率から得る利益率方向は代理指標である。
20261,INDUSTRY,leaf,ALL_COMPONENTS,営業利益外差額の四項目,148,飲食サービス業,2956.8799999999997,18.94631893388831,12.348255826821733,9.1587258911613,3.0,16.92046974554545,41.683130979928364,63.57166810116043,CALCULABLE,継続標本のみを用い母集団推計を行うため、本系列に比べサンプルサイズが小さくなる。,営業利益及び経常利益については、標準誤差率の算出は行っていない。,継続標本PDFは利益水準とその符号を公表しないため、売上高と営業利益の増加率から得る利益率方向は代理指標である。
20261,INDUSTRY,leaf,ALL_COMPONENTS,営業利益外差額の四項目,150,リース業,531.9599999999999,3.4085535497115957,2.2215234198330975,1.647708336172643,12.0,16.92046974554545,41.683130979928364,63.57166810116043,CALCULABLE,継続標本のみを用い母集団推計を行うため、本系列に比べサンプルサイズが小さくなる。,営業利益及び経常利益については、標準誤差率の算出は行っていない。,継続標本PDFは利益水準とその符号を公表しないため、売上高と営業利益の増加率から得る利益率方向は代理指標である。
20261,INDUSTRY,leaf,ALL_COMPONENTS,営業利益外差額の四項目,151,その他の物品賃貸業,74.19999999999999,0.4754392687205813,0.30986735422139977,0.2298292325438193,26.0,16.92046974554545,41.683130979928364,63.57166810116043,CALCULABLE,継続標本のみを用い母集団推計を行うため、本系列に比べサンプルサイズが小さくなる。,営業利益及び経常利益については、標準誤差率の算出は行っていない。,継続標本PDFは利益水準とその符号を公表しないため、売上高と営業利益の増加率から得る利益率方向は代理指標である。
20261,INDUSTRY,leaf,ALL_COMPONENTS,営業利益外差額の四項目,152,医療、福祉業,-64.89000000000004,-0.4157850963245087,0.0,0.20099216846049117,34.0,16.92046974554545,41.683130979928364,63.57166810116043,CALCULABLE,継続標本のみを用い母集団推計を行うため、本系列に比べサンプルサイズが小さくなる。,営業利益及び経常利益については、標準誤差率の算出は行っていない。,継続標本PDFは利益水準とその符号を公表しないため、売上高と営業利益の増加率から得る利益率方向は代理指標である。
20261,INDUSTRY,leaf,ALL_COMPONENTS,営業利益外差額の四項目,153,教育、学習支援業,-94.78,-0.6073063866487426,0.0,0.2935743215701239,36.0,16.92046974554545,41.683130979928364,63.57166810116043,CALCULABLE,継続標本のみを用い母集団推計を行うため、本系列に比べサンプルサイズが小さくなる。,営業利益及び経常利益については、標準誤差率の算出は行っていない。,継続標本PDFは利益水準とその符号を公表しないため、売上高と営業利益の増加率から得る利益率方向は代理指標である。
20261,INDUSTRY,leaf,ALL_COMPONENTS,営業利益外差額の四項目,154,はん用機械器具製造業,84.21000000000006,0.5395787172366602,0.3516702142720229,0.260834496934165,24.0,16.92046974554545,41.683130979928364,63.57166810116043,CALCULABLE,継続標本のみを用い母集団推計を行うため、本系列に比べサンプルサイズが小さくなる。,営業利益及び経常利益については、標準誤差率の算出は行っていない。,継続標本PDFは利益水準とその符号を公表しないため、売上高と営業利益の増加率から得る利益率方向は代理指標である。
20261,INDUSTRY,leaf,ALL_COMPONENTS,営業利益外差額の四項目,158,純粋持株会社,-3337.97,-21.388167328992438,0.0,10.339125112591544,45.0,16.92046974554545,41.683130979928364,63.57166810116043,CALCULABLE,継続標本のみを用い母集団推計を行うため、本系列に比べサンプルサイズが小さくなる。,営業利益及び経常利益については、標準誤差率の算出は行っていない。,継続標本PDFは利益水準とその符号を公表しないため、売上高と営業利益の増加率から得る利益率方向は代理指標である。
20261,INDUSTRY,leaf,ALL_COMPONENTS,営業利益外差額の四項目,159,その他の学術研究、専門・技術サービス業,780.04,4.9981354066415395,3.257532762626155,2.416118524979526,9.0,16.92046974554545,41.683130979928364,63.57166810116043,CALCULABLE,継続標本のみを用い母集団推計を行うため、本系列に比べサンプルサイズが小さくなる。,営業利益及び経常利益については、標準誤差率の算出は行っていない。,継続標本PDFは利益水準とその符号を公表しないため、売上高と営業利益の増加率から得る利益率方向は代理指標である。
20261,INDUSTRY,leaf,ALL_COMPONENTS,営業利益外差額の四項目,160,職業紹介・労働者派遣業,146.44,0.9383197643051474,0.6115495330482721,0.4535875042279906,19.0,16.92046974554545,41.683130979928364,63.57166810116043,CALCULABLE,継続標本のみを用い母集団推計を行うため、本系列に比べサンプルサイズが小さくなる。,営業利益及び経常利益については、標準誤差率の算出は行っていない。,継続標本PDFは利益水準とその符号を公表しないため、売上高と営業利益の増加率から得る利益率方向は代理指標である。
20261,CAPITAL,three_disjoint_capital_buckets,interest_and_dividend_income,受取利息等,19,1千万円以上 - 1億円未満,1508.2800000000002,992.0284135753456,66.28607591598879,34.28859820222884,1.0,66.28607591598879,100.0,100.0,CALCULABLE,継続標本のみを用い母集団推計を行うため、本系列に比べサンプルサイズが小さくなる。,営業利益及び経常利益については、標準誤差率の算出は行っていない。,継続標本PDFは利益水準とその符号を公表しないため、売上高と営業利益の増加率から得る利益率方向は代理指標である。
20261,CAPITAL,three_disjoint_capital_buckets,interest_and_dividend_income,受取利息等,24,1億円以上 - 10億円未満,767.1299999999997,504.55801104970857,33.71392408401122,17.439608255016175,2.0,66.28607591598879,100.0,100.0,CALCULABLE,継続標本のみを用い母集団推計を行うため、本系列に比べサンプルサイズが小さくなる。,営業利益及び経常利益については、標準誤差率の算出は行っていない。,継続標本PDFは利益水準とその符号を公表しないため、売上高と営業利益の増加率から得る利益率方向は代理指標である。
20261,CAPITAL,three_disjoint_capital_buckets,interest_and_dividend_income,受取利息等,25,10億円以上,-2123.3699999999953,-1396.5864246250542,0.0,48.271793542754985,3.0,66.28607591598879,100.0,100.0,CALCULABLE,継続標本のみを用い母集団推計を行うため、本系列に比べサンプルサイズが小さくなる。,営業利益及び経常利益については、標準誤差率の算出は行っていない。,継続標本PDFは利益水準とその符号を公表しないため、売上高と営業利益の増加率から得る利益率方向は代理指標である。
20261,INDUSTRY,major,interest_and_dividend_income,受取利息等,105,農林水産業(集約),-1.3899999999999988,-0.9142330965535338,0.0,0.02430316360749865,9.0,44.711536823890484,77.5221154533966,94.87180360591745,CALCULABLE,継続標本のみを用い母集団推計を行うため、本系列に比べサンプルサイズが小さくなる。,営業利益及び経常利益については、標準誤差率の算出は行っていない。,継続標本PDFは利益水準とその符号を公表しないため、売上高と営業利益の増加率から得る利益率方向は代理指標である。
20261,INDUSTRY,major,interest_and_dividend_income,受取利息等,106,鉱業、採石業、砂利採取業,163.42,107.484872401999,5.566588208043656,2.857282731465779,5.0,44.711536823890484,77.5221154533966,94.87180360591745,CALCULABLE,継続標本のみを用い母集団推計を行うため、本系列に比べサンプルサイズが小さくなる。,営業利益及び経常利益については、標準誤差率の算出は行っていない。,継続標本PDFは利益水準とその符号を公表しないため、売上高と営業利益の増加率から得る利益率方向は代理指標である。
20261,INDUSTRY,major,interest_and_dividend_income,受取利息等,107,建設業,548.8999999999999,361.0234148908166,18.69722351851158,9.597126981407207,2.0,44.711536823890484,77.5221154533966,94.87180360591745,CALCULABLE,継続標本のみを用い母集団推計を行うため、本系列に比べサンプルサイズが小さくなる。,営業利益及び経常利益については、標準誤差率の算出は行っていない。,継続標本PDFは利益水準とその符号を公表しないため、売上高と営業利益の増加率から得る利益率方向は代理指標である。
20261,INDUSTRY,major,interest_and_dividend_income,受取利息等,108,製造業,-2770.0999999999985,-1821.9547487503203,0.0,48.43323274038276,11.0,44.711536823890484,77.5221154533966,94.87180360591745,CALCULABLE,継続標本のみを用い母集団推計を行うため、本系列に比べサンプルサイズが小さくなる。,営業利益及び経常利益については、標準誤差率の算出は行っていない。,継続標本PDFは利益水準とその符号を公表しないため、売上高と営業利益の増加率から得る利益率方向は代理指標である。
20261,INDUSTRY,major,interest_and_dividend_income,受取利息等,129,卸売業・小売業(集約),36.60999999999967,24.079189686924177,1.2470492858675588,0.6400998702665601,8.0,44.711536823890484,77.5221154533966,94.87180360591745,CALCULABLE,継続標本のみを用い母集団推計を行うため、本系列に比べサンプルサイズが小さくなる。,営業利益及び経常利益については、標準誤差率の算出は行っていない。,継続標本PDFは利益水準とその符号を公表しないため、売上高と営業利益の増加率から得る利益率方向は代理指標である。
20261,INDUSTRY,major,interest_and_dividend_income,受取利息等,134,運輸業、郵便業(集約),70.02999999999997,46.060247303341015,2.3854373528900816,1.22442485426844,6.0,44.711536823890484,77.5221154533966,94.87180360591745,CALCULABLE,継続標本のみを用い母集団推計を行うため、本系列に比べサンプルサイズが小さくなる。,営業利益及び経常利益については、標準誤差率の算出は行っていない。,継続標本PDFは利益水準とその符号を公表しないため、売上高と営業利益の増加率から得る利益率方向は代理指標である。
20261,INDUSTRY,major,interest_and_dividend_income,受取利息等,135,電気業,43.90999999999997,28.880557747960918,1.49570975532491,0.7677351899318461,7.0,44.711536823890484,77.5221154533966,94.87180360591745,CALCULABLE,継続標本のみを用い母集団推計を行うため、本系列に比べサンプルサイズが小さくなる。,営業利益及び経常利益については、標準誤差率の算出は行っていない。,継続標本PDFは利益水準とその符号を公表しないため、売上高と営業利益の増加率から得る利益率方向は代理指標である。
20261,INDUSTRY,major,interest_and_dividend_income,受取利息等,136,ガス・熱供給・水道業,-12.200000000000003,-8.02420415680081,0.0,0.21330834245430497,10.0,44.711536823890484,77.5221154533966,94.87180360591745,CALCULABLE,継続標本のみを用い母集団推計を行うため、本系列に比べサンプルサイズが小さくなる。,営業利益及び経常利益については、標準誤差率の算出は行っていない。,継続標本PDFは利益水準とその符号を公表しないため、売上高と営業利益の増加率から得る利益率方向は代理指標である。
20261,INDUSTRY,major,interest_and_dividend_income,受取利息等,137,サービス業(集約),1312.6099999999997,863.3320178900251,44.711536823890484,22.95005437614304,1.0,44.711536823890484,77.5221154533966,94.87180360591745,CALCULABLE,継続標本のみを用い母集団推計を行うため、本系列に比べサンプルサイズが小さくなる。,営業利益及び経常利益については、標準誤差率の算出は行っていない。,継続標本PDFは利益水準とその符号を公表しないため、売上高と営業利益の増加率から得る利益率方向は代理指標である。
20261,INDUSTRY,major,interest_and_dividend_income,受取利息等,142,情報通信業,414.3299999999999,272.5138121546949,14.11335511099454,7.244266026974764,3.0,44.711536823890484,77.5221154533966,94.87180360591745,CALCULABLE,継続標本のみを用い母集団推計を行うため、本系列に比べサンプルサイズが小さくなる。,営業利益及び経常利益については、標準誤差率の算出は行っていない。,継続標本PDFは利益水準とその符号を公表しないため、売上高と営業利益の増加率から得る利益率方向は代理指標である。
20261,INDUSTRY,major,interest_and_dividend_income,受取利息等,155,不動産業、物品賃貸業(集約),345.9200000000001,227.51907392791279,11.78309994447719,6.048165723097801,4.0,44.711536823890484,77.5221154533966,94.87180360591745,CALCULABLE,継続標本のみを用い母集団推計を行うため、本系列に比べサンプルサイズが小さくなる。,営業利益及び経常利益については、標準誤差率の算出は行っていない。,継続標本PDFは利益水準とその符号を公表しないため、売上高と営業利益の増加率から得る利益率方向は代理指標である。
20261,INDUSTRY,leaf,interest_and_dividend_income,受取利息等,101,農業、林業,-4.1,-2.696658774006835,0.0,0.022175227566512162,32.0,23.89521241726633,49.61402575164394,61.33637749622609,CALCULABLE,継続標本のみを用い母集団推計を行うため、本系列に比べサンプルサイズが小さくなる。,営業利益及び経常利益については、標準誤差率の算出は行っていない。,継続標本PDFは利益水準とその符号を公表しないため、売上高と営業利益の増加率から得る利益率方向は代理指標である。
20261,INDUSTRY,leaf,interest_and_dividend_income,受取利息等,103,漁業,2.71,1.7824256774532987,0.029075474997773743,0.014657284562255601,31.0,23.89521241726633,49.61402575164394,61.33637749622609,CALCULABLE,継続標本のみを用い母集団推計を行うため、本系列に比べサンプルサイズが小さくなる。,営業利益及び経常利益については、標準誤差率の算出は行っていない。,継続標本PDFは利益水準とその符号を公表しないため、売上高と営業利益の増加率から得る利益率方向は代理指標である。
20261,INDUSTRY,leaf,interest_and_dividend_income,受取利息等,106,鉱業、採石業、砂利採取業,163.42,107.48487240199927,1.7533262450687026,0.8838721192486384,12.0,23.89521241726633,49.61402575164394,61.33637749622609,CALCULABLE,継続標本のみを用い母集団推計を行うため、本系列に比べサンプルサイズが小さくなる。,営業利益及び経常利益については、標準誤差率の算出は行っていない。,継続標本PDFは利益水準とその符号を公表しないため、売上高と営業利益の増加率から得る利益率方向は代理指標である。
20261,INDUSTRY,leaf,interest_and_dividend_income,受取利息等,107,建設業,548.8999999999999,361.02341489081743,5.88912480674465,2.9687761978679323,4.0,23.89521241726633,49.61402575164394,61.33637749622609,CALCULABLE,継続標本のみを用い母集団推計を行うため、本系列に比べサンプルサイズが小さくなる。,営業利益及び経常利益については、標準誤差率の算出は行っていない。,継続標本PDFは利益水準とその符号を公表しないため、売上高と営業利益の増加率から得る利益率方向は代理指標である。
20261,INDUSTRY,leaf,interest_and_dividend_income,受取利息等,109,食料品製造業,-372.4499999999998,-244.96842936069402,0.0,2.0144301236945004,43.0,23.89521241726633,49.61402575164394,61.33637749622609,CALCULABLE,継続標本のみを用い母集団推計を行うため、本系列に比べサンプルサイズが小さくなる。,営業利益及び経常利益については、標準誤差率の算出は行っていない。,継続標本PDFは利益水準とその符号を公表しないため、売上高と営業利益の増加率から得る利益率方向は代理指標である。
20261,INDUSTRY,leaf,interest_and_dividend_income,受取利息等,110,繊維工業,197.62,129.97895290712947,2.1202565937490947,1.0688459687058862,11.0,23.89521241726633,49.61402575164394,61.33637749622609,CALCULABLE,継続標本のみを用い母集団推計を行うため、本系列に比べサンプルサイズが小さくなる。,営業利益及び経常利益については、標準誤差率の算出は行っていない。,継続標本PDFは利益水準とその符号を公表しないため、売上高と営業利益の増加率から得る利益率方向は代理指標である。
20261,INDUSTRY,leaf,interest_and_dividend_income,受取利息等,112,木材・木製品製造業,7.469999999999999,4.913180741910014,0.08014531300124347,0.04040218290776727,27.0,23.89521241726633,49.61402575164394,61.33637749622609,CALCULABLE,継続標本のみを用い母集団推計を行うため、本系列に比べサンプルサイズが小さくなる。,営業利益及び経常利益については、標準誤差率の算出は行っていない。,継続標本PDFは利益水準とその符号を公表しないため、売上高と営業利益の増加率から得る利益率方向は代理指標である。
20261,INDUSTRY,leaf,interest_and_dividend_income,受取利息等,113,パルプ・紙・紙加工品製造業,-109.94999999999996,-72.31649565903695,0.0,0.5946747002287833,40.0,23.89521241726633,49.61402575164394,61.33637749622609,CALCULABLE,継続標本のみを用い母集団推計を行うため、本系列に比べサンプルサイズが小さくなる。,営業利益及び経常利益については、標準誤差率の算出は行っていない。,継続標本PDFは利益水準とその符号を公表しないため、売上高と営業利益の増加率から得る利益率方向は代理指標である。
20261,INDUSTRY,leaf,interest_and_dividend_income,受取利息等,114,印刷・同関連業,5.079999999999998,3.3412259931596875,0.05450310442387105,0.0274756478141175,29.0,23.89521241726633,49.61402575164394,61.33637749622609,CALCULABLE,継続標本のみを用い母集団推計を行うため、本系列に比べサンプルサイズが小さくなる。,営業利益及び経常利益については、標準誤差率の算出は行っていない。,継続標本PDFは利益水準とその符号を公表しないため、売上高と営業利益の増加率から得る利益率方向は代理指標である。
20261,INDUSTRY,leaf,interest_and_dividend_income,受取利息等,115,化学工業,2227.17,1464.8579321231227,23.89521241726633,12.045854043733877,1.0,23.89521241726633,49.61402575164394,61.33637749622609,CALCULABLE,継続標本のみを用い母集団推計を行うため、本系列に比べサンプルサイズが小さくなる。,営業利益及び経常利益については、標準誤差率の算出は行っていない。,継続標本PDFは利益水準とその符号を公表しないため、売上高と営業利益の増加率から得る利益率方向は代理指標である。
20261,INDUSTRY,leaf,interest_and_dividend_income,受取利息等,116,石油製品・石炭製品製造業,7.140000000000001,4.696132596685075,0.07660475700520462,0.03861734751826752,28.0,23.89521241726633,49.61402575164394,61.33637749622609,CALCULABLE,継続標本のみを用い母集団推計を行うため、本系列に比べサンプルサイズが小さくなる。,営業利益及び経常利益については、標準誤差率の算出は行っていない。,継続標本PDFは利益水準とその符号を公表しないため、売上高と営業利益の増加率から得る利益率方向は代理指標である。
20261,INDUSTRY,leaf,interest_and_dividend_income,受取利息等,117,窯業・土石製品製造業,-4.259999999999991,-2.8018942383583156,0.0,0.023040602300815026,33.0,23.89521241726633,49.61402575164394,61.33637749622609,CALCULABLE,継続標本のみを用い母集団推計を行うため、本系列に比べサンプルサイズが小さくなる。,営業利益及び経常利益については、標準誤差率の算出は行っていない。,継続標本PDFは利益水準とその符号を公表しないため、売上高と営業利益の増加率から得る利益率方向は代理指標である。
20261,INDUSTRY,leaf,interest_and_dividend_income,受取利息等,118,鉄鋼業,543.69,357.59668508287234,5.833226937837494,2.940597433082195,5.0,23.89521241726633,49.61402575164394,61.33637749622609,CALCULABLE,継続標本のみを用い母集団推計を行うため、本系列に比べサンプルサイズが小さくなる。,営業利益及び経常利益については、標準誤差率の算出は行っていない。,継続標本PDFは利益水準とその符号を公表しないため、売上高と営業利益の増加率から得る利益率方向は代理指標である。
20261,INDUSTRY,leaf,interest_and_dividend_income,受取利息等,119,非鉄金属製造業,233.92000000000002,153.8542488818729,2.5097177533133705,1.26517786155086,10.0,23.89521241726633,49.61402575164394,61.33637749622609,CALCULABLE,継続標本のみを用い母集団推計を行うため、本系列に比べサンプルサイズが小さくなる。,営業利益及び経常利益については、標準誤差率の算出は行っていない。,継続標本PDFは利益水準とその符号を公表しないため、売上高と営業利益の増加率から得る利益率方向は代理指標である。
20261,INDUSTRY,leaf,interest_and_dividend_income,受取利息等,120,金属製品製造業,37.17999999999998,24.454091028676604,0.39890264222037897,0.20109145388363941,25.0,23.89521241726633,49.61402575164394,61.33637749622609,CALCULABLE,継続標本のみを用い母集団推計を行うため、本系列に比べサンプルサイズが小さくなる。,営業利益及び経常利益については、標準誤差率の算出は行っていない。,継続標本PDFは利益水準とその符号を公表しないため、売上高と営業利益の増加率から得る利益率方向は代理指標である。
20261,INDUSTRY,leaf,interest_and_dividend_income,受取利息等,121,生産用機械器具製造業,-268.03,-176.28913443830535,0.0,1.449664937720062,42.0,23.89521241726633,49.61402575164394,61.33637749622609,CALCULABLE,継続標本のみを用い母集団推計を行うため、本系列に比べサンプルサイズが小さくなる。,営業利益及び経常利益については、標準誤差率の算出は行っていない。,継続標本PDFは利益水準とその符号を公表しないため、売上高と営業利益の増加率から得る利益率方向は代理指標である。
20261,INDUSTRY,leaf,interest_and_dividend_income,受取利息等,122,電気機械器具製造業,1677.7199999999998,1103.472770323597,18.000186683861607,9.074103120216776,2.0,23.89521241726633,49.61402575164394,61.33637749622609,CALCULABLE,継続標本のみを用い母集団推計を行うため、本系列に比べサンプルサイズが小さくなる。,営業利益及び経常利益については、標準誤差率の算出は行っていない。,継続標本PDFは利益水準とその符号を公表しないため、売上高と営業利益の増加率から得る利益率方向は代理指標である。
20261,INDUSTRY,leaf,interest_and_dividend_income,受取利息等,123,自動車・同附属品製造業,-6786.349999999999,-4463.529334385679,0.0,36.70459892585361,45.0,23.89521241726633,49.61402575164394,61.33637749622609,CALCULABLE,継続標本のみを用い母集団推計を行うため、本系列に比べサンプルサイズが小さくなる。,営業利益及び経常利益については、標準誤差率の算出は行っていない。,継続標本PDFは利益水準とその符号を公表しないため、売上高と営業利益の増加率から得る利益率方向は代理指標である。
20261,INDUSTRY,leaf,interest_and_dividend_income,受取利息等,124,業務用機械器具製造業,-1197.73,-787.7729544856603,0.0,6.478033003228931,44.0,23.89521241726633,49.61402575164394,61.33637749622609,CALCULABLE,継続標本のみを用い母集団推計を行うため、本系列に比べサンプルサイズが小さくなる。,営業利益及び経常利益については、標準誤差率の算出は行っていない。,継続標本PDFは利益水準とその符号を公表しないため、売上高と営業利益の増加率から得る利益率方向は代理指標である。
20261,INDUSTRY,leaf,interest_and_dividend_income,受取利息等,125,その他の輸送用機械器具製造業,111.38999999999999,73.26361483820033,1.1950985830265743,0.6024630728375097,18.0,23.89521241726633,49.61402575164394,61.33637749622609,CALCULABLE,継続標本のみを用い母集団推計を行うため、本系列に比べサンプルサイズが小さくなる。,営業利益及び経常利益については、標準誤差率の算出は行っていない。,継続標本PDFは利益水準とその符号を公表しないため、売上高と営業利益の増加率から得る利益率方向は代理指標である。
20261,INDUSTRY,leaf,interest_and_dividend_income,受取利息等,126,その他の製造業,64.70999999999958,42.56116811365395,0.6942708439505264,0.3499899941046324,20.0,23.89521241726633,49.61402575164394,61.33637749622609,CALCULABLE,継続標本のみを用い母集団推計を行うため、本系列に比べサンプルサイズが小さくなる。,営業利益及び経常利益については、標準誤差率の算出は行っていない。,継続標本PDFは利益水準とその符号を公表しないため、売上高と営業利益の増加率から得る利益率方向は代理指標である。
20261,INDUSTRY,leaf,interest_and_dividend_income,受取利息等,127,卸売業,-106.97999999999956,-70.36306235201222,0.0,0.5786111817232833,39.0,23.89521241726633,49.61402575164394,61.33637749622609,CALCULABLE,継続標本のみを用い母集団推計を行うため、本系列に比べサンプルサイズが小さくなる。,営業利益及び経常利益については、標準誤差率の算出は行っていない。,継続標本PDFは利益水準とその符号を公表しないため、売上高と営業利益の増加率から得る利益率方向は代理指標である。
20261,INDUSTRY,leaf,interest_and_dividend_income,受取利息等,128,小売業,143.58999999999997,94.44225203893694,1.540571016579458,0.776619738115971,15.0,23.89521241726633,49.61402575164394,61.33637749622609,CALCULABLE,継続標本のみを用い母集団推計を行うため、本系列に比べサンプルサイズが小さくなる。,営業利益及び経常利益については、標準誤差率の算出は行っていない。,継続標本PDFは利益水準とその符号を公表しないため、売上高と営業利益の増加率から得る利益率方向は代理指標である。
20261,INDUSTRY,leaf,interest_and_dividend_income,受取利息等,130,不動産業,-194.76999999999998,-128.1044461983686,0.0,1.0534314812511154,41.0,23.89521241726633,49.61402575164394,61.33637749622609,CALCULABLE,継続標本のみを用い母集団推計を行うため、本系列に比べサンプルサイズが小さくなる。,営業利益及び経常利益については、標準誤差率の算出は行っていない。,継続標本PDFは利益水準とその符号を公表しないため、売上高と営業利益の増加率から得る利益率方向は代理指標である。
20261,INDUSTRY,leaf,interest_and_dividend_income,受取利息等,131,陸運業,159.62999999999997,104.99210734017343,1.7126634959020743,0.863373555229838,13.0,23.89521241726633,49.61402575164394,61.33637749622609,CALCULABLE,継続標本のみを用い母集団推計を行うため、本系列に比べサンプルサイズが小さくなる。,営業利益及び経常利益については、標準誤差率の算出は行っていない。,継続標本PDFは利益水準とその符号を公表しないため、売上高と営業利益の増加率から得る利益率方向は代理指標である。
20261,INDUSTRY,leaf,interest_and_dividend_income,受取利息等,132,水運業,-47.47000000000003,-31.222046829781597,0.0,0.25674586648349584,38.0,23.89521241726633,49.61402575164394,61.33637749622609,CALCULABLE,継続標本のみを用い母集団推計を行うため、本系列に比べサンプルサイズが小さくなる。,営業利益及び経常利益については、標準誤差率の算出は行っていない。,継続標本PDFは利益水準とその符号を公表しないため、売上高と営業利益の増加率から得る利益率方向は代理指標である。
20261,INDUSTRY,leaf,interest_and_dividend_income,受取利息等,133,その他の運輸業,-42.12999999999997,-27.709813207050704,0.0,0.22786398472613578,37.0,23.89521241726633,49.61402575164394,61.33637749622609,CALCULABLE,継続標本のみを用い母集団推計を行うため、本系列に比べサンプルサイズが小さくなる。,営業利益及び経常利益については、標準誤差率の算出は行っていない。,継続標本PDFは利益水準とその符号を公表しないため、売上高と営業利益の増加率から得る利益率方向は代理指標である。
20261,INDUSTRY,leaf,interest_and_dividend_income,受取利息等,135,電気業,43.90999999999997,28.88055774796099,0.47110852662444436,0.2374912786452557,23.0,23.89521241726633,49.61402575164394,61.33637749622609,CALCULABLE,継続標本のみを用い母集団推計を行うため、本系列に比べサンプルサイズが小さくなる。,営業利益及び経常利益については、標準誤差率の算出は行っていない。,継続標本PDFは利益水準とその符号を公表しないため、売上高と営業利益の増加率から得る利益率方向は代理指標である。
20261,INDUSTRY,leaf,interest_and_dividend_income,受取利息等,136,ガス・熱供給・水道業,-12.200000000000003,-8.02420415680083,0.0,0.06598482349059719,35.0,23.89521241726633,49.61402575164394,61.33637749622609,CALCULABLE,継続標本のみを用い母集団推計を行うため、本系列に比べサンプルサイズが小さくなる。,営業利益及び経常利益については、標準誤差率の算出は行っていない。,継続標本PDFは利益水準とその符号を公表しないため、売上高と営業利益の増加率から得る利益率方向は代理指標である。
20261,INDUSTRY,leaf,interest_and_dividend_income,受取利息等,138,広告業,-7.640000000000001,-5.024993422783469,0.0,0.04132164356296413,34.0,23.89521241726633,49.61402575164394,61.33637749622609,CALCULABLE,継続標本のみを用い母集団推計を行うため、本系列に比べサンプルサイズが小さくなる。,営業利益及び経常利益については、標準誤差率の算出は行っていない。,継続標本PDFは利益水準とその符号を公表しないため、売上高と営業利益の増加率から得る利益率方向は代理指標である。
20261,INDUSTRY,leaf,interest_and_dividend_income,受取利息等,139,宿泊業,39.4,25.91423309655349,0.42272092801191347,0.21309852832209247,24.0,23.89521241726633,49.61402575164394,61.33637749622609,CALCULABLE,継続標本のみを用い母集団推計を行うため、本系列に比べサンプルサイズが小さくなる。,営業利益及び経常利益については、標準誤差率の算出は行っていない。,継続標本PDFは利益水準とその符号を公表しないため、売上高と営業利益の増加率から得る利益率方向は代理指標である。
20261,INDUSTRY,leaf,interest_and_dividend_income,受取利息等,140,生活関連サービス業,3.5500000000000114,2.3349118652986087,0.03808779935132735,0.019200501917345958,30.0,23.89521241726633,49.61402575164394,61.33637749622609,CALCULABLE,継続標本のみを用い母集団推計を行うため、本系列に比べサンプルサイズが小さくなる。,営業利益及び経常利益については、標準誤差率の算出は行っていない。,継続標本PDFは利益水準とその符号を公表しないため、売上高と営業利益の増加率から得る利益率方向は代理指標である。
20261,INDUSTRY,leaf,interest_and_dividend_income,受取利息等,141,娯楽業,102.06,67.1270718232043,1.0949974089567485,0.5520009086434711,19.0,23.89521241726633,49.61402575164394,61.33637749622609,CALCULABLE,継続標本のみを用い母集団推計を行うため、本系列に比べサンプルサイズが小さくなる。,営業利益及び経常利益については、標準誤差率の算出は行っていない。,継続標本PDFは利益水準とその符号を公表しないため、売上高と営業利益の増加率から得る利益率方向は代理指標である。
20261,INDUSTRY,leaf,interest_and_dividend_income,受取利息等,142,情報通信業,414.3299999999999,272.5138121546956,4.445328987390256,2.2409419603982883,8.0,23.89521241726633,49.61402575164394,61.33637749622609,CALCULABLE,継続標本のみを用い母集団推計を行うため、本系列に比べサンプルサイズが小さくなる。,営業利益及び経常利益については、標準誤差率の算出は行っていない。,継続標本PDFは利益水準とその符号を公表しないため、売上高と営業利益の増加率から得る利益率方向は代理指標である。
20261,INDUSTRY,leaf,interest_and_dividend_income,受取利息等,143,その他のサービス業,116.42999999999995,76.57853196527212,1.249172529147895,0.6297223769680512,17.0,23.89521241726633,49.61402575164394,61.33637749622609,CALCULABLE,継続標本のみを用い母集団推計を行うため、本系列に比べサンプルサイズが小さくなる。,営業利益及び経常利益については、標準誤差率の算出は行っていない。,継続標本PDFは利益水準とその符号を公表しないため、売上高と営業利益の増加率から得る利益率方向は代理指標である。
20261,INDUSTRY,leaf,interest_and_dividend_income,受取利息等,145,情報通信機械器具製造業,719.42,473.178111023414,7.718626650516009,3.8910493209512635,3.0,23.89521241726633,49.61402575164394,61.33637749622609,CALCULABLE,継続標本のみを用い母集団推計を行うため、本系列に比べサンプルサイズが小さくなる。,営業利益及び経常利益については、標準誤差率の算出は行っていない。,継続標本PDFは利益水準とその符号を公表しないため、売上高と営業利益の増加率から得る利益率方向は代理指標である。
20261,INDUSTRY,leaf,interest_and_dividend_income,受取利息等,148,飲食サービス業,148.62,97.7505919494868,1.5945376731251415,0.8038249563256189,14.0,23.89521241726633,49.61402575164394,61.33637749622609,CALCULABLE,継続標本のみを用い母集団推計を行うため、本系列に比べサンプルサイズが小さくなる。,営業利益及び経常利益については、標準誤差率の算出は行っていない。,継続標本PDFは利益水準とその符号を公表しないため、売上高と営業利益の増加率から得る利益率方向は代理指標である。
20261,INDUSTRY,leaf,interest_and_dividend_income,受取利息等,150,リース業,476.94999999999993,313.7003420152585,5.117176310032541,2.5796279970360914,6.0,23.89521241726633,49.61402575164394,61.33637749622609,CALCULABLE,継続標本のみを用い母集団推計を行うため、本系列に比べサンプルサイズが小さくなる。,営業利益及び経常利益については、標準誤差率の算出は行っていない。,継続標本PDFは利益水準とその符号を公表しないため、売上高と営業利益の増加率から得る利益率方向は代理指標である。
20261,INDUSTRY,leaf,interest_and_dividend_income,受取利息等,151,その他の物品賃貸業,63.74000000000001,41.92317811102335,0.6838637551136896,0.34474365977792326,21.0,23.89521241726633,49.61402575164394,61.33637749622609,CALCULABLE,継続標本のみを用い母集団推計を行うため、本系列に比べサンプルサイズが小さくなる。,営業利益及び経常利益については、標準誤差率の算出は行っていない。,継続標本PDFは利益水準とその符号を公表しないため、売上高と営業利益の増加率から得る利益率方向は代理指標である。
20261,INDUSTRY,leaf,interest_and_dividend_income,受取利息等,152,医療、福祉業,33.88,22.283609576427217,0.36349708225999056,0.183243099988642,26.0,23.89521241726633,49.61402575164394,61.33637749622609,CALCULABLE,継続標本のみを用い母集団推計を行うため、本系列に比べサンプルサイズが小さくなる。,営業利益及び経常利益については、標準誤差率の算出は行っていない。,継続標本PDFは利益水準とその符号を公表しないため、売上高と営業利益の増加率から得る利益率方向は代理指標である。
20261,INDUSTRY,leaf,interest_and_dividend_income,受取利息等,153,教育、学習支援業,-14.469999999999999,-9.517232307287538,0.0,0.07826232753351975,36.0,23.89521241726633,49.61402575164394,61.33637749622609,CALCULABLE,継続標本のみを用い母集団推計を行うため、本系列に比べサンプルサイズが小さくなる。,営業利益及び経常利益については、標準誤差率の算出は行っていない。,継続標本PDFは利益水準とその符号を公表しないため、売上高と営業利益の増加率から得る利益率方向は代理指標である。
20261,INDUSTRY,leaf,interest_and_dividend_income,受取利息等,154,はん用機械器具製造業,136.16000000000008,89.55538016311486,1.4608548618807657,0.73643389889178,16.0,23.89521241726633,49.61402575164394,61.33637749622609,CALCULABLE,継続標本のみを用い母集団推計を行うため、本系列に比べサンプルサイズが小さくなる。,営業利益及び経常利益については、標準誤差率の算出は行っていない。,継続標本PDFは利益水準とその符号を公表しないため、売上高と営業利益の増加率から得る利益率方向は代理指標である。
20261,INDUSTRY,leaf,interest_and_dividend_income,受取利息等,158,純粋持株会社,405.6400000000003,266.79821099710574,4.352094346161237,2.193941295141464,9.0,23.89521241726633,49.61402575164394,61.33637749622609,CALCULABLE,継続標本のみを用い母集団推計を行うため、本系列に比べサンプルサイズが小さくなる。,営業利益及び経常利益については、標準誤差率の算出は行っていない。,継続標本PDFは利益水準とその符号を公表しないため、売上高と営業利益の増加率から得る利益率方向は代理指標である。
20261,INDUSTRY,leaf,interest_and_dividend_income,受取利息等,159,その他の学術研究、専門・技術サービス業,430.16999999999996,282.93212312549275,4.615275675200121,2.326614059094277,7.0,23.89521241726633,49.61402575164394,61.33637749622609,CALCULABLE,継続標本のみを用い母集団推計を行うため、本系列に比べサンプルサイズが小さくなる。,営業利益及び経常利益については、標準誤差率の算出は行っていない。,継続標本PDFは利益水準とその符号を公表しないため、売上高と営業利益の増加率から得る利益率方向は代理指標である。
20261,INDUSTRY,leaf,interest_and_dividend_income,受取利息等,160,職業紹介・労働者派遣業,54.97,36.1549592212575,0.5897707972795655,0.2973103071539448,22.0,23.89521241726633,49.61402575164394,61.33637749622609,CALCULABLE,継続標本のみを用い母集団推計を行うため、本系列に比べサンプルサイズが小さくなる。,営業利益及び経常利益については、標準誤差率の算出は行っていない。,継続標本PDFは利益水準とその符号を公表しないため、売上高と営業利益の増加率から得る利益率方向は代理指標である。
20261,CAPITAL,three_disjoint_capital_buckets,other_non_operating_income,その他の営業外収益,19,1千万円以上 - 1億円未満,2005.1899999999987,13.000192553183892,10.916062075749739,9.407840750904443,2.0,89.08393792425025,100.0,100.0,CALCULABLE,継続標本のみを用い母集団推計を行うため、本系列に比べサンプルサイズが小さくなる。,営業利益及び経常利益については、標準誤差率の算出は行っていない。,継続標本PDFは利益水準とその符号を公表しないため、売上高と営業利益の増加率から得る利益率方向は代理指標である。
20261,CAPITAL,three_disjoint_capital_buckets,other_non_operating_income,その他の営業外収益,24,1億円以上 - 10億円未満,-2944.8600000000006,-19.09232892751767,0.0,13.816533053580201,3.0,89.08393792425025,100.0,100.0,CALCULABLE,継続標本のみを用い母集団推計を行うため、本系列に比べサンプルサイズが小さくなる。,営業利益及び経常利益については、標準誤差率の算出は行っていない。,継続標本PDFは利益水準とその符号を公表しないため、売上高と営業利益の増加率から得る利益率方向は代理指標である。
20261,CAPITAL,three_disjoint_capital_buckets,other_non_operating_income,その他の営業外収益,25,10億円以上,16363.980000000003,106.09213637433376,89.08393792425025,76.77562619551536,1.0,89.08393792425025,100.0,100.0,CALCULABLE,継続標本のみを用い母集団推計を行うため、本系列に比べサンプルサイズが小さくなる。,営業利益及び経常利益については、標準誤差率の算出は行っていない。,継続標本PDFは利益水準とその符号を公表しないため、売上高と営業利益の増加率から得る利益率方向は代理指標である。
20261,INDUSTRY,major,other_non_operating_income,その他の営業外収益,105,農林水産業(集約),48.55000000000001,0.3147628645949155,0.2647118157976523,0.22839438512044694,8.0,54.393998048057036,86.05522144738205,96.7167011073732,CALCULABLE,継続標本のみを用い母集団推計を行うため、本系列に比べサンプルサイズが小さくなる。,営業利益及び経常利益については、標準誤差率の算出は行っていない。,継続標本PDFは利益水準とその符号を公表しないため、売上高と営業利益の増加率から得る利益率方向は代理指標である。
20261,INDUSTRY,major,other_non_operating_income,その他の営業外収益,106,鉱業、採石業、砂利採取業,427.27999999999986,2.7701725393226657,2.329682073203312,2.0100587615708445,5.0,54.393998048057036,86.05522144738205,96.7167011073732,CALCULABLE,継続標本のみを用い母集団推計を行うため、本系列に比べサンプルサイズが小さくなる。,営業利益及び経常利益については、標準誤差率の算出は行っていない。,継続標本PDFは利益水準とその符号を公表しないため、売上高と営業利益の増加率から得る利益率方向は代理指標である。
20261,INDUSTRY,major,other_non_operating_income,その他の営業外収益,107,建設業,397.3600000000001,2.5761930355393536,2.1665476235912484,1.8693057234080495,6.0,54.393998048057036,86.05522144738205,96.7167011073732,CALCULABLE,継続標本のみを用い母集団推計を行うため、本系列に比べサンプルサイズが小さくなる。,営業利益及び経常利益については、標準誤差率の算出は行っていない。,継続標本PDFは利益水準とその符号を公表しないため、売上高と営業利益の増加率から得る利益率方向は代理指標である。
20261,INDUSTRY,major,other_non_operating_income,その他の営業外収益,108,製造業,9976.239999999998,64.67867930558965,54.393998048057036,46.93135325672515,1.0,54.393998048057036,86.05522144738205,96.7167011073732,CALCULABLE,継続標本のみを用い母集団推計を行うため、本系列に比べサンプルサイズが小さくなる。,営業利益及び経常利益については、標準誤差率の算出は行っていない。,継続標本PDFは利益水準とその符号を公表しないため、売上高と営業利益の増加率から得る利益率方向は代理指標である。
20261,INDUSTRY,major,other_non_operating_income,その他の営業外収益,129,卸売業・小売業(集約),2647.120000000001,17.16199946707503,14.433036906988287,12.452880427189237,3.0,54.393998048057036,86.05522144738205,96.7167011073732,CALCULABLE,継続標本のみを用い母集団推計を行うため、本系列に比べサンプルサイズが小さくなる。,営業利益及び経常利益については、標準誤差率の算出は行っていない。,継続標本PDFは利益水準とその符号を公表しないため、売上高と営業利益の増加率から得る利益率方向は代理指標である。
20261,INDUSTRY,major,other_non_operating_income,その他の営業外収益,134,運輸業、郵便業(集約),-126.07999999999993,-0.8174109571189889,0.0,0.5931197543972384,9.0,54.393998048057036,86.05522144738205,96.7167011073732,CALCULABLE,継続標本のみを用い母集団推計を行うため、本系列に比べサンプルサイズが小さくなる。,営業利益及び経常利益については、標準誤差率の算出は行っていない。,継続標本PDFは利益水準とその符号を公表しないため、売上高と営業利益の増加率から得る利益率方向は代理指標である。
20261,INDUSTRY,major,other_non_operating_income,その他の営業外収益,135,電気業,-276.6100000000001,-1.7933379191678596,0.0,1.3012599560899452,10.0,54.393998048057036,86.05522144738205,96.7167011073732,CALCULABLE,継続標本のみを用い母集団推計を行うため、本系列に比べサンプルサイズが小さくなる。,営業利益及び経常利益については、標準誤差率の算出は行っていない。,継続標本PDFは利益水準とその符号を公表しないため、売上高と営業利益の増加率から得る利益率方向は代理指標である。
20261,INDUSTRY,major,other_non_operating_income,その他の営業外収益,136,ガス・熱供給・水道業,156.27,1.0131409443923263,0.8520394532378808,0.7351429570086969,7.0,54.393998048057036,86.05522144738205,96.7167011073732,CALCULABLE,継続標本のみを用い母集団推計を行うため、本系列に比べサンプルサイズが小さくなる。,営業利益及び経常利益については、標準誤差率の算出は行っていない。,継続標本PDFは利益水準とその符号を公表しないため、売上高と営業利益の増加率から得る利益率方向は代理指標である。
20261,INDUSTRY,major,other_non_operating_income,その他の営業外収益,137,サービス業(集約),3159.7700000000004,20.485648952854294,17.228186492336718,14.864546370175788,2.0,54.393998048057036,86.05522144738205,96.7167011073732,CALCULABLE,継続標本のみを用い母集団推計を行うため、本系列に比べサンプルサイズが小さくなる。,営業利益及び経常利益については、標準誤差率の算出は行っていない。,継続標本PDFは利益水準とその符号を公表しないため、売上高と営業利益の増加率から得る利益率方向は代理指標である。
20261,INDUSTRY,major,other_non_operating_income,その他の営業外収益,142,情報通信業,-2513.7000000000007,-16.29700129211615,0.0,11.825231017039496,11.0,54.393998048057036,86.05522144738205,96.7167011073732,CALCULABLE,継続標本のみを用い母集団推計を行うため、本系列に比べサンプルサイズが小さくなる。,営業利益及び経常利益については、標準誤差率の算出は行っていない。,継続標本PDFは利益水準とその符号を公表しないため、売上高と営業利益の増加率から得る利益率方向は代理指標である。
20261,INDUSTRY,major,other_non_operating_income,その他の営業外収益,155,不動産業、物品賃貸業(集約),1528.1100000000001,9.907153059034732,8.331797586787856,7.188707391275099,4.0,54.393998048057036,86.05522144738205,96.7167011073732,CALCULABLE,継続標本のみを用い母集団推計を行うため、本系列に比べサンプルサイズが小さくなる。,営業利益及び経常利益については、標準誤差率の算出は行っていない。,継続標本PDFは利益水準とその符号を公表しないため、売上高と営業利益の増加率から得る利益率方向は代理指標である。
20261,INDUSTRY,leaf,other_non_operating_income,その他の営業外収益,101,農業、林業,81.37,0.5275438577155153,0.37583132531233443,0.2918890570480428,22.0,25.49510015163503,56.33142069044514,70.07690755066702,CALCULABLE,継続標本のみを用い母集団推計を行うため、本系列に比べサンプルサイズが小さくなる。,営業利益及び経常利益については、標準誤差率の算出は行っていない。,継続標本PDFは利益水準とその符号を公表しないため、売上高と営業利益の増加率から得る利益率方向は代理指標である。
20261,INDUSTRY,leaf,other_non_operating_income,その他の営業外収益,103,漁業,-32.82000000000001,-0.2127809931205999,0.0,0.117731336516121,30.0,25.49510015163503,56.33142069044514,70.07690755066702,CALCULABLE,継続標本のみを用い母集団推計を行うため、本系列に比べサンプルサイズが小さくなる。,営業利益及び経常利益については、標準誤差率の算出は行っていない。,継続標本PDFは利益水準とその符号を公表しないため、売上高と営業利益の増加率から得る利益率方向は代理指標である。
20261,INDUSTRY,leaf,other_non_operating_income,その他の営業外収益,106,鉱業、採石業、砂利採取業,427.27999999999986,2.7701725393226653,1.9735186024266216,1.5327314279892796,11.0,25.49510015163503,56.33142069044514,70.07690755066702,CALCULABLE,継続標本のみを用い母集団推計を行うため、本系列に比べサンプルサイズが小さくなる。,営業利益及び経常利益については、標準誤差率の算出は行っていない。,継続標本PDFは利益水準とその符号を公表しないため、売上高と営業利益の増加率から得る利益率方向は代理指標である。
20261,INDUSTRY,leaf,other_non_operating_income,その他の営業外収益,107,建設業,397.3600000000001,2.576193035539353,1.8353242647918058,1.4254029213298551,13.0,25.49510015163503,56.33142069044514,70.07690755066702,CALCULABLE,継続標本のみを用い母集団推計を行うため、本系列に比べサンプルサイズが小さくなる。,営業利益及び経常利益については、標準誤差率の算出は行っていない。,継続標本PDFは利益水準とその符号を公表しないため、売上高と営業利益の増加率から得る利益率方向は代理指標である。
20261,INDUSTRY,leaf,other_non_operating_income,その他の営業外収益,109,食料品製造業,-485.57000000000016,-3.148082475002124,0.0,1.7418283081088632,43.0,25.49510015163503,56.33142069044514,70.07690755066702,CALCULABLE,継続標本のみを用い母集団推計を行うため、本系列に比べサンプルサイズが小さくなる。,営業利益及び経常利益については、標準誤差率の算出は行っていない。,継続標本PDFは利益水準とその符号を公表しないため、売上高と営業利益の増加率から得る利益率方向は代理指標である。
20261,INDUSTRY,leaf,other_non_operating_income,その他の営業外収益,110,繊維工業,12.629999999999995,0.08188372769997486,0.05833537714999118,0.045306117617264094,28.0,25.49510015163503,56.33142069044514,70.07690755066702,CALCULABLE,継続標本のみを用い母集団推計を行うため、本系列に比べサンプルサイズが小さくなる。,営業利益及び経常利益については、標準誤差率の算出は行っていない。,継続標本PDFは利益水準とその符号を公表しないため、売上高と営業利益の増加率から得る利益率方向は代理指標である。
20261,INDUSTRY,leaf,other_non_operating_income,その他の営業外収益,112,木材・木製品製造業,29.93,0.19404433650516614,0.1382405255818873,0.10736437848651739,26.0,25.49510015163503,56.33142069044514,70.07690755066702,CALCULABLE,継続標本のみを用い母集団推計を行うため、本系列に比べサンプルサイズが小さくなる。,営業利益及び経常利益については、標準誤差率の算出は行っていない。,継続標本PDFは利益水準とその符号を公表しないため、売上高と営業利益の増加率から得る利益率方向は代理指標である。
20261,INDUSTRY,leaf,other_non_operating_income,その他の営業外収益,113,パルプ・紙・紙加工品製造業,70.68,0.4582376780549664,0.32645640989401253,0.2535420738866372,23.0,25.49510015163503,56.33142069044514,70.07690755066702,CALCULABLE,継続標本のみを用い母集団推計を行うため、本系列に比べサンプルサイズが小さくなる。,営業利益及び経常利益については、標準誤差率の算出は行っていない。,継続標本PDFは利益水準とその符号を公表しないため、売上高と営業利益の増加率から得る利益率方向は代理指標である。
20261,INDUSTRY,leaf,other_non_operating_income,その他の営業外収益,114,印刷・同関連業,96.34999999999997,0.6246632750508772,0.44502087002388363,0.34562505403193944,20.0,25.49510015163503,56.33142069044514,70.07690755066702,CALCULABLE,継続標本のみを用い母集団推計を行うため、本系列に比べサンプルサイズが小さくなる。,営業利益及び経常利益については、標準誤差率の算出は行っていない。,継続標本PDFは利益水準とその符号を公表しないため、売上高と営業利益の増加率から得る利益率方向は代理指標である。
20261,INDUSTRY,leaf,other_non_operating_income,その他の営業外収益,115,化学工業,716.9200000000001,4.6479874950646085,3.311306301375431,2.57172302788353,7.0,25.49510015163503,56.33142069044514,70.07690755066702,CALCULABLE,継続標本のみを用い母集団推計を行うため、本系列に比べサンプルサイズが小さくなる。,営業利益及び経常利益については、標準誤差率の算出は行っていない。,継続標本PDFは利益水準とその符号を公表しないため、売上高と営業利益の増加率から得る利益率方向は代理指標である。
20261,INDUSTRY,leaf,other_non_operating_income,その他の営業外収益,116,石油製品・石炭製品製造業,-11.909999999999997,-0.07721577172657962,0.0,0.04272334606663621,29.0,25.49510015163503,56.33142069044514,70.07690755066702,CALCULABLE,継続標本のみを用い母集団推計を行うため、本系列に比べサンプルサイズが小さくなる。,営業利益及び経常利益については、標準誤差率の算出は行っていない。,継続標本PDFは利益水準とその符号を公表しないため、売上高と営業利益の増加率から得る利益率方向は代理指標である。
20261,INDUSTRY,leaf,other_non_operating_income,その他の営業外収益,117,窯業・土石製品製造業,362.43999999999994,2.349797170829683,1.674035953621758,1.3001385011244022,14.0,25.49510015163503,56.33142069044514,70.07690755066702,CALCULABLE,継続標本のみを用い母集団推計を行うため、本系列に比べサンプルサイズが小さくなる。,営業利益及び経常利益については、標準誤差率の算出は行っていない。,継続標本PDFは利益水準とその符号を公表しないため、売上高と営業利益の増加率から得る利益率方向は代理指標である。
20261,INDUSTRY,leaf,other_non_operating_income,その他の営業外収益,118,鉄鋼業,82.42000000000002,0.5343512935100501,0.38068105975473276,0.29565559889270854,21.0,25.49510015163503,56.33142069044514,70.07690755066702,CALCULABLE,継続標本のみを用い母集団推計を行うため、本系列に比べサンプルサイズが小さくなる。,営業利益及び経常利益については、標準誤差率の算出は行っていない。,継続標本PDFは利益水準とその符号を公表しないため、売上高と営業利益の増加率から得る利益率方向は代理指標である。
20261,INDUSTRY,leaf,other_non_operating_income,その他の営業外収益,119,非鉄金属製造業,558.8100000000001,3.6229173298513837,2.581028670244385,2.0045535697310655,8.0,25.49510015163503,56.33142069044514,70.07690755066702,CALCULABLE,継続標本のみを用い母集団推計を行うため、本系列に比べサンプルサイズが小さくなる。,営業利益及び経常利益については、標準誤差率の算出は行っていない。,継続標本PDFは利益水準とその符号を公表しないため、売上高と営業利益の増加率から得る利益率方向は代理指標である。
20261,INDUSTRY,leaf,other_non_operating_income,その他の営業外収益,120,金属製品製造業,-109.84999999999991,-0.7121874495520376,0.0,0.3940520206062121,36.0,25.49510015163503,56.33142069044514,70.07690755066702,CALCULABLE,継続標本のみを用い母集団推計を行うため、本系列に比べサンプルサイズが小さくなる。,営業利益及び経常利益については、標準誤差率の算出は行っていない。,継続標本PDFは利益水準とその符号を公表しないため、売上高と営業利益の増加率から得る利益率方向は代理指標である。
20261,INDUSTRY,leaf,other_non_operating_income,その他の営業外収益,121,生産用機械器具製造業,237.05000000000018,1.5368596715185323,1.0948852853052593,0.8503416612171389,18.0,25.49510015163503,56.33142069044514,70.07690755066702,CALCULABLE,継続標本のみを用い母集団推計を行うため、本系列に比べサンプルサイズが小さくなる。,営業利益及び経常利益については、標準誤差率の算出は行っていない。,継続標本PDFは利益水準とその符号を公表しないため、売上高と営業利益の増加率から得る利益率方向は代理指標である。
20261,INDUSTRY,leaf,other_non_operating_income,その他の営業外収益,122,電気機械器具製造業,490.98,3.18315697752444,2.2677358252654534,1.7612349665656637,9.0,25.49510015163503,56.33142069044514,70.07690755066702,CALCULABLE,継続標本のみを用い母集団推計を行うため、本系列に比べサンプルサイズが小さくなる。,営業利益及び経常利益については、標準誤差率の算出は行っていない。,継続標本PDFは利益水準とその符号を公表しないため、売上高と営業利益の増加率から得る利益率方向は代理指標である。
20261,INDUSTRY,leaf,other_non_operating_income,その他の営業外収益,123,自動車・同附属品製造業,5519.860000000001,35.786754804590934,25.49510015163503,19.80074634923448,1.0,25.49510015163503,56.33142069044514,70.07690755066702,CALCULABLE,継続標本のみを用い母集団推計を行うため、本系列に比べサンプルサイズが小さくなる。,営業利益及び経常利益については、標準誤差率の算出は行っていない。,継続標本PDFは利益水準とその符号を公表しないため、売上高と営業利益の増加率から得る利益率方向は代理指標である。
20261,INDUSTRY,leaf,other_non_operating_income,その他の営業外収益,124,業務用機械器具製造業,-58.039999999999964,-0.37628911763313855,0.0,0.20820008444228086,33.0,25.49510015163503,56.33142069044514,70.07690755066702,CALCULABLE,継続標本のみを用い母集団推計を行うため、本系列に比べサンプルサイズが小さくなる。,営業利益及び経常利益については、標準誤差率の算出は行っていない。,継続標本PDFは利益水準とその符号を公表しないため、売上高と営業利益の増加率から得る利益率方向は代理指標である。
20261,INDUSTRY,leaf,other_non_operating_income,その他の営業外収益,125,その他の輸送用機械器具製造業,243.72000000000003,1.5801030969942902,1.1256926460012555,0.8742681698875383,17.0,25.49510015163503,56.33142069044514,70.07690755066702,CALCULABLE,継続標本のみを用い母集団推計を行うため、本系列に比べサンプルサイズが小さくなる。,営業利益及び経常利益については、標準誤差率の算出は行っていない。,継続標本PDFは利益水準とその符号を公表しないため、売上高と営業利益の増加率から得る利益率方向は代理指標である。
20261,INDUSTRY,leaf,other_non_operating_income,その他の営業外収益,126,その他の製造業,-1325.7099999999998,-8.594938768735844,0.0,4.75556398942068,44.0,25.49510015163503,56.33142069044514,70.07690755066702,CALCULABLE,継続標本のみを用い母集団推計を行うため、本系列に比べサンプルサイズが小さくなる。,営業利益及び経常利益については、標準誤差率の算出は行っていない。,継続標本PDFは利益水準とその符号を公表しないため、売上高と営業利益の増加率から得る利益率方向は代理指標である。
20261,INDUSTRY,leaf,other_non_operating_income,その他の営業外収益,127,卸売業,1803.8199999999997,11.694656033235843,8.331474268463746,6.47063191451887,4.0,25.49510015163503,56.33142069044514,70.07690755066702,CALCULABLE,継続標本のみを用い母集団推計を行うため、本系列に比べサンプルサイズが小さくなる。,営業利益及び経常利益については、標準誤差率の算出は行っていない。,継続標本PDFは利益水準とその符号を公表しないため、売上高と営業利益の増加率から得る利益率方向は代理指標である。
20261,INDUSTRY,leaf,other_non_operating_income,その他の営業外収益,128,小売業,843.3000000000002,5.46734343383918,3.8950295764519067,3.025071178672908,6.0,25.49510015163503,56.33142069044514,70.07690755066702,CALCULABLE,継続標本のみを用い母集団推計を行うため、本系列に比べサンプルサイズが小さくなる。,営業利益及び経常利益については、標準誤差率の算出は行っていない。,継続標本PDFは利益水準とその符号を公表しないため、売上高と営業利益の増加率から得る利益率方向は代理指標である。
20261,INDUSTRY,leaf,other_non_operating_income,その他の営業外収益,130,不動産業,1172.1700000000005,7.599497157409313,5.414012591758132,4.2047879562492865,5.0,25.49510015163503,56.33142069044514,70.07690755066702,CALCULABLE,継続標本のみを用い母集団推計を行うため、本系列に比べサンプルサイズが小さくなる。,営業利益及び経常利益については、標準誤差率の算出は行っていない。,継続標本PDFは利益水準とその符号を公表しないため、売上高と営業利益の増加率から得る利益率方向は代理指標である。
20261,INDUSTRY,leaf,other_non_operating_income,その他の営業外収益,131,陸運業,-147.94999999999982,-0.9592001198108687,0.0,0.5307236818269372,37.0,25.49510015163503,56.33142069044514,70.07690755066702,CALCULABLE,継続標本のみを用い母集団推計を行うため、本系列に比べサンプルサイズが小さくなる。,営業利益及び経常利益については、標準誤差率の算出は行っていない。,継続標本PDFは利益水準とその符号を公表しないため、売上高と営業利益の増加率から得る利益率方向は代理指標である。
20261,INDUSTRY,leaf,other_non_operating_income,その他の営業外収益,132,水運業,-290.65,-1.8843630606490656,0.0,1.0426146544305472,42.0,25.49510015163503,56.33142069044514,70.07690755066702,CALCULABLE,継続標本のみを用い母集団推計を行うため、本系列に比べサンプルサイズが小さくなる。,営業利益及び経常利益については、標準誤差率の算出は行っていない。,継続標本PDFは利益水準とその符号を公表しないため、売上高と営業利益の増加率から得る利益率方向は代理指標である。
20261,INDUSTRY,leaf,other_non_operating_income,その他の営業外収益,133,その他の運輸業,312.52,2.0261522233409464,1.4434657218460212,1.1210663402808692,16.0,25.49510015163503,56.33142069044514,70.07690755066702,CALCULABLE,継続標本のみを用い母集団推計を行うため、本系列に比べサンプルサイズが小さくなる。,営業利益及び経常利益については、標準誤差率の算出は行っていない。,継続標本PDFは利益水準とその符号を公表しないため、売上高と営業利益の増加率から得る利益率方向は代理指標である。
20261,INDUSTRY,leaf,other_non_operating_income,その他の営業外収益,135,電気業,-276.6100000000001,-1.7933379191678596,0.0,0.992250609193304,40.0,25.49510015163503,56.33142069044514,70.07690755066702,CALCULABLE,継続標本のみを用い母集団推計を行うため、本系列に比べサンプルサイズが小さくなる。,営業利益及び経常利益については、標準誤差率の算出は行っていない。,継続標本PDFは利益水準とその符号を公表しないため、売上高と営業利益の増加率から得る利益率方向は代理指標である。
20261,INDUSTRY,leaf,other_non_operating_income,その他の営業外収益,136,ガス・熱供給・水道業,156.27,1.013140944392326,0.7217790488700812,0.5605690419675268,19.0,25.49510015163503,56.33142069044514,70.07690755066702,CALCULABLE,継続標本のみを用い母集団推計を行うため、本系列に比べサンプルサイズが小さくなる。,営業利益及び経常利益については、標準誤差率の算出は行っていない。,継続標本PDFは利益水準とその符号を公表しないため、売上高と営業利益の増加率から得る利益率方向は代理指標である。
20261,INDUSTRY,leaf,other_non_operating_income,その他の営業外収益,138,広告業,-283.28000000000003,-1.8365813446436174,0.0,1.0161771178637038,41.0,25.49510015163503,56.33142069044514,70.07690755066702,CALCULABLE,継続標本のみを用い母集団推計を行うため、本系列に比べサンプルサイズが小さくなる。,営業利益及び経常利益については、標準誤差率の算出は行っていない。,継続標本PDFは利益水準とその符号を公表しないため、売上高と営業利益の増加率から得る利益率方向は代理指標である。
20261,INDUSTRY,leaf,other_non_operating_income,その他の営業外収益,139,宿泊業,18.80000000000001,0.12188551708309808,0.08683334049246517,0.06743903493306141,27.0,25.49510015163503,56.33142069044514,70.07690755066702,CALCULABLE,継続標本のみを用い母集団推計を行うため、本系列に比べサンプルサイズが小さくなる。,営業利益及び経常利益については、標準誤差率の算出は行っていない。,継続標本PDFは利益水準とその符号を公表しないため、売上高と営業利益の増加率から得る利益率方向は代理指標である。
20261,INDUSTRY,leaf,other_non_operating_income,その他の営業外収益,140,生活関連サービス業,-240.70000000000005,-1.5605236149947712,0.0,0.8634348781057382,39.0,25.49510015163503,56.33142069044514,70.07690755066702,CALCULABLE,継続標本のみを用い母集団推計を行うため、本系列に比べサンプルサイズが小さくなる。,営業利益及び経常利益については、標準誤差率の算出は行っていない。,継続標本PDFは利益水準とその符号を公表しないため、売上高と営業利益の増加率から得る利益率方向は代理指標である。
20261,INDUSTRY,leaf,other_non_operating_income,その他の営業外収益,141,娯楽業,-222.01,-1.4393512578520526,0.0,0.7963904332706893,38.0,25.49510015163503,56.33142069044514,70.07690755066702,CALCULABLE,継続標本のみを用い母集団推計を行うため、本系列に比べサンプルサイズが小さくなる。,営業利益及び経常利益については、標準誤差率の算出は行っていない。,継続標本PDFは利益水準とその符号を公表しないため、売上高と営業利益の増加率から得る利益率方向は代理指標である。
20261,INDUSTRY,leaf,other_non_operating_income,その他の営業外収益,142,情報通信業,-2513.7000000000007,-16.297001292116146,0.0,9.017101176129598,45.0,25.49510015163503,56.33142069044514,70.07690755066702,CALCULABLE,継続標本のみを用い母集団推計を行うため、本系列に比べサンプルサイズが小さくなる。,営業利益及び経常利益については、標準誤差率の算出は行っていない。,継続標本PDFは利益水準とその符号を公表しないため、売上高と営業利益の増加率から得る利益率方向は代理指標である。
20261,INDUSTRY,leaf,other_non_operating_income,その他の営業外収益,143,その他のサービス業,362.29999999999995,2.348889512723745,1.6733893223627716,1.2996362955451135,15.0,25.49510015163503,56.33142069044514,70.07690755066702,CALCULABLE,継続標本のみを用い母集団推計を行うため、本系列に比べサンプルサイズが小さくなる。,営業利益及び経常利益については、標準誤差率の算出は行っていない。,継続標本PDFは利益水準とその符号を公表しないため、売上高と営業利益の増加率から得る利益率方向は代理指標である。
20261,INDUSTRY,leaf,other_non_operating_income,その他の営業外収益,145,情報通信機械器具製造業,3493.67,22.650413535516336,16.13654450416546,12.532432615669602,2.0,25.49510015163503,56.33142069044514,70.07690755066702,CALCULABLE,継続標本のみを用い母集団推計を行うため、本系列に比べサンプルサイズが小さくなる。,営業利益及び経常利益については、標準誤差率の算出は行っていない。,継続標本PDFは利益水準とその符号を公表しないため、売上高と営業利益の増加率から得る利益率方向は代理指標である。
20261,INDUSTRY,leaf,other_non_operating_income,その他の営業外収益,148,飲食サービス業,3182.6,20.63366205684403,14.699776034644655,11.416567690317082,3.0,25.49510015163503,56.33142069044514,70.07690755066702,CALCULABLE,継続標本のみを用い母集団推計を行うため、本系列に比べサンプルサイズが小さくなる。,営業利益及び経常利益については、標準誤差率の算出は行っていない。,継続標本PDFは利益水準とその符号を公表しないため、売上高と営業利益の増加率から得る利益率方向は代理指標である。
20261,INDUSTRY,leaf,other_non_operating_income,その他の営業外収益,150,リース業,-42.77999999999997,-0.2773543840859005,0.0,0.1534596762998066,31.0,25.49510015163503,56.33142069044514,70.07690755066702,CALCULABLE,継続標本のみを用い母集団推計を行うため、本系列に比べサンプルサイズが小さくなる。,営業利益及び経常利益については、標準誤差率の算出は行っていない。,継続標本PDFは利益水準とその符号を公表しないため、売上高と営業利益の増加率から得る利益率方向は代理指標である。
20261,INDUSTRY,leaf,other_non_operating_income,その他の営業外収益,151,その他の物品賃貸業,398.71999999999997,2.5850102857113213,1.8416058255933878,1.430281489814374,12.0,25.49510015163503,56.33142069044514,70.07690755066702,CALCULABLE,継続標本のみを用い母集団推計を行うため、本系列に比べサンプルサイズが小さくなる。,営業利益及び経常利益については、標準誤差率の算出は行っていない。,継続標本PDFは利益水準とその符号を公表しないため、売上高と営業利益の増加率から得る利益率方向は代理指標である。
20261,INDUSTRY,leaf,other_non_operating_income,その他の営業外収益,152,医療、福祉業,-58.02000000000004,-0.3761594521894336,0.0,0.208128340788097,32.0,25.49510015163503,56.33142069044514,70.07690755066702,CALCULABLE,継続標本のみを用い母集団推計を行うため、本系列に比べサンプルサイズが小さくなる。,営業利益及び経常利益については、標準誤差率の算出は行っていない。,継続標本PDFは利益水準とその符号を公表しないため、売上高と営業利益の増加率から得る利益率方向は代理指標である。
20261,INDUSTRY,leaf,other_non_operating_income,その他の営業外収益,153,教育、学習支援業,-64.96000000000001,-0.42115336115521534,0.0,0.23302338878998233,35.0,25.49510015163503,56.33142069044514,70.07690755066702,CALCULABLE,継続標本のみを用い母集団推計を行うため、本系列に比べサンプルサイズが小さくなる。,営業利益及び経常利益については、標準誤差率の算出は行っていない。,継続標本PDFは利益水準とその符号を公表しないため、売上高と営業利益の増加率から得る利益率方向は代理指標である。
20261,INDUSTRY,leaf,other_non_operating_income,その他の営業外収益,154,はん用機械器具製造業,51.860000000000014,0.336222495528163,0.23953069350740652,0.18603129529939172,24.0,25.49510015163503,56.33142069044514,70.07690755066702,CALCULABLE,継続標本のみを用い母集団推計を行うため、本系列に比べサンプルサイズが小さくなる。,営業利益及び経常利益については、標準誤差率の算出は行っていない。,継続標本PDFは利益水準とその符号を公表しないため、売上高と営業利益の増加率から得る利益率方向は代理指標である。
20261,INDUSTRY,leaf,other_non_operating_income,その他の営業外収益,158,純粋持株会社,488.30999999999995,3.1658466407897654,2.2554036433976403,1.751657188732085,10.0,25.49510015163503,56.33142069044514,70.07690755066702,CALCULABLE,継続標本のみを用い母集団推計を行うため、本系列に比べサンプルサイズが小さくなる。,営業利益及び経常利益については、標準誤差率の算出は行っていない。,継続標本PDFは利益水準とその符号を公表しないため、売上高と営業利益の増加率から得る利益率方向は代理指標である。
20261,INDUSTRY,leaf,other_non_operating_income,その他の営業外収益,159,その他の学術研究、専門・技術サービス業,-61.799999999999955,-0.4006662210497581,0.0,0.22168789142889309,34.0,25.49510015163503,56.33142069044514,70.07690755066702,CALCULABLE,継続標本のみを用い母集団推計を行うため、本系列に比べサンプルサイズが小さくなる。,営業利益及び経常利益については、標準誤差率の算出は行っていない。,継続標本PDFは利益水準とその符号を公表しないため、売上高と営業利益の増加率から得る利益率方向は代理指標である。
20261,INDUSTRY,leaf,other_non_operating_income,その他の営業外収益,160,職業紹介・労働者派遣業,38.53,0.24980047729849822,0.17796216006248303,0.13821414978568378,25.0,25.49510015163503,56.33142069044514,70.07690755066702,CALCULABLE,継続標本のみを用い母集団推計を行うため、本系列に比べサンプルサイズが小さくなる。,営業利益及び経常利益については、標準誤差率の算出は行っていない。,継続標本PDFは利益水準とその符号を公表しないため、売上高と営業利益の増加率から得る利益率方向は代理指標である。
20261,CAPITAL,three_disjoint_capital_buckets,interest_expense,支払利息等,19,1千万円以上 - 1億円未満,-1858.8000000000002,27.497610897267112,0.0,27.497610897267112,2.0,,,,CALCULABLE,継続標本のみを用い母集団推計を行うため、本系列に比べサンプルサイズが小さくなる。,営業利益及び経常利益については、標準誤差率の算出は行っていない。,継続標本PDFは利益水準とその符号を公表しないため、売上高と営業利益の増加率から得る利益率方向は代理指標である。
20261,CAPITAL,three_disjoint_capital_buckets,interest_expense,支払利息等,24,1億円以上 - 10億円未満,-503.25999999999976,7.444828739056724,0.0,7.444828739056724,1.0,,,,CALCULABLE,継続標本のみを用い母集団推計を行うため、本系列に比べサンプルサイズが小さくなる。,営業利益及び経常利益については、標準誤差率の算出は行っていない。,継続標本PDFは利益水準とその符号を公表しないため、売上高と営業利益の増加率から得る利益率方向は代理指標である。
20261,CAPITAL,three_disjoint_capital_buckets,interest_expense,支払利息等,25,10億円以上,-4397.799999999999,65.05756036367617,0.0,65.05756036367617,3.0,,,,CALCULABLE,継続標本のみを用い母集団推計を行うため、本系列に比べサンプルサイズが小さくなる。,営業利益及び経常利益については、標準誤差率の算出は行っていない。,継続標本PDFは利益水準とその符号を公表しないため、売上高と営業利益の増加率から得る利益率方向は代理指標である。
20261,INDUSTRY,major,interest_expense,支払利息等,105,農林水産業(集約),12.950000000000003,-0.19157201480504035,69.58624395486294,0.1905229892836336,1.0,69.58624395486294,100.0,100.0,CALCULABLE,継続標本のみを用い母集団推計を行うため、本系列に比べサンプルサイズが小さくなる。,営業利益及び経常利益については、標準誤差率の算出は行っていない。,継続標本PDFは利益水準とその符号を公表しないため、売上高と営業利益の増加率から得る利益率方向は代理指標である。
20261,INDUSTRY,major,interest_expense,支払利息等,106,鉱業、採石業、砂利採取業,-22.45999999999998,0.3322554017390889,0.0,0.3304360107575603,3.0,69.58624395486294,100.0,100.0,CALCULABLE,継続標本のみを用い母集団推計を行うため、本系列に比べサンプルサイズが小さくなる。,営業利益及び経常利益については、標準誤差率の算出は行っていない。,継続標本PDFは利益水準とその符号を公表しないため、売上高と営業利益の増加率から得る利益率方向は代理指標である。
20261,INDUSTRY,major,interest_expense,支払利息等,107,建設業,-109.66999999999996,1.6223708775033794,0.0,1.6134869679332884,4.0,69.58624395486294,100.0,100.0,CALCULABLE,継続標本のみを用い母集団推計を行うため、本系列に比べサンプルサイズが小さくなる。,営業利益及び経常利益については、標準誤差率の算出は行っていない。,継続標本PDFは利益水準とその符号を公表しないため、売上高と営業利益の増加率から得る利益率方向は代理指標である。
20261,INDUSTRY,major,interest_expense,支払利息等,108,製造業,-1640.25,24.264555774823737,0.0,24.13168595926486,10.0,69.58624395486294,100.0,100.0,CALCULABLE,継続標本のみを用い母集団推計を行うため、本系列に比べサンプルサイズが小さくなる。,営業利益及び経常利益については、標準誤差率の算出は行っていない。,継続標本PDFは利益水準とその符号を公表しないため、売上高と営業利益の増加率から得る利益率方向は代理指標である。
20261,INDUSTRY,major,interest_expense,支払利息等,129,卸売業・小売業(集約),-1015.9500000000003,15.029157408585386,0.0,14.946859533799811,9.0,69.58624395486294,100.0,100.0,CALCULABLE,継続標本のみを用い母集団推計を行うため、本系列に比べサンプルサイズが小さくなる。,営業利益及び経常利益については、標準誤差率の算出は行っていない。,継続標本PDFは利益水準とその符号を公表しないため、売上高と営業利益の増加率から得る利益率方向は代理指標である。
20261,INDUSTRY,major,interest_expense,支払利息等,134,運輸業、郵便業(集約),-304.68000000000006,4.507193935969089,0.0,4.482513079145751,6.0,69.58624395486294,100.0,100.0,CALCULABLE,継続標本のみを用い母集団推計を行うため、本系列に比べサンプルサイズが小さくなる。,営業利益及び経常利益については、標準誤差率の算出は行っていない。,継続標本PDFは利益水準とその符号を公表しないため、売上高と営業利益の増加率から得る利益率方向は代理指標である。
20261,INDUSTRY,major,interest_expense,支払利息等,135,電気業,-293.49,4.341657963330602,0.0,4.3178835617647575,5.0,69.58624395486294,100.0,100.0,CALCULABLE,継続標本のみを用い母集団推計を行うため、本系列に比べサンプルサイズが小さくなる。,営業利益及び経常利益については、標準誤差率の算出は行っていない。,継続標本PDFは利益水準とその符号を公表しないため、売上高と営業利益の増加率から得る利益率方向は代理指標である。
20261,INDUSTRY,major,interest_expense,支払利息等,136,ガス・熱供給・水道業,5.660000000000011,-0.08372954469471276,30.41375604513706,0.08327105168690101,2.0,69.58624395486294,100.0,100.0,CALCULABLE,継続標本のみを用い母集団推計を行うため、本系列に比べサンプルサイズが小さくなる。,営業利益及び経常利益については、標準誤差率の算出は行っていない。,継続標本PDFは利益水準とその符号を公表しないため、売上高と営業利益の増加率から得る利益率方向は代理指標である。
20261,INDUSTRY,major,interest_expense,支払利息等,137,サービス業(集約),-2182.71,32.289278180317346,0.0,32.11246594125713,11.0,69.58624395486294,100.0,100.0,CALCULABLE,継続標本のみを用い母集団推計を行うため、本系列に比べサンプルサイズが小さくなる。,営業利益及び経常利益については、標準誤差率の算出は行っていない。,継続標本PDFは利益水準とその符号を公表しないため、売上高と営業利益の増加率から得る利益率方向は代理指標である。
20261,INDUSTRY,major,interest_expense,支払利息等,142,情報通信業,-559.21,8.27250860224916,0.0,8.227209331065694,7.0,69.58624395486294,100.0,100.0,CALCULABLE,継続標本のみを用い母集団推計を行うため、本系列に比べサンプルサイズが小さくなる。,営業利益及び経常利益については、標準誤差率の算出は行っていない。,継続標本PDFは利益水準とその符号を公表しないため、売上高と営業利益の増加率から得る利益率方向は代理指標である。
20261,INDUSTRY,major,interest_expense,支払利息等,155,不動産業、物品賃貸業(集約),-650.0499999999997,9.616323414981961,0.0,9.563665574040614,8.0,69.58624395486294,100.0,100.0,CALCULABLE,継続標本のみを用い母集団推計を行うため、本系列に比べサンプルサイズが小さくなる。,営業利益及び経常利益については、標準誤差率の算出は行っていない。,継続標本PDFは利益水準とその符号を公表しないため、売上高と営業利益の増加率から得る利益率方向は代理指標である。
20261,INDUSTRY,leaf,interest_expense,支払利息等,101,農業、林業,16.690000000000005,-0.2468986044089671,4.741611977613002,0.2236114386160476,5.0,48.0127276343078,83.80067615557262,93.66459274411206,CALCULABLE,継続標本のみを用い母集団推計を行うため、本系列に比べサンプルサイズが小さくなる。,営業利益及び経常利益については、標準誤差率の算出は行っていない。,継続標本PDFは利益水準とその符号を公表しないため、売上高と営業利益の増加率から得る利益率方向は代理指標である。
20261,INDUSTRY,leaf,interest_expense,支払利息等,103,漁業,-3.74,0.0553265896039267,0.0,0.050108255268065775,11.0,48.0127276343078,83.80067615557262,93.66459274411206,CALCULABLE,継続標本のみを用い母集団推計を行うため、本系列に比べサンプルサイズが小さくなる。,営業利益及び経常利益については、標準誤差率の算出は行っていない。,継続標本PDFは利益水準とその符号を公表しないため、売上高と営業利益の増加率から得る利益率方向は代理指標である。
20261,INDUSTRY,leaf,interest_expense,支払利息等,106,鉱業、採石業、砂利採取業,-22.45999999999998,0.3322554017390889,0.0,0.3009174901927156,20.0,48.0127276343078,83.80067615557262,93.66459274411206,CALCULABLE,継続標本のみを用い母集団推計を行うため、本系列に比べサンプルサイズが小さくなる。,営業利益及び経常利益については、標準誤差率の算出は行っていない。,継続標本PDFは利益水準とその符号を公表しないため、売上高と営業利益の増加率から得る利益率方向は代理指標である。
20261,INDUSTRY,leaf,interest_expense,支払利息等,107,建設業,-109.66999999999996,1.6223708775033794,0.0,1.46935089712534,30.0,48.0127276343078,83.80067615557262,93.66459274411206,CALCULABLE,継続標本のみを用い母集団推計を行うため、本系列に比べサンプルサイズが小さくなる。,営業利益及び経常利益については、標準誤差率の算出は行っていない。,継続標本PDFは利益水準とその符号を公表しないため、売上高と営業利益の増加率から得る利益率方向は代理指標である。
20261,INDUSTRY,leaf,interest_expense,支払利息等,109,食料品製造業,-158.82000000000005,2.349456941415947,0.0,2.127859118094708,33.0,48.0127276343078,83.80067615557262,93.66459274411206,CALCULABLE,継続標本のみを用い母集団推計を行うため、本系列に比べサンプルサイズが小さくなる。,営業利益及び経常利益については、標準誤差率の算出は行っていない。,継続標本PDFは利益水準とその符号を公表しないため、売上高と営業利益の増加率から得る利益率方向は代理指標である。
20261,INDUSTRY,leaf,interest_expense,支払利息等,110,繊維工業,-8.620000000000005,0.12751743379300762,0.0,0.11549014984244042,13.0,48.0127276343078,83.80067615557262,93.66459274411206,CALCULABLE,継続標本のみを用い母集団推計を行うため、本系列に比べサンプルサイズが小さくなる。,営業利益及び経常利益については、標準誤差率の算出は行っていない。,継続標本PDFは利益水準とその符号を公表しないため、売上高と営業利益の増加率から得る利益率方向は代理指標である。
20261,INDUSTRY,leaf,interest_expense,支払利息等,112,木材・木製品製造業,-8.889999999999997,0.13151159935264925,0.0,0.11910759073077662,14.0,48.0127276343078,83.80067615557262,93.66459274411206,CALCULABLE,継続標本のみを用い母集団推計を行うため、本系列に比べサンプルサイズが小さくなる。,営業利益及び経常利益については、標準誤差率の算出は行っていない。,継続標本PDFは利益水準とその符号を公表しないため、売上高と営業利益の増加率から得る利益率方向は代理指標である。
20261,INDUSTRY,leaf,interest_expense,支払利息等,113,パルプ・紙・紙加工品製造業,-29.010000000000005,0.42915089957484326,0.0,0.38867392655791133,23.0,48.0127276343078,83.80067615557262,93.66459274411206,CALCULABLE,継続標本のみを用い母集団推計を行うため、本系列に比べサンプルサイズが小さくなる。,営業利益及び経常利益については、標準誤差率の算出は行っていない。,継続標本PDFは利益水準とその符号を公表しないため、売上高と営業利益の増加率から得る利益率方向は代理指標である。
20261,INDUSTRY,leaf,interest_expense,支払利息等,114,印刷・同関連業,-12.990000000000002,0.1921637430360984,0.0,0.1740391005166242,15.0,48.0127276343078,83.80067615557262,93.66459274411206,CALCULABLE,継続標本のみを用い母集団推計を行うため、本系列に比べサンプルサイズが小さくなる。,営業利益及び経常利益については、標準誤差率の算出は行っていない。,継続標本PDFは利益水準とその符号を公表しないため、売上高と営業利益の増加率から得る利益率方向は代理指標である。
20261,INDUSTRY,leaf,interest_expense,支払利息等,115,化学工業,-219.3699999999999,3.245185551180052,0.0,2.9391037321271614,35.0,48.0127276343078,83.80067615557262,93.66459274411206,CALCULABLE,継続標本のみを用い母集団推計を行うため、本系列に比べサンプルサイズが小さくなる。,営業利益及び経常利益については、標準誤差率の算出は行っていない。,継続標本PDFは利益水準とその符号を公表しないため、売上高と営業利益の増加率から得る利益率方向は代理指標である。
20261,INDUSTRY,leaf,interest_expense,支払利息等,116,石油製品・石炭製品製造業,-17.419999999999995,0.25769764462577616,0.0,0.2333919269437715,18.0,48.0127276343078,83.80067615557262,93.66459274411206,CALCULABLE,継続標本のみを用い母集団推計を行うため、本系列に比べサンプルサイズが小さくなる。,営業利益及び経常利益については、標準誤差率の算出は行っていない。,継続標本PDFは利益水準とその符号を公表しないため、売上高と営業利益の増加率から得る利益率方向は代理指標である。
20261,INDUSTRY,leaf,interest_expense,支払利息等,117,窯業・土石製品製造業,-20.89999999999999,0.3091780007278256,0.0,0.2800167206156616,19.0,48.0127276343078,83.80067615557262,93.66459274411206,CALCULABLE,継続標本のみを用い母集団推計を行うため、本系列に比べサンプルサイズが小さくなる。,営業利益及び経常利益については、標準誤差率の算出は行っていない。,継続標本PDFは利益水準とその符号を公表しないため、売上高と営業利益の増加率から得る利益率方向は代理指標である。
20261,INDUSTRY,leaf,interest_expense,支払利息等,118,鉄鋼業,-125.97999999999999,1.8636480637172956,0.0,1.687871122639285,32.0,48.0127276343078,83.80067615557262,93.66459274411206,CALCULABLE,継続標本のみを用い母集団推計を行うため、本系列に比べサンプルサイズが小さくなる。,営業利益及び経常利益については、標準誤差率の算出は行っていない。,継続標本PDFは利益水準とその符号を公表しないため、売上高と営業利益の増加率から得る利益率方向は代理指標である。
20261,INDUSTRY,leaf,interest_expense,支払利息等,119,非鉄金属製造業,-26.859999999999985,0.3973455071554734,0.0,0.3598683787433813,21.0,48.0127276343078,83.80067615557262,93.66459274411206,CALCULABLE,継続標本のみを用い母集団推計を行うため、本系列に比べサンプルサイズが小さくなる。,営業利益及び経常利益については、標準誤差率の算出は行っていない。,継続標本PDFは利益水準とその符号を公表しないため、売上高と営業利益の増加率から得る利益率方向は代理指標である。
20261,INDUSTRY,leaf,interest_expense,支払利息等,120,金属製品製造業,-89.72999999999999,1.3273943543209472,0.0,1.2021961885570966,28.0,48.0127276343078,83.80067615557262,93.66459274411206,CALCULABLE,継続標本のみを用い母集団推計を行うため、本系列に比べサンプルサイズが小さくなる。,営業利益及び経常利益については、標準誤差率の算出は行っていない。,継続標本PDFは利益水準とその符号を公表しないため、売上高と営業利益の増加率から得る利益率方向は代理指標である。
20261,INDUSTRY,leaf,interest_expense,支払利息等,121,生産用機械器具製造業,169.0,-2.5000517762202175,48.0127276343078,2.264250037514202,1.0,48.0127276343078,83.80067615557262,93.66459274411206,CALCULABLE,継続標本のみを用い母集団推計を行うため、本系列に比べサンプルサイズが小さくなる。,営業利益及び経常利益については、標準誤差率の算出は行っていない。,継続標本PDFは利益水準とその符号を公表しないため、売上高と営業利益の増加率から得る利益率方向は代理指標である。
20261,INDUSTRY,leaf,interest_expense,支払利息等,122,電気機械器具製造業,-105.54999999999995,1.5614228697044013,0.0,1.414151428755171,29.0,48.0127276343078,83.80067615557262,93.66459274411206,CALCULABLE,継続標本のみを用い母集団推計を行うため、本系列に比べサンプルサイズが小さくなる。,営業利益及び経常利益については、標準誤差率の算出は行っていない。,継続標本PDFは利益水準とその符号を公表しないため、売上高と営業利益の増加率から得る利益率方向は代理指標である。
20261,INDUSTRY,leaf,interest_expense,支払利息等,123,自動車・同附属品製造業,-257.67999999999995,3.8119132644758906,0.0,3.4523784003944344,36.0,48.0127276343078,83.80067615557262,93.66459274411206,CALCULABLE,継続標本のみを用い母集団推計を行うため、本系列に比べサンプルサイズが小さくなる。,営業利益及び経常利益については、標準誤差率の算出は行っていない。,継続標本PDFは利益水準とその符号を公表しないため、売上高と営業利益の増加率から得る利益率方向は代理指標である。
20261,INDUSTRY,leaf,interest_expense,支払利息等,124,業務用機械器具製造業,2.3000000000000114,-0.03402437328583745,0.6534276541947248,0.030815237196939,8.0,48.0127276343078,83.80067615557262,93.66459274411206,CALCULABLE,継続標本のみを用い母集団推計を行うため、本系列に比べサンプルサイズが小さくなる。,営業利益及び経常利益については、標準誤差率の算出は行っていない。,継続標本PDFは利益水準とその符号を公表しないため、売上高と営業利益の増加率から得る利益率方向は代理指標である。
20261,INDUSTRY,leaf,interest_expense,支払利息等,125,その他の輸送用機械器具製造業,-87.68,1.297068282479223,0.0,1.174730433664173,27.0,48.0127276343078,83.80067615557262,93.66459274411206,CALCULABLE,継続標本のみを用い母集団推計を行うため、本系列に比べサンプルサイズが小さくなる。,営業利益及び経常利益については、標準誤差率の算出は行っていない。,継続標本PDFは利益水準とその符号を公表しないため、売上高と営業利益の増加率から得る利益率方向は代理指標である。
20261,INDUSTRY,leaf,interest_expense,支払利息等,126,その他の製造業,-14.980000000000018,0.2216022225312361,0.0,0.20070097965658457,16.0,48.0127276343078,83.80067615557262,93.66459274411206,CALCULABLE,継続標本のみを用い母集団推計を行うため、本系列に比べサンプルサイズが小さくなる。,営業利益及び経常利益については、標準誤差率の算出は行っていない。,継続標本PDFは利益水準とその符号を公表しないため、売上高と営業利益の増加率から得る利益率方向は代理指標である。
20261,INDUSTRY,leaf,interest_expense,支払利息等,127,卸売業,-417.7399999999998,6.179713781054633,0.0,5.596850950717055,40.0,48.0127276343078,83.80067615557262,93.66459274411206,CALCULABLE,継続標本のみを用い母集団推計を行うため、本系列に比べサンプルサイズが小さくなる。,営業利益及び経常利益については、標準誤差率の算出は行っていない。,継続標本PDFは利益水準とその符号を公表しないため、売上高と営業利益の増加率から得る利益率方向は代理指標である。
20261,INDUSTRY,leaf,interest_expense,支払利息等,128,小売業,-598.2100000000002,8.84944362753075,0.0,8.014775236339474,43.0,48.0127276343078,83.80067615557262,93.66459274411206,CALCULABLE,継続標本のみを用い母集団推計を行うため、本系列に比べサンプルサイズが小さくなる。,営業利益及び経常利益については、標準誤差率の算出は行っていない。,継続標本PDFは利益水準とその符号を公表しないため、売上高と営業利益の増加率から得る利益率方向は代理指標である。
20261,INDUSTRY,leaf,interest_expense,支払利息等,130,不動産業,-561.5,8.306385043477231,0.0,7.522937254817896,42.0,48.0127276343078,83.80067615557262,93.66459274411206,CALCULABLE,継続標本のみを用い母集団推計を行うため、本系列に比べサンプルサイズが小さくなる。,営業利益及び経常利益については、標準誤差率の算出は行っていない。,継続標本PDFは利益水準とその符号を公表しないため、売上高と営業利益の増加率から得る利益率方向は代理指標である。
20261,INDUSTRY,leaf,interest_expense,支払利息等,131,陸運業,-258.35,3.8218247123461135,0.0,3.4613550129691957,37.0,48.0127276343078,83.80067615557262,93.66459274411206,CALCULABLE,継続標本のみを用い母集団推計を行うため、本系列に比べサンプルサイズが小さくなる。,営業利益及び経常利益については、標準誤差率の算出は行っていない。,継続標本PDFは利益水準とその符号を公表しないため、売上高と営業利益の増加率から得る利益率方向は代理指標である。
20261,INDUSTRY,leaf,interest_expense,支払利息等,132,水運業,-43.18000000000001,0.6387706254271539,0.0,0.5785225835494867,24.0,48.0127276343078,83.80067615557262,93.66459274411206,CALCULABLE,継続標本のみを用い母集団推計を行うため、本系列に比べサンプルサイズが小さくなる。,営業利益及び経常利益については、標準誤差率の算出は行っていない。,継続標本PDFは利益水準とその符号を公表しないため、売上高と営業利益の増加率から得る利益率方向は代理指標である。
20261,INDUSTRY,leaf,interest_expense,支払利息等,133,その他の運輸業,-3.1499999999999773,0.04659859819582028,0.0,0.04220347703058985,10.0,48.0127276343078,83.80067615557262,93.66459274411206,CALCULABLE,継続標本のみを用い母集団推計を行うため、本系列に比べサンプルサイズが小さくなる。,営業利益及び経常利益については、標準誤差率の算出は行っていない。,継続標本PDFは利益水準とその符号を公表しないため、売上高と営業利益の増加率から得る利益率方向は代理指標である。
20261,INDUSTRY,leaf,interest_expense,支払利息等,135,電気業,-293.49,4.341657963330602,0.0,3.932158245621557,38.0,48.0127276343078,83.80067615557262,93.66459274411206,CALCULABLE,継続標本のみを用い母集団推計を行うため、本系列に比べサンプルサイズが小さくなる。,営業利益及び経常利益については、標準誤差率の算出は行っていない。,継続標本PDFは利益水準とその符号を公表しないため、売上高と営業利益の増加率から得る利益率方向は代理指標である。
20261,INDUSTRY,leaf,interest_expense,支払利息等,136,ガス・熱供給・水道業,5.660000000000011,-0.08372954469471276,1.6080002272791871,0.07583227936290182,7.0,48.0127276343078,83.80067615557262,93.66459274411206,CALCULABLE,継続標本のみを用い母集団推計を行うため、本系列に比べサンプルサイズが小さくなる。,営業利益及び経常利益については、標準誤差率の算出は行っていない。,継続標本PDFは利益水準とその符号を公表しないため、売上高と営業利益の増加率から得る利益率方向は代理指標である。
20261,INDUSTRY,leaf,interest_expense,支払利息等,138,広告業,69.3,-1.0251691603080535,19.688059319867044,0.9284764946729834,2.0,48.0127276343078,83.80067615557262,93.66459274411206,CALCULABLE,継続標本のみを用い母集団推計を行うため、本系列に比べサンプルサイズが小さくなる。,営業利益及び経常利益については、標準誤差率の算出は行っていない。,継続標本PDFは利益水準とその符号を公表しないため、売上高と営業利益の増加率から得る利益率方向は代理指標である。
20261,INDUSTRY,leaf,interest_expense,支払利息等,139,宿泊業,1.4000000000000057,-0.02071048808703147,0.3977385721185277,0.01875710090248459,9.0,48.0127276343078,83.80067615557262,93.66459274411206,CALCULABLE,継続標本のみを用い母集団推計を行うため、本系列に比べサンプルサイズが小さくなる。,営業利益及び経常利益については、標準誤差率の算出は行っていない。,継続標本PDFは利益水準とその符号を公表しないため、売上高と営業利益の増加率から得る利益率方向は代理指標である。
20261,INDUSTRY,leaf,interest_expense,支払利息等,140,生活関連サービス業,56.66999999999999,-0.8383309713514774,16.099889201397765,0.7592606486741409,3.0,48.0127276343078,83.80067615557262,93.66459274411206,CALCULABLE,継続標本のみを用い母集団推計を行うため、本系列に比べサンプルサイズが小さくなる。,営業利益及び経常利益については、標準誤差率の算出は行っていない。,継続標本PDFは利益水準とその符号を公表しないため、売上高と営業利益の増加率から得る利益率方向は代理指標である。
20261,INDUSTRY,leaf,interest_expense,支払利息等,141,娯楽業,-198.3,2.9334927054702318,0.0,2.656809363544771,34.0,48.0127276343078,83.80067615557262,93.66459274411206,CALCULABLE,継続標本のみを用い母集団推計を行うため、本系列に比べサンプルサイズが小さくなる。,営業利益及び経常利益については、標準誤差率の算出は行っていない。,継続標本PDFは利益水準とその符号を公表しないため、売上高と営業利益の増加率から得る利益率方向は代理指標である。
20261,INDUSTRY,leaf,interest_expense,支払利息等,142,情報通信業,-559.21,8.27250860224916,0.0,7.4922559969131175,41.0,48.0127276343078,83.80067615557262,93.66459274411206,CALCULABLE,継続標本のみを用い母集団推計を行うため、本系列に比べサンプルサイズが小さくなる。,営業利益及び経常利益については、標準誤差率の算出は行っていない。,継続標本PDFは利益水準とその符号を公表しないため、売上高と営業利益の増加率から得る利益率方向は代理指標である。
20261,INDUSTRY,leaf,interest_expense,支払利息等,143,その他のサービス業,-15.899999999999977,0.23521197184557038,0.0,0.21302707453535955,17.0,48.0127276343078,83.80067615557262,93.66459274411206,CALCULABLE,継続標本のみを用い母集団推計を行うため、本系列に比べサンプルサイズが小さくなる。,営業利益及び経常利益については、標準誤差率の算出は行っていない。,継続標本PDFは利益水準とその符号を公表しないため、売上高と営業利益の増加率から得る利益率方向は代理指標である。
20261,INDUSTRY,leaf,interest_expense,支払利息等,145,情報通信機械器具製造業,-598.91,8.859798871574261,0.0,8.024153786790714,44.0,48.0127276343078,83.80067615557262,93.66459274411206,CALCULABLE,継続標本のみを用い母集団推計を行うため、本系列に比べサンプルサイズが小さくなる。,営業利益及び経常利益については、標準誤差率の算出は行っていない。,継続標本PDFは利益水準とその符号を公表しないため、売上高と営業利益の増加率から得る利益率方向は代理指標である。
20261,INDUSTRY,leaf,interest_expense,支払利息等,148,飲食サービス業,-121.03000000000003,1.7904216951238636,0.0,1.6215513730197866,31.0,48.0127276343078,83.80067615557262,93.66459274411206,CALCULABLE,継続標本のみを用い母集団推計を行うため、本系列に比べサンプルサイズが小さくなる。,営業利益及び経常利益については、標準誤差率の算出は行っていない。,継続標本PDFは利益水準とその符号を公表しないため、売上高と営業利益の増加率から得る利益率方向は代理指標である。
20261,INDUSTRY,leaf,interest_expense,支払利息等,150,リース業,-83.66000000000003,1.2375995952578902,0.0,1.1208707582156106,25.0,48.0127276343078,83.80067615557262,93.66459274411206,CALCULABLE,継続標本のみを用い母集団推計を行うため、本系列に比べサンプルサイズが小さくなる。,営業利益及び経常利益については、標準誤差率の算出は行っていない。,継続標本PDFは利益水準とその符号を公表しないため、売上高と営業利益の増加率から得る利益率方向は代理指標である。
20261,INDUSTRY,leaf,interest_expense,支払利息等,151,その他の物品賃貸業,-4.890000000000001,0.07233877624684536,0.0,0.06551587386653521,12.0,48.0127276343078,83.80067615557262,93.66459274411206,CALCULABLE,継続標本のみを用い母集団推計を行うため、本系列に比べサンプルサイズが小さくなる。,営業利益及び経常利益については、標準誤差率の算出は行っていない。,継続標本PDFは利益水準とその符号を公表しないため、売上高と営業利益の増加率から得る利益率方向は代理指標である。
20261,INDUSTRY,leaf,interest_expense,支払利息等,152,医療、福祉業,-85.42999999999999,1.263783569482208,0.0,1.144585092928037,26.0,48.0127276343078,83.80067615557262,93.66459274411206,CALCULABLE,継続標本のみを用い母集団推計を行うため、本系列に比べサンプルサイズが小さくなる。,営業利益及び経常利益については、標準誤差率の算出は行っていない。,継続標本PDFは利益水準とその符号を公表しないため、売上高と営業利益の増加率から得る利益率方向は代理指標である。
20261,INDUSTRY,leaf,interest_expense,支払利息等,153,教育、学習支援業,18.03,-0.2667215001494114,5.122304610926448,0.24156466376556843,4.0,48.0127276343078,83.80067615557262,93.66459274411206,CALCULABLE,継続標本のみを用い母集団推計を行うため、本系列に比べサンプルサイズが小さくなる。,営業利益及び経常利益については、標準誤差率の算出は行っていない。,継続標本PDFは利益水準とその符号を公表しないため、売上高と営業利益の増加率から得る利益率方向は代理指標である。
20261,INDUSTRY,leaf,interest_expense,支払利息等,154,はん用機械器具製造業,-28.159999999999997,0.4165766746648598,0.0,0.37728568672425994,22.0,48.0127276343078,83.80067615557262,93.66459274411206,CALCULABLE,継続標本のみを用い母集団推計を行うため、本系列に比べサンプルサイズが小さくなる。,営業利益及び経常利益については、標準誤差率の算出は行っていない。,継続標本PDFは利益水準とその符号を公表しないため、売上高と営業利益の増加率から得る利益率方向は代理指標である。
20261,INDUSTRY,leaf,interest_expense,支払利息等,158,純粋持株会社,-1603.4300000000003,23.719869938134817,0.0,21.48264164290768,45.0,48.0127276343078,83.80067615557262,93.66459274411206,CALCULABLE,継続標本のみを用い母集団推計を行うため、本系列に比べサンプルサイズが小さくなる。,営業利益及び経常利益については、標準誤差率の算出は行っていない。,継続標本PDFは利益水準とその符号を公表しないため、売上高と営業利益の増加率から得る利益率方向は代理指標である。
20261,INDUSTRY,leaf,interest_expense,支払利息等,159,その他の学術研究、専門・技術サービス業,-316.96,4.688854502903905,0.0,4.246607644322493,39.0,48.0127276343078,83.80067615557262,93.66459274411206,CALCULABLE,継続標本のみを用い母集団推計を行うため、本系列に比べサンプルサイズが小さくなる。,営業利益及び経常利益については、標準誤差率の算出は行っていない。,継続標本PDFは利益水準とその符号を公表しないため、売上高と営業利益の増加率から得る利益率方向は代理指標である。
20261,INDUSTRY,leaf,interest_expense,支払利息等,160,職業紹介・労働者派遣業,12.940000000000001,-0.19142408274727582,3.67624080229552,0.17336920405582118,6.0,48.0127276343078,83.80067615557262,93.66459274411206,CALCULABLE,継続標本のみを用い母集団推計を行うため、本系列に比べサンプルサイズが小さくなる。,営業利益及び経常利益については、標準誤差率の算出は行っていない。,継続標本PDFは利益水準とその符号を公表しないため、売上高と営業利益の増加率から得る利益率方向は代理指標である。
20261,CAPITAL,three_disjoint_capital_buckets,other_non_operating_expense,その他の営業外費用,19,1千万円以上 - 1億円未満,1337.039999999999,19.690933752372917,19.690933752372917,19.690933752372917,2.0,68.81871186560494,100.0,100.0,CALCULABLE,継続標本のみを用い母集団推計を行うため、本系列に比べサンプルサイズが小さくなる。,営業利益及び経常利益については、標準誤差率の算出は行っていない。,継続標本PDFは利益水準とその符号を公表しないため、売上高と営業利益の増加率から得る利益率方向は代理指標である。
20261,CAPITAL,three_disjoint_capital_buckets,other_non_operating_expense,その他の営業外費用,24,1億円以上 - 10億円未満,780.21,11.490354382022142,11.490354382022142,11.490354382022142,3.0,68.81871186560494,100.0,100.0,CALCULABLE,継続標本のみを用い母集団推計を行うため、本系列に比べサンプルサイズが小さくなる。,営業利益及び経常利益については、標準誤差率の算出は行っていない。,継続標本PDFは利益水準とその符号を公表しないため、売上高と営業利益の増加率から得る利益率方向は代理指標である。
20261,CAPITAL,three_disjoint_capital_buckets,other_non_operating_expense,その他の営業外費用,25,10億円以上,4672.880000000001,68.81871186560494,68.81871186560494,68.81871186560494,1.0,68.81871186560494,100.0,100.0,CALCULABLE,継続標本のみを用い母集団推計を行うため、本系列に比べサンプルサイズが小さくなる。,営業利益及び経常利益については、標準誤差率の算出は行っていない。,継続標本PDFは利益水準とその符号を公表しないため、売上高と営業利益の増加率から得る利益率方向は代理指標である。
20261,INDUSTRY,major,other_non_operating_expense,その他の営業外費用,105,農林水産業(集約),32.36,0.4765740862104261,0.37608490500253366,0.31059388122375525,7.0,63.51220997531507,92.40915155431382,98.9341549246668,CALCULABLE,継続標本のみを用い母集団推計を行うため、本系列に比べサンプルサイズが小さくなる。,営業利益及び経常利益については、標準誤差率の算出は行っていない。,継続標本PDFは利益水準とその符号を公表しないため、売上高と営業利益の増加率から得る利益率方向は代理指標である。
20261,INDUSTRY,major,other_non_operating_expense,その他の営業外費用,106,鉱業、採石業、砂利採取業,188.34000000000003,2.7737318725856506,2.1888699322675276,1.8077024595080988,5.0,63.51220997531507,92.40915155431382,98.9341549246668,CALCULABLE,継続標本のみを用い母集団推計を行うため、本系列に比べサンプルサイズが小さくなる。,営業利益及び経常利益については、標準誤差率の算出は行っていない。,継続標本PDFは利益水準とその符号を公表しないため、売上高と営業利益の増加率から得る利益率方向は代理指標である。
20261,INDUSTRY,major,other_non_operating_expense,その他の営業外費用,107,建設業,-23.049999999999955,-0.3394633092444468,0.0,0.22123575284942967,8.0,63.51220997531507,92.40915155431382,98.9341549246668,CALCULABLE,継続標本のみを用い母集団推計を行うため、本系列に比べサンプルサイズが小さくなる。,営業利益及び経常利益については、標準誤差率の算出は行っていない。,継続標本PDFは利益水準とその符号を公表しないため、売上高と営業利益の増加率から得る利益率方向は代理指標である。
20261,INDUSTRY,major,other_non_operating_expense,その他の営業外費用,108,製造業,5464.869999999999,80.48255335317586,63.51220997531507,52.45226154769045,1.0,63.51220997531507,92.40915155431382,98.9341549246668,CALCULABLE,継続標本のみを用い母集団推計を行うため、本系列に比べサンプルサイズが小さくなる。,営業利益及び経常利益については、標準誤差率の算出は行っていない。,継続標本PDFは利益水準とその符号を公表しないため、売上高と営業利益の増加率から得る利益率方向は代理指標である。
20261,INDUSTRY,major,other_non_operating_expense,その他の営業外費用,129,卸売業・小売業(集約),1464.5900000000001,21.569395578582448,17.021328523413498,14.057252549490103,2.0,63.51220997531507,92.40915155431382,98.9341549246668,CALCULABLE,継続標本のみを用い母集団推計を行うため、本系列に比べサンプルサイズが小さくなる。,営業利益及び経常利益については、標準誤差率の算出は行っていない。,継続標本PDFは利益水準とその符号を公表しないため、売上高と営業利益の増加率から得る利益率方向は代理指標である。
20261,INDUSTRY,major,other_non_operating_expense,その他の営業外費用,134,運輸業、郵便業(集約),373.10000000000014,5.494740159614031,4.336133438085456,3.581043791241753,4.0,63.51220997531507,92.40915155431382,98.9341549246668,CALCULABLE,継続標本のみを用い母集団推計を行うため、本系列に比べサンプルサイズが小さくなる。,営業利益及び経常利益については、標準誤差率の算出は行っていない。,継続標本PDFは利益水準とその符号を公表しないため、売上高と営業利益の増加率から得る利益率方向は代理指標である。
20261,INDUSTRY,major,other_non_operating_expense,その他の営業外費用,135,電気業,59.350000000000136,0.874062794084946,0.6897601703306682,0.5696460707858442,6.0,63.51220997531507,92.40915155431382,98.9341549246668,CALCULABLE,継続標本のみを用い母集団推計を行うため、本系列に比べサンプルサイズが小さくなる。,営業利益及び経常利益については、標準誤差率の算出は行っていない。,継続標本PDFは利益水準とその符号を公表しないため、売上高と営業利益の増加率から得る利益率方向は代理指標である。
20261,INDUSTRY,major,other_non_operating_expense,その他の営業外費用,136,ガス・熱供給・水道業,-131.66,-1.9389908587906273,0.0,1.2636832633473305,9.0,63.51220997531507,92.40915155431382,98.9341549246668,CALCULABLE,継続標本のみを用い母集団推計を行うため、本系列に比べサンプルサイズが小さくなる。,営業利益及び経常利益については、標準誤差率の算出は行っていない。,継続標本PDFは利益水準とその符号を公表しないため、売上高と営業利益の増加率から得る利益率方向は代理指標である。
20261,INDUSTRY,major,other_non_operating_expense,その他の営業外費用,137,サービス業(集約),-1074.4299999999994,-15.82340838835191,0.0,10.312465506898615,11.0,63.51220997531507,92.40915155431382,98.9341549246668,CALCULABLE,継続標本のみを用い母集団推計を行うため、本系列に比べサンプルサイズが小さくなる。,営業利益及び経常利益については、標準誤差率の算出は行っていない。,継続標本PDFは利益水準とその符号を公表しないため、売上高と営業利益の増加率から得る利益率方向は代理指標である。
20261,INDUSTRY,major,other_non_operating_expense,その他の営業外費用,142,情報通信業,1021.8299999999999,15.048754589381941,11.875613055585257,9.807606478704258,3.0,63.51220997531507,92.40915155431382,98.9341549246668,CALCULABLE,継続標本のみを用い母集団推計を行うため、本系列に比べサンプルサイズが小さくなる。,営業利益及び経常利益については、標準誤差率の算出は行っていない。,継続標本PDFは利益水準とその符号を公表しないため、売上高と営業利益の増加率から得る利益率方向は代理指標である。
20261,INDUSTRY,major,other_non_operating_expense,その他の営業外費用,155,不動産業、物品賃貸業(集約),-585.1700000000001,-8.617949877248302,0.0,5.616508698260349,10.0,63.51220997531507,92.40915155431382,98.9341549246668,CALCULABLE,継続標本のみを用い母集団推計を行うため、本系列に比べサンプルサイズが小さくなる。,営業利益及び経常利益については、標準誤差率の算出は行っていない。,継続標本PDFは利益水準とその符号を公表しないため、売上高と営業利益の増加率から得る利益率方向は代理指標である。
20261,INDUSTRY,leaf,other_non_operating_expense,その他の営業外費用,101,農業、林業,6.729999999999997,0.09911444994425726,0.05550199617506301,0.03854248693535685,31.0,32.582310779840164,54.97650030637432,67.09449111761889,CALCULABLE,継続標本のみを用い母集団推計を行うため、本系列に比べサンプルサイズが小さくなる。,営業利益及び経常利益については、標準誤差率の算出は行っていない。,継続標本PDFは利益水準とその符号を公表しないため、売上高と営業利益の増加率から得る利益率方向は代理指標である。
20261,INDUSTRY,leaf,other_non_operating_expense,その他の営業外費用,103,漁業,25.63,0.3774596362661686,0.21136941485391758,0.14678216049824616,28.0,32.582310779840164,54.97650030637432,67.09449111761889,CALCULABLE,継続標本のみを用い母集団推計を行うため、本系列に比べサンプルサイズが小さくなる。,営業利益及び経常利益については、標準誤差率の算出は行っていない。,継続標本PDFは利益水準とその符号を公表しないため、売上高と営業利益の増加率から得る利益率方向は代理指標である。
20261,INDUSTRY,leaf,other_non_operating_expense,その他の営業外費用,106,鉱業、採石業、砂利採取業,188.34000000000003,2.7737318725856497,1.55323119756484,1.0786169375044745,11.0,32.582310779840164,54.97650030637432,67.09449111761889,CALCULABLE,継続標本のみを用い母集団推計を行うため、本系列に比べサンプルサイズが小さくなる。,営業利益及び経常利益については、標準誤差率の算出は行っていない。,継続標本PDFは利益水準とその符号を公表しないため、売上高と営業利益の増加率から得る利益率方向は代理指標である。
20261,INDUSTRY,leaf,other_non_operating_expense,その他の営業外費用,107,建設業,-23.049999999999955,-0.3394633092444467,0.0,0.13200658601188323,34.0,32.582310779840164,54.97650030637432,67.09449111761889,CALCULABLE,継続標本のみを用い母集団推計を行うため、本系列に比べサンプルサイズが小さくなる。,営業利益及び経常利益については、標準誤差率の算出は行っていない。,継続標本PDFは利益水準とその符号を公表しないため、売上高と営業利益の増加率から得る利益率方向は代理指標である。
20261,INDUSTRY,leaf,other_non_operating_expense,その他の営業外費用,109,食料品製造業,618.9899999999999,9.116025760920627,5.104781666033025,3.544935213687451,6.0,32.582310779840164,54.97650030637432,67.09449111761889,CALCULABLE,継続標本のみを用い母集団推計を行うため、本系列に比べサンプルサイズが小さくなる。,営業利益及び経常利益については、標準誤差率の算出は行っていない。,継続標本PDFは利益水準とその符号を公表しないため、売上高と営業利益の増加率から得る利益率方向は代理指標である。
20261,INDUSTRY,leaf,other_non_operating_expense,その他の営業外費用,110,繊維工業,127.35,1.875516374502402,1.0502495115741868,0.7293292290070873,17.0,32.582310779840164,54.97650030637432,67.09449111761889,CALCULABLE,継続標本のみを用い母集団推計を行うため、本系列に比べサンプルサイズが小さくなる。,営業利益及び経常利益については、標準誤差率の算出は行っていない。,継続標本PDFは利益水準とその符号を公表しないため、売上高と営業利益の増加率から得る利益率方向は代理指標である。
20261,INDUSTRY,leaf,other_non_operating_expense,その他の営業外費用,112,木材・木製品製造業,114.33999999999999,1.6839147409548851,0.9429566482402238,0.6548213902212042,19.0,32.582310779840164,54.97650030637432,67.09449111761889,CALCULABLE,継続標本のみを用い母集団推計を行うため、本系列に比べサンプルサイズが小さくなる。,営業利益及び経常利益については、標準誤差率の算出は行っていない。,継続標本PDFは利益水準とその符号を公表しないため、売上高と営業利益の増加率から得る利益率方向は代理指標である。
20261,INDUSTRY,leaf,other_non_operating_expense,その他の営業外費用,113,パルプ・紙・紙加工品製造業,147.18,2.1675579112623757,1.2137865968864454,0.8428949817452933,15.0,32.582310779840164,54.97650030637432,67.09449111761889,CALCULABLE,継続標本のみを用い母集団推計を行うため、本系列に比べサンプルサイズが小さくなる。,営業利益及び経常利益については、標準誤差率の算出は行っていない。,継続標本PDFは利益水準とその符号を公表しないため、売上高と営業利益の増加率から得る利益率方向は代理指標である。
20261,INDUSTRY,leaf,other_non_operating_expense,その他の営業外費用,114,印刷・同関連業,30.48999999999998,0.4490341127489455,0.25144960822848006,0.17461521941441757,27.0,32.582310779840164,54.97650030637432,67.09449111761889,CALCULABLE,継続標本のみを用い母集団推計を行うため、本系列に比べサンプルサイズが小さくなる。,営業利益及び経常利益については、標準誤差率の算出は行っていない。,継続標本PDFは利益水準とその符号を公表しないため、売上高と営業利益の増加率から得る利益率方向は代理指標である。
20261,INDUSTRY,leaf,other_non_operating_expense,その他の営業外費用,115,化学工業,89.99000000000001,1.3253059956142221,0.7421433336989484,0.5153697472975877,21.0,32.582310779840164,54.97650030637432,67.09449111761889,CALCULABLE,継続標本のみを用い母集団推計を行うため、本系列に比べサンプルサイズが小さくなる。,営業利益及び経常利益については、標準誤差率の算出は行っていない。,継続標本PDFは利益水準とその符号を公表しないため、売上高と営業利益の増加率から得る利益率方向は代理指標である。
20261,INDUSTRY,leaf,other_non_operating_expense,その他の営業外費用,116,石油製品・石炭製品製造業,-7.220000000000006,-0.10633080662667731,0.0,0.04134870069439477,33.0,32.582310779840164,54.97650030637432,67.09449111761889,CALCULABLE,継続標本のみを用い母集団推計を行うため、本系列に比べサンプルサイズが小さくなる。,営業利益及び経常利益については、標準誤差率の算出は行っていない。,継続標本PDFは利益水準とその符号を公表しないため、売上高と営業利益の増加率から得る利益率方向は代理指標である。
20261,INDUSTRY,leaf,other_non_operating_expense,その他の営業外費用,117,窯業・土石製品製造業,64.09000000000003,0.9438699995434553,0.528547241435333,0.36704130574844324,23.0,32.582310779840164,54.97650030637432,67.09449111761889,CALCULABLE,継続標本のみを用い母集団推計を行うため、本系列に比べサンプルサイズが小さくなる。,営業利益及び経常利益については、標準誤差率の算出は行っていない。,継続標本PDFは利益水準とその符号を公表しないため、売上高と営業利益の増加率から得る利益率方向は代理指標である。
20261,INDUSTRY,leaf,other_non_operating_expense,その他の営業外費用,118,鉄鋼業,-101.14999999999998,-1.4896622008709692,0.0,0.5792826974013888,37.0,32.582310779840164,54.97650030637432,67.09449111761889,CALCULABLE,継続標本のみを用い母集団推計を行うため、本系列に比べサンプルサイズが小さくなる。,営業利益及び経常利益については、標準誤差率の算出は行っていない。,継続標本PDFは利益水準とその符号を公表しないため、売上高と営業利益の増加率から得る利益率方向は代理指標である。
20261,INDUSTRY,leaf,other_non_operating_expense,その他の営業外費用,119,非鉄金属製造業,9.68999999999994,0.14270713520948697,0.07991297814804718,0.05549430882668734,30.0,32.582310779840164,54.97650030637432,67.09449111761889,CALCULABLE,継続標本のみを用い母集団推計を行うため、本系列に比べサンプルサイズが小さくなる。,営業利益及び経常利益については、標準誤差率の算出は行っていない。,継続標本PDFは利益水準とその符号を公表しないため、売上高と営業利益の増加率から得る利益率方向は代理指標である。
20261,INDUSTRY,leaf,other_non_operating_expense,その他の営業外費用,120,金属製品製造業,149.10000000000002,2.195834247650634,1.2296207473554084,0.8538907581072378,14.0,32.582310779840164,54.97650030637432,67.09449111761889,CALCULABLE,継続標本のみを用い母集団推計を行うため、本系列に比べサンプルサイズが小さくなる。,営業利益及び経常利益については、標準誤差率の算出は行っていない。,継続標本PDFは利益水準とその符号を公表しないため、売上高と営業利益の増加率から得る利益率方向は代理指標である。
20261,INDUSTRY,leaf,other_non_operating_expense,その他の営業外費用,121,生産用機械器具製造業,-217.73000000000002,-3.206566000945489,0.0,1.246932493378195,39.0,32.582310779840164,54.97650030637432,67.09449111761889,CALCULABLE,継続標本のみを用い母集団推計を行うため、本系列に比べサンプルサイズが小さくなる。,営業利益及び経常利益については、標準誤差率の算出は行っていない。,継続標本PDFは利益水準とその符号を公表しないため、売上高と営業利益の増加率から得る利益率方向は代理指標である。
20261,INDUSTRY,leaf,other_non_operating_expense,その他の営業外費用,122,電気機械器具製造業,-868.27,-12.787236768662746,0.0,4.972553511346554,44.0,32.582310779840164,54.97650030637432,67.09449111761889,CALCULABLE,継続標本のみを用い母集団推計を行うため、本系列に比べサンプルサイズが小さくなる。,営業利益及び経常利益については、標準誤差率の算出は行っていない。,継続標本PDFは利益水準とその符号を公表しないため、売上高と営業利益の増加率から得る利益率方向は代理指標である。
20261,INDUSTRY,leaf,other_non_operating_expense,その他の営業外費用,123,自動車・同附属品製造業,3950.83,58.1848948400104,32.582310779840164,22.626272460448142,1.0,32.582310779840164,54.97650030637432,67.09449111761889,CALCULABLE,継続標本のみを用い母集団推計を行うため、本系列に比べサンプルサイズが小さくなる。,営業利益及び経常利益については、標準誤差率の算出は行っていない。,継続標本PDFは利益水準とその符号を公表しないため、売上高と営業利益の増加率から得る利益率方向は代理指標である。
20261,INDUSTRY,leaf,other_non_operating_expense,その他の営業外費用,124,業務用機械器具製造業,168.07000000000005,2.475210342070034,1.386065452770111,0.9625313193499898,13.0,32.582310779840164,54.97650030637432,67.09449111761889,CALCULABLE,継続標本のみを用い母集団推計を行うため、本系列に比べサンプルサイズが小さくなる。,営業利益及び経常利益については、標準誤差率の算出は行っていない。,継続標本PDFは利益水準とその符号を公表しないため、売上高と営業利益の増加率から得る利益率方向は代理指標である。
20261,INDUSTRY,leaf,other_non_operating_expense,その他の営業外費用,125,その他の輸送用機械器具製造業,86.46000000000004,1.273318772983728,0.7130315883054906,0.49515355429880475,22.0,32.582310779840164,54.97650030637432,67.09449111761889,CALCULABLE,継続標本のみを用い母集団推計を行うため、本系列に比べサンプルサイズが小さくなる。,営業利益及び経常利益については、標準誤差率の算出は行っていない。,継続標本PDFは利益水準とその符号を公表しないため、売上高と営業利益の増加率から得る利益率方向は代理指標である。
20261,INDUSTRY,leaf,other_non_operating_expense,その他の営業外費用,126,その他の製造業,740.7600000000001,10.909364032794658,6.10901317780679,4.242307967642639,4.0,32.582310779840164,54.97650030637432,67.09449111761889,CALCULABLE,継続標本のみを用い母集団推計を行うため、本系列に比べサンプルサイズが小さくなる。,営業利益及び経常利益については、標準誤差率の算出は行っていない。,継続標本PDFは利益水準とその符号を公表しないため、売上高と営業利益の増加率から得る利益率方向は代理指標である。
20261,INDUSTRY,leaf,other_non_operating_expense,その他の営業外費用,127,卸売業,1693.62,24.94237960097965,13.967205165231835,9.699305605268812,2.0,32.582310779840164,54.97650030637432,67.09449111761889,CALCULABLE,継続標本のみを用い母集団推計を行うため、本系列に比べサンプルサイズが小さくなる。,営業利益及び経常利益については、標準誤差率の算出は行っていない。,継続標本PDFは利益水準とその符号を公表しないため、売上高と営業利益の増加率から得る利益率方向は代理指標である。
20261,INDUSTRY,leaf,other_non_operating_expense,その他の営業外費用,128,小売業,-229.02999999999997,-3.3729840223972136,0.0,1.3116472188417212,40.0,32.582310779840164,54.97650030637432,67.09449111761889,CALCULABLE,継続標本のみを用い母集団推計を行うため、本系列に比べサンプルサイズが小さくなる。,営業利益及び経常利益については、標準誤差率の算出は行っていない。,継続標本PDFは利益水準とその符号を公表しないため、売上高と営業利益の増加率から得る利益率方向は代理指標である。
20261,INDUSTRY,leaf,other_non_operating_expense,その他の営業外費用,130,不動産業,-383.25,-5.644221833749867,0.0,2.194860047247477,42.0,32.582310779840164,54.97650030637432,67.09449111761889,CALCULABLE,継続標本のみを用い母集団推計を行うため、本系列に比べサンプルサイズが小さくなる。,営業利益及び経常利益については、標準誤差率の算出は行っていない。,継続標本PDFは利益水準とその符号を公表しないため、売上高と営業利益の増加率から得る利益率方向は代理指標である。
20261,INDUSTRY,leaf,other_non_operating_expense,その他の営業外費用,131,陸運業,234.75,3.457223941220565,1.935972303431805,1.344405469253347,9.0,32.582310779840164,54.97650030637432,67.09449111761889,CALCULABLE,継続標本のみを用い母集団推計を行うため、本系列に比べサンプルサイズが小さくなる。,営業利益及び経常利益については、標準誤差率の算出は行っていない。,継続標本PDFは利益水準とその符号を公表しないため、売上高と営業利益の増加率から得る利益率方向は代理指標である。
20261,INDUSTRY,leaf,other_non_operating_expense,その他の営業外費用,132,水運業,132.55,1.9520981188872668,1.093133669094295,0.7591094566540199,16.0,32.582310779840164,54.97650030637432,67.09449111761889,CALCULABLE,継続標本のみを用い母集団推計を行うため、本系列に比べサンプルサイズが小さくなる。,営業利益及び経常利益については、標準誤差率の算出は行っていない。,継続標本PDFは利益水準とその符号を公表しないため、売上高と営業利益の増加率から得る利益率方向は代理指標である。
20261,INDUSTRY,leaf,other_non_operating_expense,その他の営業外費用,133,その他の運輸業,5.800000000000011,0.08541809950619517,0.04783232954165917,0.03321640776004016,32.0,32.582310779840164,54.97650030637432,67.09449111761889,CALCULABLE,継続標本のみを用い母集団推計を行うため、本系列に比べサンプルサイズが小さくなる。,営業利益及び経常利益については、標準誤差率の算出は行っていない。,継続標本PDFは利益水準とその符号を公表しないため、売上高と営業利益の増加率から得る利益率方向は代理指標である。
20261,INDUSTRY,leaf,other_non_operating_expense,その他の営業外費用,135,電気業,59.350000000000136,0.8740627940849457,0.4894566824650815,0.33989548285489385,24.0,32.582310779840164,54.97650030637432,67.09449111761889,CALCULABLE,継続標本のみを用い母集団推計を行うため、本系列に比べサンプルサイズが小さくなる。,営業利益及び経常利益については、標準誤差率の算出は行っていない。,継続標本PDFは利益水準とその符号を公表しないため、売上高と営業利益の増加率から得る利益率方向は代理指標である。
20261,INDUSTRY,leaf,other_non_operating_expense,その他の営業外費用,136,ガス・熱供給・水道業,-131.66,-1.9389908587906262,0.0,0.7540124561529101,38.0,32.582310779840164,54.97650030637432,67.09449111761889,CALCULABLE,継続標本のみを用い母集団推計を行うため、本系列に比べサンプルサイズが小さくなる。,営業利益及び経常利益については、標準誤差率の算出は行っていない。,継続標本PDFは利益水準とその符号を公表しないため、売上高と営業利益の増加率から得る利益率方向は代理指標である。
20261,INDUSTRY,leaf,other_non_operating_expense,その他の営業外費用,138,広告業,94.67,1.3942295655606,0.7807390754670457,0.5421719521798268,20.0,32.582310779840164,54.97650030637432,67.09449111761889,CALCULABLE,継続標本のみを用い母集団推計を行うため、本系列に比べサンプルサイズが小さくなる。,営業利益及び経常利益については、標準誤差率の算出は行っていない。,継続標本PDFは利益水準とその符号を公表しないため、売上高と営業利益の増加率から得る利益率方向は代理指標である。
20261,INDUSTRY,leaf,other_non_operating_expense,その他の営業外費用,139,宿泊業,25.060000000000002,0.3690650989009046,0.20666865143344426,0.14351778939079393,29.0,32.582310779840164,54.97650030637432,67.09449111761889,CALCULABLE,継続標本のみを用い母集団推計を行うため、本系列に比べサンプルサイズが小さくなる。,営業利益及び経常利益については、標準誤差率の算出は行っていない。,継続標本PDFは利益水準とその符号を公表しないため、売上高と営業利益の増加率から得る利益率方向は代理指標である。
20261,INDUSTRY,leaf,other_non_operating_expense,その他の営業外費用,140,生活関連サービス業,221.79000000000002,3.266358670599826,1.8290917877663047,1.2701839788102232,10.0,32.582310779840164,54.97650030637432,67.09449111761889,CALCULABLE,継続標本のみを用い母集団推計を行うため、本系列に比べサンプルサイズが小さくなる。,営業利益及び経常利益については、標準誤差率の算出は行っていない。,継続標本PDFは利益水準とその符号を公表しないため、売上高と営業利益の増加率から得る利益率方向は代理指標である。
20261,INDUSTRY,leaf,other_non_operating_expense,その他の営業外費用,141,娯楽業,117.1,1.7245619745130059,0.9657182395393583,0.6706278187414991,18.0,32.582310779840164,54.97650030637432,67.09449111761889,CALCULABLE,継続標本のみを用い母集団推計を行うため、本系列に比べサンプルサイズが小さくなる。,営業利益及び経常利益については、標準誤差率の算出は行っていない。,継続標本PDFは利益水準とその符号を公表しないため、売上高と営業利益の増加率から得る利益率方向は代理指標である。
20261,INDUSTRY,leaf,other_non_operating_expense,その他の営業外費用,142,情報通信業,1021.8299999999999,15.048754589381936,8.426984361302328,5.851986541627891,3.0,32.582310779840164,54.97650030637432,67.09449111761889,CALCULABLE,継続標本のみを用い母集団推計を行うため、本系列に比べサンプルサイズが小さくなる。,営業利益及び経常利益については、標準誤差率の算出は行っていない。,継続標本PDFは利益水準とその符号を公表しないため、売上高と営業利益の増加率から得る利益率方向は代理指標である。
20261,INDUSTRY,leaf,other_non_operating_expense,その他の営業外費用,143,その他のサービス業,568.8200000000002,8.377159200192043,4.691032015497677,3.2576132865631053,7.0,32.582310779840164,54.97650030637432,67.09449111761889,CALCULABLE,継続標本のみを用い母集団推計を行うため、本系列に比べサンプルサイズが小さくなる。,営業利益及び経常利益については、標準誤差率の算出は行っていない。,継続標本PDFは利益水準とその符号を公表しないため、売上高と営業利益の増加率から得る利益率方向は代理指標である。
20261,INDUSTRY,leaf,other_non_operating_expense,その他の営業外費用,145,情報通信機械器具製造業,437.5499999999997,6.443911972230275,3.6084544467160202,2.505834347483713,8.0,32.582310779840164,54.97650030637432,67.09449111761889,CALCULABLE,継続標本のみを用い母集団推計を行うため、本系列に比べサンプルサイズが小さくなる。,営業利益及び経常利益については、標準誤差率の算出は行っていない。,継続標本PDFは利益水準とその符号を公表しないため、売上高と営業利益の増加率から得る利益率方向は代理指標である。
20261,INDUSTRY,leaf,other_non_operating_expense,その他の営業外費用,148,飲食サービス業,-253.31,-3.730561859640389,0.0,1.4506979740854753,41.0,32.582310779840164,54.97650030637432,67.09449111761889,CALCULABLE,継続標本のみを用い母集団推計を行うため、本系列に比べサンプルサイズが小さくなる。,営業利益及び経常利益については、標準誤差率の算出は行っていない。,継続標本PDFは利益水準とその符号を公表しないため、売上高と営業利益の増加率から得る利益率方向は代理指標である。
20261,INDUSTRY,leaf,other_non_operating_expense,その他の営業外費用,150,リース業,181.44999999999996,2.6722610612757034,1.4964096888506961,1.0391581358722888,12.0,32.582310779840164,54.97650030637432,67.09449111761889,CALCULABLE,継続標本のみを用い母集団推計を行うため、本系列に比べサンプルサイズが小さくなる。,営業利益及び経常利益については、標準誤差率の算出は行っていない。,継続標本PDFは利益水準とその符号を公表しないため、売上高と営業利益の増加率から得る利益率方向は代理指標である。
20261,INDUSTRY,leaf,other_non_operating_expense,その他の営業外費用,151,その他の物品賃貸業,-383.37,-5.6459891047741335,0.0,2.1955472832700984,43.0,32.582310779840164,54.97650030637432,67.09449111761889,CALCULABLE,継続標本のみを用い母集団推計を行うため、本系列に比べサンプルサイズが小さくなる。,営業利益及び経常利益については、標準誤差率の算出は行っていない。,継続標本PDFは利益水準とその符号を公表しないため、売上高と営業利益の増加率から得る利益率方向は代理指標である。
20261,INDUSTRY,leaf,other_non_operating_expense,その他の営業外費用,152,医療、福祉業,44.67999999999999,0.6580139113684125,0.3684738765381599,0.25588087908941226,25.0,32.582310779840164,54.97650030637432,67.09449111761889,CALCULABLE,継続標本のみを用い母集団推計を行うため、本系列に比べサンプルサイズが小さくなる。,営業利益及び経常利益については、標準誤差率の算出は行っていない。,継続標本PDFは利益水準とその符号を公表しないため、売上高と営業利益の増加率から得る利益率方向は代理指標である。
20261,INDUSTRY,leaf,other_non_operating_expense,その他の営業外費用,153,教育、学習支援業,-33.379999999999995,-0.4915958899166877,0.0,0.1911661536258859,35.0,32.582310779840164,54.97650030637432,67.09449111761889,CALCULABLE,継続標本のみを用い母集団推計を行うため、本系列に比べサンプルサイズが小さくなる。,営業利益及び経常利益については、標準誤差率の算出は行っていない。,継続標本PDFは利益水準とその符号を公表しないため、売上高と営業利益の増加率から得る利益率方向は代理指標である。
20261,INDUSTRY,leaf,other_non_operating_expense,その他の営業外費用,154,はん用機械器具製造業,-75.65000000000003,-1.1141171082144232,0.0,0.43324504259431623,36.0,32.582310779840164,54.97650030637432,67.09449111761889,CALCULABLE,継続標本のみを用い母集団推計を行うため、本系列に比べサンプルサイズが小さくなる。,営業利益及び経常利益については、標準誤差率の算出は行っていない。,継続標本PDFは利益水準とその符号を公表しないため、売上高と営業利益の増加率から得る利益率方向は代理指標である。
20261,INDUSTRY,leaf,other_non_operating_expense,その他の営業外費用,158,純粋持株会社,-2628.49,-38.71045178811008,0.0,15.053275109170308,45.0,32.582310779840164,54.97650030637432,67.09449111761889,CALCULABLE,継続標本のみを用い母集団推計を行うため、本系列に比べサンプルサイズが小さくなる。,営業利益及び経常利益については、標準誤差率の算出は行っていない。,継続標本PDFは利益水準とその符号を公表しないため、売上高と営業利益の増加率から得る利益率方向は代理指標である。
20261,INDUSTRY,leaf,other_non_operating_expense,その他の営業外費用,159,その他の学術研究、専門・技術サービス業,728.6299999999999,10.730722386758423,6.008977633437767,4.172839859689312,5.0,32.582310779840164,54.97650030637432,67.09449111761889,CALCULABLE,継続標本のみを用い母集団推計を行うため、本系列に比べサンプルサイズが小さくなる。,営業利益及び経常利益については、標準誤差率の算出は行っていない。,継続標本PDFは利益水準とその符号を公表しないため、売上高と営業利益の増加率から得る利益率方向は代理指標である。
20261,INDUSTRY,leaf,other_non_operating_expense,その他の営業外費用,160,職業紹介・労働者派遣業,40.0,0.5890903414220345,0.32987813477006256,0.2290786742071731,26.0,32.582310779840164,54.97650030637432,67.09449111761889,CALCULABLE,継続標本のみを用い母集団推計を行うため、本系列に比べサンプルサイズが小さくなる。,営業利益及び経常利益については、標準誤差率の算出は行っていない。,継続標本PDFは利益水準とその符号を公表しないため、売上高と営業利益の増加率から得る利益率方向は代理指標である。
