claim_id,article_anchor,claim_usage,chart_id,series_key,section,claim_type,claim_text,metric_id,period,coverage_scope,filters_json,value,unit,display_value,formula,source_ids,verification_status,failure_reason
C-001,fact_summary,ARTICLE_TEXT,,,要約,FACT,売上高の当期水準,sales,2026年1 - 3 月,EXCL_FINANCE_INSURANCE,"{""capital_bucket"": ""ALL_CAPITAL"", ""industry_bucket"": ""ALL_NONFINANCIAL""}",408.661405,兆円,408.7兆円,"e-Stat source value (百万円) / 100 / 10,000",table1_nonfinancial_raw,PASS,
C-002,fact_summary,ARTICLE_TEXT,,,要約,CALC,売上高の前年同期差,sales,2026年1 - 3 月,EXCL_FINANCE_INSURANCE,"{""capital_bucket"": ""ALL_CAPITAL"", ""industry_bucket"": ""ALL_NONFINANCIAL""}",4.430323999999976,兆円,4.4兆円,current raw value - year-ago raw value,table1_nonfinancial_raw,PASS,
C-003,fact_summary,ARTICLE_TEXT,,,要約,CALC,売上高の前年同期比,sales,2026年1 - 3 月,EXCL_FINANCE_INSURANCE,"{""capital_bucket"": ""ALL_CAPITAL"", ""industry_bucket"": ""ALL_NONFINANCIAL""}",1.0959879653588578,%,+1.1%,(current / year-ago - 1) × 100,table1_nonfinancial_raw,PASS,
C-004,fact_summary,ARTICLE_TEXT,,,要約,FACT,営業利益の当期水準,operating_profit,2026年1 - 3 月,EXCL_FINANCE_INSURANCE,"{""capital_bucket"": ""ALL_CAPITAL"", ""industry_bucket"": ""ALL_NONFINANCIAL""}",26.283436,兆円,26.3兆円,"e-Stat source value (百万円) / 100 / 10,000",table1_nonfinancial_raw,PASS,
C-005,fact_summary,ARTICLE_TEXT,,,要約,CALC,営業利益の前年同期差,operating_profit,2026年1 - 3 月,EXCL_FINANCE_INSURANCE,"{""capital_bucket"": ""ALL_CAPITAL"", ""industry_bucket"": ""ALL_NONFINANCIAL""}",2.597025,兆円,2.6兆円,current raw value - year-ago raw value,table1_nonfinancial_raw,PASS,
C-006,fact_summary,ARTICLE_TEXT,,,要約,CALC,営業利益の前年同期比,operating_profit,2026年1 - 3 月,EXCL_FINANCE_INSURANCE,"{""capital_bucket"": ""ALL_CAPITAL"", ""industry_bucket"": ""ALL_NONFINANCIAL""}",10.964197995213375,%,+11.0%,(current / year-ago - 1) × 100,table1_nonfinancial_raw,PASS,
C-007,fact_summary,ARTICLE_TEXT,,,要約,FACT,経常利益の当期水準,ordinary_profit,2026年1 - 3 月,EXCL_FINANCE_INSURANCE,"{""capital_bucket"": ""ALL_CAPITAL"", ""industry_bucket"": ""ALL_NONFINANCIAL""}",32.627086,兆円,32.6兆円,"e-Stat source value (百万円) / 100 / 10,000",table1_nonfinancial_raw,PASS,
C-008,fact_summary,ARTICLE_TEXT,,,要約,CALC,経常利益の前年同期差,ordinary_profit,2026年1 - 3 月,EXCL_FINANCE_INSURANCE,"{""capital_bucket"": ""ALL_CAPITAL"", ""industry_bucket"": ""ALL_NONFINANCIAL""}",4.157686999999999,兆円,4.2兆円,current raw value - year-ago raw value,table1_nonfinancial_raw,PASS,
C-009,fact_summary,ARTICLE_TEXT,,,要約,CALC,経常利益の前年同期比,ordinary_profit,2026年1 - 3 月,EXCL_FINANCE_INSURANCE,"{""capital_bucket"": ""ALL_CAPITAL"", ""industry_bucket"": ""ALL_NONFINANCIAL""}",14.604056095458851,%,+14.6%,(current / year-ago - 1) × 100,table1_nonfinancial_raw,PASS,
C-010,fact_summary,ARTICLE_TEXT,,,要約,FACT,設備投資（ソフトウェア込み）の当期水準,capex_including_software,2026年1 - 3 月,EXCL_FINANCE_INSURANCE,"{""capital_bucket"": ""ALL_CAPITAL"", ""industry_bucket"": ""ALL_NONFINANCIAL""}",18.80639,兆円,18.8兆円,"e-Stat source value (百万円) / 100 / 10,000",table1_nonfinancial_raw,PASS,
C-011,fact_summary,ARTICLE_TEXT,,,要約,CALC,設備投資（ソフトウェア込み）の前年同期差,capex_including_software,2026年1 - 3 月,EXCL_FINANCE_INSURANCE,"{""capital_bucket"": ""ALL_CAPITAL"", ""industry_bucket"": ""ALL_NONFINANCIAL""}",88.77999999999884,億円,89億円,current raw value - year-ago raw value,table1_nonfinancial_raw,PASS,
C-012,fact_summary,ARTICLE_TEXT,,,要約,CALC,設備投資（ソフトウェア込み）の前年同期比,capex_including_software,2026年1 - 3 月,EXCL_FINANCE_INSURANCE,"{""capital_bucket"": ""ALL_CAPITAL"", ""industry_bucket"": ""ALL_NONFINANCIAL""}",0.04722965464791784,%,+0.05%,(current / year-ago - 1) × 100,table1_nonfinancial_raw,PASS,
C-013,seasonal,ARTICLE_TEXT,,,季節調整,CALC,売上高の季節調整済み前期比,sales,2026年1 - 3 月,EXCL_FINANCE_INSURANCE,"{""capital_bucket"": ""ALL_CAPITAL"", ""industry_bucket"": ""ALL_NONFINANCIAL""}",1.310104771045273,%,+1.3%,(seasonally adjusted current / prior quarter - 1) × 100,table4_nonfinancial_sa;mof_published_sa_rates,PASS,
C-014,seasonal,ARTICLE_TEXT,,,季節調整,CALC,営業利益の季節調整済み前期比,operating_profit,2026年1 - 3 月,EXCL_FINANCE_INSURANCE,"{""capital_bucket"": ""ALL_CAPITAL"", ""industry_bucket"": ""ALL_NONFINANCIAL""}",7.611546247711698,%,+7.6%,(seasonally adjusted current / prior quarter - 1) × 100,table4_nonfinancial_sa;mof_published_sa_rates,PASS,
C-015,seasonal,ARTICLE_TEXT,,,季節調整,CALC,経常利益の季節調整済み前期比,ordinary_profit,2026年1 - 3 月,EXCL_FINANCE_INSURANCE,"{""capital_bucket"": ""ALL_CAPITAL"", ""industry_bucket"": ""ALL_NONFINANCIAL""}",4.081807396518733,%,+4.1%,(seasonally adjusted current / prior quarter - 1) × 100,table4_nonfinancial_sa;mof_published_sa_rates,PASS,
C-016,seasonal,ARTICLE_TEXT,,,季節調整,CALC,設備投資（ソフトウェア除く）の季節調整済み前期比,capex_excluding_software,2026年1 - 3 月,EXCL_FINANCE_INSURANCE,"{""capital_bucket"": ""ALL_CAPITAL"", ""industry_bucket"": ""ALL_NONFINANCIAL""}",-3.455958814054705,%,-3.5%,(seasonally adjusted current / prior quarter - 1) × 100,table4_nonfinancial_sa;mof_published_sa_rates,PASS,
C-017,seasonal,ARTICLE_TEXT,,,季節調整,CALC,設備投資（ソフトウェア込み）の季節調整済み前期比,capex_including_software,2026年1 - 3 月,EXCL_FINANCE_INSURANCE,"{""capital_bucket"": ""ALL_CAPITAL"", ""industry_bucket"": ""ALL_NONFINANCIAL""}",-2.0274561304659766,%,-2.0%,(seasonally adjusted current / prior quarter - 1) × 100,table4_nonfinancial_sa;mof_published_sa_rates,PASS,
C-018,finding_concentration,ARTICLE_TEXT,,,独自発見,CALC,製造業の営業利益前年差,operating_profit,2026年1 - 3 月,EXCL_FINANCE_INSURANCE,"{""capital_bucket"": ""ALL_CAPITAL"", ""industry_name"": ""製造業""}",2.7752569999999994,兆円,2.8兆円,industry current operating profit - year-ago operating profit,table1_nonfinancial_raw,PASS,
C-019,finding_concentration,ARTICLE_TEXT,,,独自発見,CALC,製造業の全体営業利益前年差への寄与率,operating_profit,2026年1 - 3 月,EXCL_FINANCE_INSURANCE,"{""capital_bucket"": ""ALL_CAPITAL"", ""industry_name"": ""製造業""}",106.86292969840487,%,106.9%,industry operating-profit delta / all-industry operating-profit delta × 100,table1_nonfinancial_raw,PASS,
C-020,finding_concentration,ARTICLE_TEXT,,,独自発見,CALC,営業利益の増益寄与・上位1業種集中度,operating_profit,2026年1 - 3 月,EXCL_FINANCE_INSURANCE,"{""industry_level"": ""published_major_industry"", ""top_n"": 1}",79.72470949857082,%,79.7%,sum(top-N positive industry deltas) / gross positive industry deltas × 100,table1_nonfinancial_raw,PASS,
C-021,finding_concentration,ARTICLE_TEXT,,,独自発見,CALC,営業利益の増益寄与・上位3業種集中度,operating_profit,2026年1 - 3 月,EXCL_FINANCE_INSURANCE,"{""industry_level"": ""published_major_industry"", ""top_n"": 3}",93.81318854943191,%,93.8%,sum(top-N positive industry deltas) / gross positive industry deltas × 100,table1_nonfinancial_raw,PASS,
C-022,finding_concentration,ARTICLE_TEXT,,,独自発見,CALC,営業利益の増益寄与・上位5業種集中度,operating_profit,2026年1 - 3 月,EXCL_FINANCE_INSURANCE,"{""industry_level"": ""published_major_industry"", ""top_n"": 5}",99.84964306746527,%,99.8%,sum(top-N positive industry deltas) / gross positive industry deltas × 100,table1_nonfinancial_raw,PASS,
C-023,finding_capital,ARTICLE_TEXT,,,独自発見,CALC,10億円以上の営業利益前年差,operating_profit,2026年1 - 3 月,EXCL_FINANCE_INSURANCE,"{""capital_size_name"": ""10億円以上""}",1.9715410000000004,兆円,2.0兆円,capital-size current operating profit - year-ago value,table1_nonfinancial_raw,PASS,
C-024,finding_capital,ARTICLE_TEXT,,,独自発見,CALC,10億円以上の営業利益前年差への寄与率,operating_profit,2026年1 - 3 月,EXCL_FINANCE_INSURANCE,"{""capital_size_name"": ""10億円以上""}",75.91536469614272,%,75.9%,capital-size operating-profit delta / all-capital delta × 100,table1_nonfinancial_raw,PASS,
C-025,finding_profit_gap,ARTICLE_TEXT,,,独自発見,CALC,経常利益と営業利益の水準差,ordinary_minus_operating,2026年1 - 3 月,EXCL_FINANCE_INSURANCE,"{""capital_bucket"": ""ALL_CAPITAL"", ""industry_bucket"": ""ALL_NONFINANCIAL""}",6.34365,兆円,6.3兆円,ordinary profit - operating profit,table1_nonfinancial_raw,PASS,
C-026,finding_profit_gap,ARTICLE_TEXT,,,独自発見,CALC,経常利益前年差と営業利益前年差の差,ordinary_minus_operating,2026年1 - 3 月,EXCL_FINANCE_INSURANCE,"{""capital_bucket"": ""ALL_CAPITAL"", ""industry_bucket"": ""ALL_NONFINANCIAL""}",1.5606619999999995,兆円,1.6兆円,ordinary-profit yoy delta - operating-profit yoy delta,table1_nonfinancial_raw,PASS,
C-027,margin,ARTICLE_TEXT,,,利益率,CALC,売上高営業利益率,operating_profit,2026年1 - 3 月,EXCL_FINANCE_INSURANCE,"{""capital_bucket"": ""ALL_CAPITAL"", ""industry_bucket"": ""ALL_NONFINANCIAL""}",6.431592432860158,%,6.4%,operating_profit / sales × 100,table1_nonfinancial_raw,PASS,
C-028,margin,ARTICLE_TEXT,,,利益率,CALC,売上高経常利益率,ordinary_profit,2026年1 - 3 月,EXCL_FINANCE_INSURANCE,"{""capital_bucket"": ""ALL_CAPITAL"", ""industry_bucket"": ""ALL_NONFINANCIAL""}",7.983892190651084,%,8.0%,ordinary_profit / sales × 100,table1_nonfinancial_raw,PASS,
C-029,software,ARTICLE_TEXT,,,設備投資,CALC,ソフトウェア投資の逆算値,software_capex_derived,2026年1 - 3 月,EXCL_FINANCE_INSURANCE,"{""capital_bucket"": ""ALL_CAPITAL"", ""industry_bucket"": ""ALL_NONFINANCIAL""}",2.240222,兆円,2.2兆円,capex including software - capex excluding software,table1_nonfinancial_raw,PASS,
C-030,software,ARTICLE_TEXT,,,設備投資,CALC,ソフトウェア投資逆算値の前年同期比,software_capex_derived,2026年1 - 3 月,EXCL_FINANCE_INSURANCE,"{""capital_bucket"": ""ALL_CAPITAL"", ""industry_bucket"": ""ALL_NONFINANCIAL""}",12.174875317964307,%,+12.2%,(derived software investment / year-ago - 1) × 100,table1_nonfinancial_raw,PASS,
C-031,allocation,ARTICLE_TEXT,,,配分,CALC,従業員1人当たり給与総額の概算,employee_pay_per_person_approx,2026年1 - 3 月,EXCL_FINANCE_INSURANCE,"{""capital_bucket"": ""ALL_CAPITAL"", ""industry_bucket"": ""ALL_NONFINANCIAL""}",115.97742603487926,万円/人,116.0万円/人,(employee wages + bonuses) × 100 / employee count,table1_nonfinancial_raw,PASS,
C-032,allocation,ARTICLE_TEXT,,,配分,CALC,現預金の前年差,cash_and_deposits,2026年1 - 3 月,EXCL_FINANCE_INSURANCE,"{""capital_bucket"": ""ALL_CAPITAL"", ""industry_bucket"": ""ALL_NONFINANCIAL""}",10.775829000000003,兆円,10.8兆円,current raw value - year-ago raw value,table1_nonfinancial_raw,PASS,
C-033,allocation,ARTICLE_TEXT,,,配分,CALC,借入金合計の前年差,total_borrowings_derived,2026年1 - 3 月,EXCL_FINANCE_INSURANCE,"{""capital_bucket"": ""ALL_CAPITAL"", ""industry_bucket"": ""ALL_NONFINANCIAL""}",41.86372599999998,兆円,41.9兆円,current raw value - year-ago raw value,table1_nonfinancial_raw,PASS,
C-034,allocation,ARTICLE_TEXT,,,配分,CALC,支払利息等の前年差,interest_expense,2026年1 - 3 月,EXCL_FINANCE_INSURANCE,"{""capital_bucket"": ""ALL_CAPITAL"", ""industry_bucket"": ""ALL_NONFINANCIAL""}",6759.860000000001,億円,"6,760億円",current raw value - year-ago raw value,table1_nonfinancial_raw,PASS,
C-035,allocation,ARTICLE_TEXT,,,配分,CALC,従業員給与・賞与合計の前年同期比,employee_total_pay_derived,2026年1 - 3 月,EXCL_FINANCE_INSURANCE,"{""capital_bucket"": ""ALL_CAPITAL"", ""industry_bucket"": ""ALL_NONFINANCIAL""}",2.211134861868125,%,+2.2%,(current raw value / year-ago raw value - 1) × 100,table1_nonfinancial_raw,PASS,
C-036,allocation,ARTICLE_TEXT,,,配分,CALC,従業員数の前年同期比,employee_count,2026年1 - 3 月,EXCL_FINANCE_INSURANCE,"{""capital_bucket"": ""ALL_CAPITAL"", ""industry_bucket"": ""ALL_NONFINANCIAL""}",0.6302408206685817,%,+0.6%,(current raw value / year-ago raw value - 1) × 100,table1_nonfinancial_raw,PASS,
C-037,scope,ARTICLE_TEXT,,,調査範囲,FACT,金融・保険業込み全産業の経常利益,ordinary_profit,2026年1 - 3 月,INCL_FINANCE_INSURANCE,"{""capital_bucket"": ""ALL_CAPITAL""}",37.094413,兆円,37.1兆円,"e-Stat Table 2 source value (百万円) / 100 / 10,000",table2_all_industries_raw,PASS,
C-038,chart_input,CHART_INPUT,operating_profit_industry_contribution,製造業,図表,CALC,業種別営業利益前年差（図表）: 製造業,operating_profit,2026年1 - 3 月,EXCL_FINANCE_INSURANCE,"{""capital_bucket"": ""ALL_CAPITAL"", ""industry_name"": ""製造業""}",2.7752569999999994,兆円,+2.78兆円,"industry operating-profit yoy delta (億円) / 10,000",table1_nonfinancial_raw,PASS,
C-039,chart_input,CHART_INPUT,operating_profit_industry_contribution,運輸業、郵便業(集約),図表,CALC,業種別営業利益前年差（図表）: 運輸業、郵便業(集約),operating_profit,2026年1 - 3 月,EXCL_FINANCE_INSURANCE,"{""capital_bucket"": ""ALL_CAPITAL"", ""industry_name"": ""運輸業、郵便業(集約)""}",0.2885440000000001,兆円,+0.29兆円,"industry operating-profit yoy delta (億円) / 10,000",table1_nonfinancial_raw,PASS,
C-040,chart_input,CHART_INPUT,operating_profit_industry_contribution,不動産業、物品賃貸業(集約),図表,CALC,業種別営業利益前年差（図表）: 不動産業、物品賃貸業(集約),operating_profit,2026年1 - 3 月,EXCL_FINANCE_INSURANCE,"{""capital_bucket"": ""ALL_CAPITAL"", ""industry_name"": ""不動産業、物品賃貸業(集約)""}",0.20188300000000017,兆円,+0.20兆円,"industry operating-profit yoy delta (億円) / 10,000",table1_nonfinancial_raw,PASS,
C-041,chart_input,CHART_INPUT,operating_profit_industry_contribution,情報通信業,図表,CALC,業種別営業利益前年差（図表）: 情報通信業,operating_profit,2026年1 - 3 月,EXCL_FINANCE_INSURANCE,"{""capital_bucket"": ""ALL_CAPITAL"", ""industry_name"": ""情報通信業""}",0.16779399999999986,兆円,+0.17兆円,"industry operating-profit yoy delta (億円) / 10,000",table1_nonfinancial_raw,PASS,
C-042,chart_input,CHART_INPUT,operating_profit_industry_contribution,農林水産業(集約),図表,CALC,業種別営業利益前年差（図表）: 農林水産業(集約),operating_profit,2026年1 - 3 月,EXCL_FINANCE_INSURANCE,"{""capital_bucket"": ""ALL_CAPITAL"", ""industry_name"": ""農林水産業(集約)""}",0.042338,兆円,+0.04兆円,"industry operating-profit yoy delta (億円) / 10,000",table1_nonfinancial_raw,PASS,
C-043,chart_input,CHART_INPUT,operating_profit_industry_contribution,卸売業・小売業(集約),図表,CALC,業種別営業利益前年差（図表）: 卸売業・小売業(集約),operating_profit,2026年1 - 3 月,EXCL_FINANCE_INSURANCE,"{""capital_bucket"": ""ALL_CAPITAL"", ""industry_name"": ""卸売業・小売業(集約)""}",0.005234000000000378,兆円,+0.01兆円,"industry operating-profit yoy delta (億円) / 10,000",table1_nonfinancial_raw,PASS,
C-044,chart_input,CHART_INPUT,operating_profit_industry_contribution,ガス・熱供給・水道業,図表,CALC,業種別営業利益前年差（図表）: ガス・熱供給・水道業,operating_profit,2026年1 - 3 月,EXCL_FINANCE_INSURANCE,"{""capital_bucket"": ""ALL_CAPITAL"", ""industry_name"": ""ガス・熱供給・水道業""}",-0.032272,兆円,-0.03兆円,"industry operating-profit yoy delta (億円) / 10,000",table1_nonfinancial_raw,PASS,
C-045,chart_input,CHART_INPUT,operating_profit_industry_contribution,鉱業、採石業、砂利採取業,図表,CALC,業種別営業利益前年差（図表）: 鉱業、採石業、砂利採取業,operating_profit,2026年1 - 3 月,EXCL_FINANCE_INSURANCE,"{""capital_bucket"": ""ALL_CAPITAL"", ""industry_name"": ""鉱業、採石業、砂利採取業""}",-0.09677500000000001,兆円,-0.10兆円,"industry operating-profit yoy delta (億円) / 10,000",table1_nonfinancial_raw,PASS,
C-046,chart_input,CHART_INPUT,operating_profit_industry_contribution,電気業,図表,CALC,業種別営業利益前年差（図表）: 電気業,operating_profit,2026年1 - 3 月,EXCL_FINANCE_INSURANCE,"{""capital_bucket"": ""ALL_CAPITAL"", ""industry_name"": ""電気業""}",-0.15649100000000002,兆円,-0.16兆円,"industry operating-profit yoy delta (億円) / 10,000",table1_nonfinancial_raw,PASS,
C-047,chart_input,CHART_INPUT,operating_profit_industry_contribution,サービス業(集約),図表,CALC,業種別営業利益前年差（図表）: サービス業(集約),operating_profit,2026年1 - 3 月,EXCL_FINANCE_INSURANCE,"{""capital_bucket"": ""ALL_CAPITAL"", ""industry_name"": ""サービス業(集約)""}",-0.2658449999999997,兆円,-0.27兆円,"industry operating-profit yoy delta (億円) / 10,000",table1_nonfinancial_raw,PASS,
C-048,chart_input,CHART_INPUT,operating_profit_industry_contribution,建設業,図表,CALC,業種別営業利益前年差（図表）: 建設業,operating_profit,2026年1 - 3 月,EXCL_FINANCE_INSURANCE,"{""capital_bucket"": ""ALL_CAPITAL"", ""industry_name"": ""建設業""}",-0.3326419999999998,兆円,-0.33兆円,"industry operating-profit yoy delta (億円) / 10,000",table1_nonfinancial_raw,PASS,
C-049,chart_input,CHART_INPUT,operating_profit_capital_contribution,10億円以上,図表,CALC,資本金規模別営業利益前年差（図表）: 10億円以上,operating_profit,2026年1 - 3 月,EXCL_FINANCE_INSURANCE,"{""capital_size_name"": ""10億円以上""}",1.9715410000000004,兆円,+1.97兆円,"capital-size operating-profit yoy delta (億円) / 10,000",table1_nonfinancial_raw,PASS,
C-050,chart_input,CHART_INPUT,operating_profit_capital_contribution,1億円以上 - 10億円未満,図表,CALC,資本金規模別営業利益前年差（図表）: 1億円以上 - 10億円未満,operating_profit,2026年1 - 3 月,EXCL_FINANCE_INSURANCE,"{""capital_size_name"": ""1億円以上 - 10億円未満""}",0.784375,兆円,+0.78兆円,"capital-size operating-profit yoy delta (億円) / 10,000",table1_nonfinancial_raw,PASS,
C-051,chart_input,CHART_INPUT,operating_profit_capital_contribution,1千万円以上 - 1億円未満,図表,CALC,資本金規模別営業利益前年差（図表）: 1千万円以上 - 1億円未満,operating_profit,2026年1 - 3 月,EXCL_FINANCE_INSURANCE,"{""capital_size_name"": ""1千万円以上 - 1億円未満""}",-0.15889100000000034,兆円,-0.16兆円,"capital-size operating-profit yoy delta (億円) / 10,000",table1_nonfinancial_raw,PASS,
C-052,chart_input,CHART_INPUT,profit_margin_and_gap,operating_margin,図表,CALC,利益率・利益差図表入力: operating_margin,operating_profit,2026年1 - 3 月,EXCL_FINANCE_INSURANCE,"{""capital_bucket"": ""ALL_CAPITAL"", ""industry_bucket"": ""ALL_NONFINANCIAL""}",6.431592432860158,%,6.4%,operating profit / sales × 100,table1_nonfinancial_raw,PASS,
C-053,chart_input,CHART_INPUT,profit_margin_and_gap,ordinary_margin,図表,CALC,利益率・利益差図表入力: ordinary_margin,ordinary_profit,2026年1 - 3 月,EXCL_FINANCE_INSURANCE,"{""capital_bucket"": ""ALL_CAPITAL"", ""industry_bucket"": ""ALL_NONFINANCIAL""}",7.983892190651084,%,8.0%,ordinary profit / sales × 100,table1_nonfinancial_raw,PASS,
C-054,chart_input,CHART_INPUT,profit_margin_and_gap,operating_level,図表,CALC,利益率・利益差図表入力: operating_level,operating_profit,2026年1 - 3 月,EXCL_FINANCE_INSURANCE,"{""capital_bucket"": ""ALL_CAPITAL"", ""industry_bucket"": ""ALL_NONFINANCIAL""}",26.283436,兆円,26.3兆円,"operating profit (億円) / 10,000",table1_nonfinancial_raw,PASS,
C-055,chart_input,CHART_INPUT,profit_margin_and_gap,ordinary_level,図表,CALC,利益率・利益差図表入力: ordinary_level,ordinary_profit,2026年1 - 3 月,EXCL_FINANCE_INSURANCE,"{""capital_bucket"": ""ALL_CAPITAL"", ""industry_bucket"": ""ALL_NONFINANCIAL""}",32.627086,兆円,32.6兆円,"ordinary profit (億円) / 10,000",table1_nonfinancial_raw,PASS,
C-056,chart_input,CHART_INPUT,profit_margin_and_gap,profit_gap,図表,CALC,利益率・利益差図表入力: profit_gap,ordinary_minus_operating,2026年1 - 3 月,EXCL_FINANCE_INSURANCE,"{""capital_bucket"": ""ALL_CAPITAL"", ""industry_bucket"": ""ALL_NONFINANCIAL""}",6.34365,兆円,6.3兆円,"(ordinary profit - operating profit) (億円) / 10,000",table1_nonfinancial_raw,PASS,
C-057,chart_input,CHART_INPUT,capex_software_bridge,capex_including_software:level,図表,CALC,設備投資比較図表の水準: capex_including_software,capex_including_software,2026年1 - 3 月,EXCL_FINANCE_INSURANCE,"{""capital_bucket"": ""ALL_CAPITAL"", ""industry_bucket"": ""ALL_NONFINANCIAL""}",18.80639,兆円,18.8兆円,"raw value (億円) / 10,000",table1_nonfinancial_raw,PASS,
C-058,chart_input,CHART_INPUT,capex_software_bridge,capex_including_software:yoy_pct,図表,CALC,設備投資比較図表の前年同期比: capex_including_software,capex_including_software,2026年1 - 3 月,EXCL_FINANCE_INSURANCE,"{""capital_bucket"": ""ALL_CAPITAL"", ""industry_bucket"": ""ALL_NONFINANCIAL""}",0.04722965464791784,%,+0.05%,(current raw value / year-ago raw value - 1) × 100,table1_nonfinancial_raw,PASS,
C-059,chart_input,CHART_INPUT,capex_software_bridge,capex_excluding_software:level,図表,CALC,設備投資比較図表の水準: capex_excluding_software,capex_excluding_software,2026年1 - 3 月,EXCL_FINANCE_INSURANCE,"{""capital_bucket"": ""ALL_CAPITAL"", ""industry_bucket"": ""ALL_NONFINANCIAL""}",16.566167999999998,兆円,16.6兆円,"raw value (億円) / 10,000",table1_nonfinancial_raw,PASS,
C-060,chart_input,CHART_INPUT,capex_software_bridge,capex_excluding_software:yoy_pct,図表,CALC,設備投資比較図表の前年同期比: capex_excluding_software,capex_excluding_software,2026年1 - 3 月,EXCL_FINANCE_INSURANCE,"{""capital_bucket"": ""ALL_CAPITAL"", ""industry_bucket"": ""ALL_NONFINANCIAL""}",-1.3943927156158886,%,-1.4%,(current raw value / year-ago raw value - 1) × 100,table1_nonfinancial_raw,PASS,
C-061,chart_input,CHART_INPUT,capex_software_bridge,software_capex_derived:level,図表,CALC,設備投資比較図表の水準: software_capex_derived,software_capex_derived,2026年1 - 3 月,EXCL_FINANCE_INSURANCE,"{""capital_bucket"": ""ALL_CAPITAL"", ""industry_bucket"": ""ALL_NONFINANCIAL""}",2.240222,兆円,2.2兆円,"raw value (億円) / 10,000",table1_nonfinancial_raw,PASS,
C-062,chart_input,CHART_INPUT,capex_software_bridge,software_capex_derived:yoy_pct,図表,CALC,設備投資比較図表の前年同期比: software_capex_derived,software_capex_derived,2026年1 - 3 月,EXCL_FINANCE_INSURANCE,"{""capital_bucket"": ""ALL_CAPITAL"", ""industry_bucket"": ""ALL_NONFINANCIAL""}",12.174875317964307,%,+12.2%,(current raw value / year-ago raw value - 1) × 100,table1_nonfinancial_raw,PASS,
C-063,chart_input,CHART_INPUT,allocation_growth,operating_profit,図表,CALC,配分比較図表の前年同期比: operating_profit,operating_profit,2026年1 - 3 月,EXCL_FINANCE_INSURANCE,"{""capital_bucket"": ""ALL_CAPITAL"", ""industry_bucket"": ""ALL_NONFINANCIAL""}",10.964197995213375,%,+11.0%,(current raw value / year-ago raw value - 1) × 100,table1_nonfinancial_raw,PASS,
C-064,chart_input,CHART_INPUT,allocation_growth,employee_total_pay_derived,図表,CALC,配分比較図表の前年同期比: employee_total_pay_derived,employee_total_pay_derived,2026年1 - 3 月,EXCL_FINANCE_INSURANCE,"{""capital_bucket"": ""ALL_CAPITAL"", ""industry_bucket"": ""ALL_NONFINANCIAL""}",2.211134861868125,%,+2.2%,(current raw value / year-ago raw value - 1) × 100,table1_nonfinancial_raw,PASS,
C-065,chart_input,CHART_INPUT,allocation_growth,employee_count,図表,CALC,配分比較図表の前年同期比: employee_count,employee_count,2026年1 - 3 月,EXCL_FINANCE_INSURANCE,"{""capital_bucket"": ""ALL_CAPITAL"", ""industry_bucket"": ""ALL_NONFINANCIAL""}",0.6302408206685817,%,+0.6%,(current raw value / year-ago raw value - 1) × 100,table1_nonfinancial_raw,PASS,
C-066,chart_input,CHART_INPUT,allocation_growth,capex_including_software,図表,CALC,配分比較図表の前年同期比: capex_including_software,capex_including_software,2026年1 - 3 月,EXCL_FINANCE_INSURANCE,"{""capital_bucket"": ""ALL_CAPITAL"", ""industry_bucket"": ""ALL_NONFINANCIAL""}",0.04722965464791784,%,+0.05%,(current raw value / year-ago raw value - 1) × 100,table1_nonfinancial_raw,PASS,
H-067,hypotheses,ARTICLE_TEXT,,,追加検証仮説,HYPOTHESIS,【HYPOTHESIS】製造業の増益にAI関連需要が関与した可能性。企業の受注・販売・投資家向け一次資料で確認が必要。,,,,{},,,,External primary-source verification required before causal assertion,,HYPOTHESIS_LABELLED,
H-068,hypotheses,ARTICLE_TEXT,,,追加検証仮説,HYPOTHESIS,【HYPOTHESIS】サービス業の減益に人件費・人手不足・価格転嫁の差が関与した可能性。業種別の一次資料で確認が必要。,,,,{},,,,External primary-source verification required before causal assertion,,HYPOTHESIS_LABELLED,
H-069,hypotheses,ARTICLE_TEXT,,,追加検証仮説,HYPOTHESIS,【HYPOTHESIS】宿泊・飲食関連の動きにインバウンド需要が関与した可能性。観光庁等の一次統計で確認が必要。,,,,{},,,,External primary-source verification required before causal assertion,,HYPOTHESIS_LABELLED,
