release_id,period_code,period,period_end,coverage_scope,seasonal_adjustment,metric_id,metric_label_ja,industry_code,industry_name,raw_value_oku_yen,raw_lag4_value_oku_yen,raw_yoy_delta_oku_yen,raw_yoy_pct,total_yoy_delta_oku_yen,contribution_pct_to_net_change,rank_by_yoy_delta,component_type,taxonomy,contribution_denominator,source_table_number,estat_sid,source_path,source_sha256
2026Q1,20261,2026年1 - 3 月,2026-03-31,EXCL_FINANCE_INSURANCE,RAW,capex_excluding_software,設備投資（ソフトウェア除く）,135,電気業,14381.85,12455.47,1926.380000000001,15.466136564898791,-2342.640000000014,-82.23115800976632,1,major_industry,MOF_PUBLISHED_MUTUALLY_EXCLUSIVE_MAJOR_INDUSTRIES,ALL_NONFINANCIAL_NET_YOY_DELTA,1,0003060191,data/raw/2026Q1/table1_nonfinancial_raw_values.json,dfc1dd198f208ac412628ee6300d36e8274a338d3e552259e261ea003e7c595c
2026Q1,20261,2026年1 - 3 月,2026-03-31,EXCL_FINANCE_INSURANCE,RAW,capex_excluding_software,設備投資（ソフトウェア除く）,142,情報通信業,12160.24,11753.82,406.4200000000001,3.4577694740943743,-2342.640000000014,-17.348803059795685,2,major_industry,MOF_PUBLISHED_MUTUALLY_EXCLUSIVE_MAJOR_INDUSTRIES,ALL_NONFINANCIAL_NET_YOY_DELTA,1,0003060191,data/raw/2026Q1/table1_nonfinancial_raw_values.json,dfc1dd198f208ac412628ee6300d36e8274a338d3e552259e261ea003e7c595c
2026Q1,20261,2026年1 - 3 月,2026-03-31,EXCL_FINANCE_INSURANCE,RAW,capex_excluding_software,設備投資（ソフトウェア除く）,106,鉱業、採石業、砂利採取業,523.34,346.15,177.19000000000005,51.188790986566524,-2342.640000000014,-7.563688829696368,3,major_industry,MOF_PUBLISHED_MUTUALLY_EXCLUSIVE_MAJOR_INDUSTRIES,ALL_NONFINANCIAL_NET_YOY_DELTA,1,0003060191,data/raw/2026Q1/table1_nonfinancial_raw_values.json,dfc1dd198f208ac412628ee6300d36e8274a338d3e552259e261ea003e7c595c
2026Q1,20261,2026年1 - 3 月,2026-03-31,EXCL_FINANCE_INSURANCE,RAW,capex_excluding_software,設備投資（ソフトウェア除く）,136,ガス・熱供給・水道業,1326.6,1317.41,9.189999999999827,0.697580859413538,-2342.640000000014,-0.3922924563739957,4,major_industry,MOF_PUBLISHED_MUTUALLY_EXCLUSIVE_MAJOR_INDUSTRIES,ALL_NONFINANCIAL_NET_YOY_DELTA,1,0003060191,data/raw/2026Q1/table1_nonfinancial_raw_values.json,dfc1dd198f208ac412628ee6300d36e8274a338d3e552259e261ea003e7c595c
2026Q1,20261,2026年1 - 3 月,2026-03-31,EXCL_FINANCE_INSURANCE,RAW,capex_excluding_software,設備投資（ソフトウェア除く）,134,運輸業、郵便業(集約),23451.25,23518.22,-66.97000000000116,-0.28475794511659824,-2342.640000000014,2.8587405661988514,5,major_industry,MOF_PUBLISHED_MUTUALLY_EXCLUSIVE_MAJOR_INDUSTRIES,ALL_NONFINANCIAL_NET_YOY_DELTA,1,0003060191,data/raw/2026Q1/table1_nonfinancial_raw_values.json,dfc1dd198f208ac412628ee6300d36e8274a338d3e552259e261ea003e7c595c
2026Q1,20261,2026年1 - 3 月,2026-03-31,EXCL_FINANCE_INSURANCE,RAW,capex_excluding_software,設備投資（ソフトウェア除く）,105,農林水産業(集約),470.6,549.7,-79.10000000000002,-14.389667091140623,-2342.640000000014,3.3765324591059462,6,major_industry,MOF_PUBLISHED_MUTUALLY_EXCLUSIVE_MAJOR_INDUSTRIES,ALL_NONFINANCIAL_NET_YOY_DELTA,1,0003060191,data/raw/2026Q1/table1_nonfinancial_raw_values.json,dfc1dd198f208ac412628ee6300d36e8274a338d3e552259e261ea003e7c595c
2026Q1,20261,2026年1 - 3 月,2026-03-31,EXCL_FINANCE_INSURANCE,RAW,capex_excluding_software,設備投資（ソフトウェア除く）,107,建設業,5936.33,6164.66,-228.32999999999993,-3.703853902729426,-2342.640000000014,9.746696035242229,7,major_industry,MOF_PUBLISHED_MUTUALLY_EXCLUSIVE_MAJOR_INDUSTRIES,ALL_NONFINANCIAL_NET_YOY_DELTA,1,0003060191,data/raw/2026Q1/table1_nonfinancial_raw_values.json,dfc1dd198f208ac412628ee6300d36e8274a338d3e552259e261ea003e7c595c
2026Q1,20261,2026年1 - 3 月,2026-03-31,EXCL_FINANCE_INSURANCE,RAW,capex_excluding_software,設備投資（ソフトウェア除く）,129,卸売業・小売業(集約),18264.37,18662.33,-397.96000000000276,-2.132423979213738,-2342.640000000014,16.98767202813921,8,major_industry,MOF_PUBLISHED_MUTUALLY_EXCLUSIVE_MAJOR_INDUSTRIES,ALL_NONFINANCIAL_NET_YOY_DELTA,1,0003060191,data/raw/2026Q1/table1_nonfinancial_raw_values.json,dfc1dd198f208ac412628ee6300d36e8274a338d3e552259e261ea003e7c595c
2026Q1,20261,2026年1 - 3 月,2026-03-31,EXCL_FINANCE_INSURANCE,RAW,capex_excluding_software,設備投資（ソフトウェア除く）,108,製造業,55286.81,55975.11,-688.3000000000029,-1.2296536800016966,-2342.640000000014,29.38138168903454,9,major_industry,MOF_PUBLISHED_MUTUALLY_EXCLUSIVE_MAJOR_INDUSTRIES,ALL_NONFINANCIAL_NET_YOY_DELTA,1,0003060191,data/raw/2026Q1/table1_nonfinancial_raw_values.json,dfc1dd198f208ac412628ee6300d36e8274a338d3e552259e261ea003e7c595c
2026Q1,20261,2026年1 - 3 月,2026-03-31,EXCL_FINANCE_INSURANCE,RAW,capex_excluding_software,設備投資（ソフトウェア除く）,137,サービス業(集約),13636.02,14405.93,-769.9099999999999,-5.344396370105919,-2342.640000000014,32.86505822490845,10,major_industry,MOF_PUBLISHED_MUTUALLY_EXCLUSIVE_MAJOR_INDUSTRIES,ALL_NONFINANCIAL_NET_YOY_DELTA,1,0003060191,data/raw/2026Q1/table1_nonfinancial_raw_values.json,dfc1dd198f208ac412628ee6300d36e8274a338d3e552259e261ea003e7c595c
2026Q1,20261,2026年1 - 3 月,2026-03-31,EXCL_FINANCE_INSURANCE,RAW,capex_excluding_software,設備投資（ソフトウェア除く）,155,不動産業、物品賃貸業(集約),20224.27,22855.52,-2631.25,-11.512536140065944,-2342.640000000014,112.31986135300278,11,major_industry,MOF_PUBLISHED_MUTUALLY_EXCLUSIVE_MAJOR_INDUSTRIES,ALL_NONFINANCIAL_NET_YOY_DELTA,1,0003060191,data/raw/2026Q1/table1_nonfinancial_raw_values.json,dfc1dd198f208ac412628ee6300d36e8274a338d3e552259e261ea003e7c595c
2026Q1,20261,2026年1 - 3 月,2026-03-31,EXCL_FINANCE_INSURANCE,RAW,capex_including_software,設備投資（ソフトウェア込み）,135,電気業,15019.34,12733.45,2285.8899999999994,17.951851226494007,88.77999999999884,2574.780355936055,1,major_industry,MOF_PUBLISHED_MUTUALLY_EXCLUSIVE_MAJOR_INDUSTRIES,ALL_NONFINANCIAL_NET_YOY_DELTA,1,0003060191,data/raw/2026Q1/table1_nonfinancial_raw_values.json,dfc1dd198f208ac412628ee6300d36e8274a338d3e552259e261ea003e7c595c
2026Q1,20261,2026年1 - 3 月,2026-03-31,EXCL_FINANCE_INSURANCE,RAW,capex_including_software,設備投資（ソフトウェア込み）,142,情報通信業,18295.9,17220.87,1075.0300000000025,6.242599822192485,88.77999999999884,1210.8920928137154,2,major_industry,MOF_PUBLISHED_MUTUALLY_EXCLUSIVE_MAJOR_INDUSTRIES,ALL_NONFINANCIAL_NET_YOY_DELTA,1,0003060191,data/raw/2026Q1/table1_nonfinancial_raw_values.json,dfc1dd198f208ac412628ee6300d36e8274a338d3e552259e261ea003e7c595c
2026Q1,20261,2026年1 - 3 月,2026-03-31,EXCL_FINANCE_INSURANCE,RAW,capex_including_software,設備投資（ソフトウェア込み）,129,卸売業・小売業(集約),21340.72,20892.74,447.97999999999956,2.1441897999017856,88.77999999999884,504.59562964632283,3,major_industry,MOF_PUBLISHED_MUTUALLY_EXCLUSIVE_MAJOR_INDUSTRIES,ALL_NONFINANCIAL_NET_YOY_DELTA,1,0003060191,data/raw/2026Q1/table1_nonfinancial_raw_values.json,dfc1dd198f208ac412628ee6300d36e8274a338d3e552259e261ea003e7c595c
2026Q1,20261,2026年1 - 3 月,2026-03-31,EXCL_FINANCE_INSURANCE,RAW,capex_including_software,設備投資（ソフトウェア込み）,106,鉱業、採石業、砂利採取業,525.24,366.62,158.62,43.26550651901151,88.77999999999884,178.6663662987183,4,major_industry,MOF_PUBLISHED_MUTUALLY_EXCLUSIVE_MAJOR_INDUSTRIES,ALL_NONFINANCIAL_NET_YOY_DELTA,1,0003060191,data/raw/2026Q1/table1_nonfinancial_raw_values.json,dfc1dd198f208ac412628ee6300d36e8274a338d3e552259e261ea003e7c595c
2026Q1,20261,2026年1 - 3 月,2026-03-31,EXCL_FINANCE_INSURANCE,RAW,capex_including_software,設備投資（ソフトウェア込み）,134,運輸業、郵便業(集約),24868.6,24761.78,106.81999999999971,0.431390635083595,88.77999999999884,120.31989186753897,5,major_industry,MOF_PUBLISHED_MUTUALLY_EXCLUSIVE_MAJOR_INDUSTRIES,ALL_NONFINANCIAL_NET_YOY_DELTA,1,0003060191,data/raw/2026Q1/table1_nonfinancial_raw_values.json,dfc1dd198f208ac412628ee6300d36e8274a338d3e552259e261ea003e7c595c
2026Q1,20261,2026年1 - 3 月,2026-03-31,EXCL_FINANCE_INSURANCE,RAW,capex_including_software,設備投資（ソフトウェア込み）,136,ガス・熱供給・水道業,1516.25,1510.78,5.470000000000027,0.36206462886720914,88.77999999999884,6.161297589547307,6,major_industry,MOF_PUBLISHED_MUTUALLY_EXCLUSIVE_MAJOR_INDUSTRIES,ALL_NONFINANCIAL_NET_YOY_DELTA,1,0003060191,data/raw/2026Q1/table1_nonfinancial_raw_values.json,dfc1dd198f208ac412628ee6300d36e8274a338d3e552259e261ea003e7c595c
2026Q1,20261,2026年1 - 3 月,2026-03-31,EXCL_FINANCE_INSURANCE,RAW,capex_including_software,設備投資（ソフトウェア込み）,105,農林水産業(集約),486.45,554.6,-68.15000000000003,-12.288135593220339,88.77999999999884,-76.7627844109044,7,major_industry,MOF_PUBLISHED_MUTUALLY_EXCLUSIVE_MAJOR_INDUSTRIES,ALL_NONFINANCIAL_NET_YOY_DELTA,1,0003060191,data/raw/2026Q1/table1_nonfinancial_raw_values.json,dfc1dd198f208ac412628ee6300d36e8274a338d3e552259e261ea003e7c595c
2026Q1,20261,2026年1 - 3 月,2026-03-31,EXCL_FINANCE_INSURANCE,RAW,capex_including_software,設備投資（ソフトウェア込み）,107,建設業,6692.58,6774.43,-81.85000000000036,-1.2082197321398258,88.77999999999884,-92.19418788015481,8,major_industry,MOF_PUBLISHED_MUTUALLY_EXCLUSIVE_MAJOR_INDUSTRIES,ALL_NONFINANCIAL_NET_YOY_DELTA,1,0003060191,data/raw/2026Q1/table1_nonfinancial_raw_values.json,dfc1dd198f208ac412628ee6300d36e8274a338d3e552259e261ea003e7c595c
2026Q1,20261,2026年1 - 3 月,2026-03-31,EXCL_FINANCE_INSURANCE,RAW,capex_including_software,設備投資（ソフトウェア込み）,108,製造業,61980.91,62251.69,-270.77999999999884,-0.4349761428163679,88.77999999999884,-305.001126379818,9,major_industry,MOF_PUBLISHED_MUTUALLY_EXCLUSIVE_MAJOR_INDUSTRIES,ALL_NONFINANCIAL_NET_YOY_DELTA,1,0003060191,data/raw/2026Q1/table1_nonfinancial_raw_values.json,dfc1dd198f208ac412628ee6300d36e8274a338d3e552259e261ea003e7c595c
2026Q1,20261,2026年1 - 3 月,2026-03-31,EXCL_FINANCE_INSURANCE,RAW,capex_including_software,設備投資（ソフトウェア込み）,137,サービス業(集約),16616.39,17268.16,-651.7700000000004,-3.7744032948501705,88.77999999999884,-734.1405722009563,10,major_industry,MOF_PUBLISHED_MUTUALLY_EXCLUSIVE_MAJOR_INDUSTRIES,ALL_NONFINANCIAL_NET_YOY_DELTA,1,0003060191,data/raw/2026Q1/table1_nonfinancial_raw_values.json,dfc1dd198f208ac412628ee6300d36e8274a338d3e552259e261ea003e7c595c
2026Q1,20261,2026年1 - 3 月,2026-03-31,EXCL_FINANCE_INSURANCE,RAW,capex_including_software,設備投資（ソフトウェア込み）,155,不動産業、物品賃貸業(集約),20721.52,23640.0,-2918.4799999999996,-12.34551607445008,88.77999999999884,-3287.3169632800605,11,major_industry,MOF_PUBLISHED_MUTUALLY_EXCLUSIVE_MAJOR_INDUSTRIES,ALL_NONFINANCIAL_NET_YOY_DELTA,1,0003060191,data/raw/2026Q1/table1_nonfinancial_raw_values.json,dfc1dd198f208ac412628ee6300d36e8274a338d3e552259e261ea003e7c595c
2026Q1,20261,2026年1 - 3 月,2026-03-31,EXCL_FINANCE_INSURANCE,RAW,operating_profit,営業利益,108,製造業,88629.4,60876.83,27752.569999999992,45.5880669213558,25970.25,106.86292969840487,1,major_industry,MOF_PUBLISHED_MUTUALLY_EXCLUSIVE_MAJOR_INDUSTRIES,ALL_NONFINANCIAL_NET_YOY_DELTA,1,0003060191,data/raw/2026Q1/table1_nonfinancial_raw_values.json,dfc1dd198f208ac412628ee6300d36e8274a338d3e552259e261ea003e7c595c
2026Q1,20261,2026年1 - 3 月,2026-03-31,EXCL_FINANCE_INSURANCE,RAW,operating_profit,営業利益,134,運輸業、郵便業(集約),8061.81,5176.37,2885.4400000000005,55.74253772431259,25970.25,11.110559197543344,2,major_industry,MOF_PUBLISHED_MUTUALLY_EXCLUSIVE_MAJOR_INDUSTRIES,ALL_NONFINANCIAL_NET_YOY_DELTA,1,0003060191,data/raw/2026Q1/table1_nonfinancial_raw_values.json,dfc1dd198f208ac412628ee6300d36e8274a338d3e552259e261ea003e7c595c
2026Q1,20261,2026年1 - 3 月,2026-03-31,EXCL_FINANCE_INSURANCE,RAW,operating_profit,営業利益,155,不動産業、物品賃貸業(集約),25824.79,23805.96,2018.8300000000017,8.48035533958722,25970.25,7.773625590820273,3,major_industry,MOF_PUBLISHED_MUTUALLY_EXCLUSIVE_MAJOR_INDUSTRIES,ALL_NONFINANCIAL_NET_YOY_DELTA,1,0003060191,data/raw/2026Q1/table1_nonfinancial_raw_values.json,dfc1dd198f208ac412628ee6300d36e8274a338d3e552259e261ea003e7c595c
2026Q1,20261,2026年1 - 3 月,2026-03-31,EXCL_FINANCE_INSURANCE,RAW,operating_profit,営業利益,142,情報通信業,20832.23,19154.29,1677.9399999999987,8.760126321570771,25970.25,6.461008269077112,4,major_industry,MOF_PUBLISHED_MUTUALLY_EXCLUSIVE_MAJOR_INDUSTRIES,ALL_NONFINANCIAL_NET_YOY_DELTA,1,0003060191,data/raw/2026Q1/table1_nonfinancial_raw_values.json,dfc1dd198f208ac412628ee6300d36e8274a338d3e552259e261ea003e7c595c
2026Q1,20261,2026年1 - 3 月,2026-03-31,EXCL_FINANCE_INSURANCE,RAW,operating_profit,営業利益,105,農林水産業(集約),297.97,-125.41,423.38,,25970.25,1.6302499975934002,5,major_industry,MOF_PUBLISHED_MUTUALLY_EXCLUSIVE_MAJOR_INDUSTRIES,ALL_NONFINANCIAL_NET_YOY_DELTA,1,0003060191,data/raw/2026Q1/table1_nonfinancial_raw_values.json,dfc1dd198f208ac412628ee6300d36e8274a338d3e552259e261ea003e7c595c
2026Q1,20261,2026年1 - 3 月,2026-03-31,EXCL_FINANCE_INSURANCE,RAW,operating_profit,営業利益,129,卸売業・小売業(集約),36377.3,36324.96,52.34000000000378,0.14408825226510658,25970.25,0.20153829863017794,6,major_industry,MOF_PUBLISHED_MUTUALLY_EXCLUSIVE_MAJOR_INDUSTRIES,ALL_NONFINANCIAL_NET_YOY_DELTA,1,0003060191,data/raw/2026Q1/table1_nonfinancial_raw_values.json,dfc1dd198f208ac412628ee6300d36e8274a338d3e552259e261ea003e7c595c
2026Q1,20261,2026年1 - 3 月,2026-03-31,EXCL_FINANCE_INSURANCE,RAW,operating_profit,営業利益,136,ガス・熱供給・水道業,912.21,1234.93,-322.72,-26.1326552922028,25970.25,-1.2426526506290854,7,major_industry,MOF_PUBLISHED_MUTUALLY_EXCLUSIVE_MAJOR_INDUSTRIES,ALL_NONFINANCIAL_NET_YOY_DELTA,1,0003060191,data/raw/2026Q1/table1_nonfinancial_raw_values.json,dfc1dd198f208ac412628ee6300d36e8274a338d3e552259e261ea003e7c595c
2026Q1,20261,2026年1 - 3 月,2026-03-31,EXCL_FINANCE_INSURANCE,RAW,operating_profit,営業利益,106,鉱業、採石業、砂利採取業,950.42,1918.17,-967.7500000000001,-50.4517326410068,25970.25,-3.7263792223794536,8,major_industry,MOF_PUBLISHED_MUTUALLY_EXCLUSIVE_MAJOR_INDUSTRIES,ALL_NONFINANCIAL_NET_YOY_DELTA,1,0003060191,data/raw/2026Q1/table1_nonfinancial_raw_values.json,dfc1dd198f208ac412628ee6300d36e8274a338d3e552259e261ea003e7c595c
2026Q1,20261,2026年1 - 3 月,2026-03-31,EXCL_FINANCE_INSURANCE,RAW,operating_profit,営業利益,135,電気業,939.62,2504.53,-1564.9100000000003,-62.48318047697572,25970.25,-6.0257794976944785,9,major_industry,MOF_PUBLISHED_MUTUALLY_EXCLUSIVE_MAJOR_INDUSTRIES,ALL_NONFINANCIAL_NET_YOY_DELTA,1,0003060191,data/raw/2026Q1/table1_nonfinancial_raw_values.json,dfc1dd198f208ac412628ee6300d36e8274a338d3e552259e261ea003e7c595c
2026Q1,20261,2026年1 - 3 月,2026-03-31,EXCL_FINANCE_INSURANCE,RAW,operating_profit,営業利益,137,サービス業(集約),42429.32,45087.77,-2658.449999999997,-5.896166521431423,25970.25,-10.236520634187183,10,major_industry,MOF_PUBLISHED_MUTUALLY_EXCLUSIVE_MAJOR_INDUSTRIES,ALL_NONFINANCIAL_NET_YOY_DELTA,1,0003060191,data/raw/2026Q1/table1_nonfinancial_raw_values.json,dfc1dd198f208ac412628ee6300d36e8274a338d3e552259e261ea003e7c595c
2026Q1,20261,2026年1 - 3 月,2026-03-31,EXCL_FINANCE_INSURANCE,RAW,operating_profit,営業利益,107,建設業,37579.29,40905.71,-3326.4199999999983,-8.131920946977822,25970.25,-12.808579047178977,11,major_industry,MOF_PUBLISHED_MUTUALLY_EXCLUSIVE_MAJOR_INDUSTRIES,ALL_NONFINANCIAL_NET_YOY_DELTA,1,0003060191,data/raw/2026Q1/table1_nonfinancial_raw_values.json,dfc1dd198f208ac412628ee6300d36e8274a338d3e552259e261ea003e7c595c
2026Q1,20261,2026年1 - 3 月,2026-03-31,EXCL_FINANCE_INSURANCE,RAW,ordinary_profit,経常利益,108,製造業,129231.15,90447.82,38783.32999999999,42.87923136234792,41576.869999999995,93.28102380001187,1,major_industry,MOF_PUBLISHED_MUTUALLY_EXCLUSIVE_MAJOR_INDUSTRIES,ALL_NONFINANCIAL_NET_YOY_DELTA,1,0003060191,data/raw/2026Q1/table1_nonfinancial_raw_values.json,dfc1dd198f208ac412628ee6300d36e8274a338d3e552259e261ea003e7c595c
2026Q1,20261,2026年1 - 3 月,2026-03-31,EXCL_FINANCE_INSURANCE,RAW,ordinary_profit,経常利益,129,卸売業・小売業(集約),50390.43,47205.72,3184.709999999999,6.746449370966068,41576.869999999995,7.659811813635802,2,major_industry,MOF_PUBLISHED_MUTUALLY_EXCLUSIVE_MAJOR_INDUSTRIES,ALL_NONFINANCIAL_NET_YOY_DELTA,1,0003060191,data/raw/2026Q1/table1_nonfinancial_raw_values.json,dfc1dd198f208ac412628ee6300d36e8274a338d3e552259e261ea003e7c595c
2026Q1,20261,2026年1 - 3 月,2026-03-31,EXCL_FINANCE_INSURANCE,RAW,ordinary_profit,経常利益,134,運輸業、郵便業(集約),8632.9,5735.09,2897.8099999999995,50.52771621718228,41576.869999999995,6.969764679255556,3,major_industry,MOF_PUBLISHED_MUTUALLY_EXCLUSIVE_MAJOR_INDUSTRIES,ALL_NONFINANCIAL_NET_YOY_DELTA,1,0003060191,data/raw/2026Q1/table1_nonfinancial_raw_values.json,dfc1dd198f208ac412628ee6300d36e8274a338d3e552259e261ea003e7c595c
2026Q1,20261,2026年1 - 3 月,2026-03-31,EXCL_FINANCE_INSURANCE,RAW,ordinary_profit,経常利益,155,不動産業、物品賃貸業(集約),28884.13,26226.49,2657.6399999999994,10.133418539804605,41576.869999999995,6.392111767913265,4,major_industry,MOF_PUBLISHED_MUTUALLY_EXCLUSIVE_MAJOR_INDUSTRIES,ALL_NONFINANCIAL_NET_YOY_DELTA,1,0003060191,data/raw/2026Q1/table1_nonfinancial_raw_values.json,dfc1dd198f208ac412628ee6300d36e8274a338d3e552259e261ea003e7c595c
2026Q1,20261,2026年1 - 3 月,2026-03-31,EXCL_FINANCE_INSURANCE,RAW,ordinary_profit,経常利益,105,農林水産業(集約),687.56,171.71,515.8499999999999,300.41931163007393,41576.869999999995,1.2407138873128256,5,major_industry,MOF_PUBLISHED_MUTUALLY_EXCLUSIVE_MAJOR_INDUSTRIES,ALL_NONFINANCIAL_NET_YOY_DELTA,1,0003060191,data/raw/2026Q1/table1_nonfinancial_raw_values.json,dfc1dd198f208ac412628ee6300d36e8274a338d3e552259e261ea003e7c595c
2026Q1,20261,2026年1 - 3 月,2026-03-31,EXCL_FINANCE_INSURANCE,RAW,ordinary_profit,経常利益,142,情報通信業,23103.3,23062.11,41.18999999999869,0.17860464632246664,41576.869999999995,0.09906950667522277,6,major_industry,MOF_PUBLISHED_MUTUALLY_EXCLUSIVE_MAJOR_INDUSTRIES,ALL_NONFINANCIAL_NET_YOY_DELTA,1,0003060191,data/raw/2026Q1/table1_nonfinancial_raw_values.json,dfc1dd198f208ac412628ee6300d36e8274a338d3e552259e261ea003e7c595c
2026Q1,20261,2026年1 - 3 月,2026-03-31,EXCL_FINANCE_INSURANCE,RAW,ordinary_profit,経常利益,106,鉱業、採石業、砂利採取業,1537.53,1748.7,-211.17000000000007,-12.075827757762914,41576.869999999995,-0.5079025910319851,7,major_industry,MOF_PUBLISHED_MUTUALLY_EXCLUSIVE_MAJOR_INDUSTRIES,ALL_NONFINANCIAL_NET_YOY_DELTA,1,0003060191,data/raw/2026Q1/table1_nonfinancial_raw_values.json,dfc1dd198f208ac412628ee6300d36e8274a338d3e552259e261ea003e7c595c
2026Q1,20261,2026年1 - 3 月,2026-03-31,EXCL_FINANCE_INSURANCE,RAW,ordinary_profit,経常利益,136,ガス・熱供給・水道業,933.41,1238.06,-304.65,-24.60704650824678,41576.869999999995,-0.7327391407770715,8,major_industry,MOF_PUBLISHED_MUTUALLY_EXCLUSIVE_MAJOR_INDUSTRIES,ALL_NONFINANCIAL_NET_YOY_DELTA,1,0003060191,data/raw/2026Q1/table1_nonfinancial_raw_values.json,dfc1dd198f208ac412628ee6300d36e8274a338d3e552259e261ea003e7c595c
2026Q1,20261,2026年1 - 3 月,2026-03-31,EXCL_FINANCE_INSURANCE,RAW,ordinary_profit,経常利益,137,サービス業(集約),43082.1,44525.31,-1443.2099999999991,-3.2413249902134345,41576.869999999995,-3.4711848198289084,9,major_industry,MOF_PUBLISHED_MUTUALLY_EXCLUSIVE_MAJOR_INDUSTRIES,ALL_NONFINANCIAL_NET_YOY_DELTA,1,0003060191,data/raw/2026Q1/table1_nonfinancial_raw_values.json,dfc1dd198f208ac412628ee6300d36e8274a338d3e552259e261ea003e7c595c
2026Q1,20261,2026年1 - 3 月,2026-03-31,EXCL_FINANCE_INSURANCE,RAW,ordinary_profit,経常利益,135,電気業,-154.36,1877.39,-2031.75,-108.22205295649812,41576.869999999995,-4.886731492774709,10,major_industry,MOF_PUBLISHED_MUTUALLY_EXCLUSIVE_MAJOR_INDUSTRIES,ALL_NONFINANCIAL_NET_YOY_DELTA,1,0003060191,data/raw/2026Q1/table1_nonfinancial_raw_values.json,dfc1dd198f208ac412628ee6300d36e8274a338d3e552259e261ea003e7c595c
2026Q1,20261,2026年1 - 3 月,2026-03-31,EXCL_FINANCE_INSURANCE,RAW,ordinary_profit,経常利益,107,建設業,39942.71,42455.59,-2512.8799999999974,-5.918843666994144,41576.869999999995,-6.043937410391878,11,major_industry,MOF_PUBLISHED_MUTUALLY_EXCLUSIVE_MAJOR_INDUSTRIES,ALL_NONFINANCIAL_NET_YOY_DELTA,1,0003060191,data/raw/2026Q1/table1_nonfinancial_raw_values.json,dfc1dd198f208ac412628ee6300d36e8274a338d3e552259e261ea003e7c595c
2026Q1,20261,2026年1 - 3 月,2026-03-31,EXCL_FINANCE_INSURANCE,RAW,sales,売上高,108,製造業,1225320.64,1172657.85,52662.789999999804,4.490891354200199,44303.23999999976,118.86893599655485,1,major_industry,MOF_PUBLISHED_MUTUALLY_EXCLUSIVE_MAJOR_INDUSTRIES,ALL_NONFINANCIAL_NET_YOY_DELTA,1,0003060191,data/raw/2026Q1/table1_nonfinancial_raw_values.json,dfc1dd198f208ac412628ee6300d36e8274a338d3e552259e261ea003e7c595c
2026Q1,20261,2026年1 - 3 月,2026-03-31,EXCL_FINANCE_INSURANCE,RAW,sales,売上高,134,運輸業、郵便業(集約),183358.43,172112.02,11246.410000000003,6.534354776615836,44303.23999999976,25.385073416752512,2,major_industry,MOF_PUBLISHED_MUTUALLY_EXCLUSIVE_MAJOR_INDUSTRIES,ALL_NONFINANCIAL_NET_YOY_DELTA,1,0003060191,data/raw/2026Q1/table1_nonfinancial_raw_values.json,dfc1dd198f208ac412628ee6300d36e8274a338d3e552259e261ea003e7c595c
2026Q1,20261,2026年1 - 3 月,2026-03-31,EXCL_FINANCE_INSURANCE,RAW,sales,売上高,142,情報通信業,264009.38,254926.15,9083.23000000001,3.5630828771391343,44303.23999999976,20.50240569312777,3,major_industry,MOF_PUBLISHED_MUTUALLY_EXCLUSIVE_MAJOR_INDUSTRIES,ALL_NONFINANCIAL_NET_YOY_DELTA,1,0003060191,data/raw/2026Q1/table1_nonfinancial_raw_values.json,dfc1dd198f208ac412628ee6300d36e8274a338d3e552259e261ea003e7c595c
2026Q1,20261,2026年1 - 3 月,2026-03-31,EXCL_FINANCE_INSURANCE,RAW,sales,売上高,155,不動産業、物品賃貸業(集約),194477.95,189215.87,5262.080000000016,2.7809929473674666,44303.23999999976,11.87741573753984,4,major_industry,MOF_PUBLISHED_MUTUALLY_EXCLUSIVE_MAJOR_INDUSTRIES,ALL_NONFINANCIAL_NET_YOY_DELTA,1,0003060191,data/raw/2026Q1/table1_nonfinancial_raw_values.json,dfc1dd198f208ac412628ee6300d36e8274a338d3e552259e261ea003e7c595c
2026Q1,20261,2026年1 - 3 月,2026-03-31,EXCL_FINANCE_INSURANCE,RAW,sales,売上高,106,鉱業、採石業、砂利採取業,8384.58,7081.66,1302.92,18.398511083559498,44303.23999999976,2.9409135765239904,5,major_industry,MOF_PUBLISHED_MUTUALLY_EXCLUSIVE_MAJOR_INDUSTRIES,ALL_NONFINANCIAL_NET_YOY_DELTA,1,0003060191,data/raw/2026Q1/table1_nonfinancial_raw_values.json,dfc1dd198f208ac412628ee6300d36e8274a338d3e552259e261ea003e7c595c
2026Q1,20261,2026年1 - 3 月,2026-03-31,EXCL_FINANCE_INSURANCE,RAW,sales,売上高,129,卸売業・小売業(集約),1275430.17,1275880.59,-450.4200000001583,-0.035302676718362846,44303.23999999976,-1.0166750783919207,6,major_industry,MOF_PUBLISHED_MUTUALLY_EXCLUSIVE_MAJOR_INDUSTRIES,ALL_NONFINANCIAL_NET_YOY_DELTA,1,0003060191,data/raw/2026Q1/table1_nonfinancial_raw_values.json,dfc1dd198f208ac412628ee6300d36e8274a338d3e552259e261ea003e7c595c
2026Q1,20261,2026年1 - 3 月,2026-03-31,EXCL_FINANCE_INSURANCE,RAW,sales,売上高,136,ガス・熱供給・水道業,20849.51,22105.66,-1256.1500000000015,-5.682481319263932,44303.23999999976,-2.83534567674962,7,major_industry,MOF_PUBLISHED_MUTUALLY_EXCLUSIVE_MAJOR_INDUSTRIES,ALL_NONFINANCIAL_NET_YOY_DELTA,1,0003060191,data/raw/2026Q1/table1_nonfinancial_raw_values.json,dfc1dd198f208ac412628ee6300d36e8274a338d3e552259e261ea003e7c595c
2026Q1,20261,2026年1 - 3 月,2026-03-31,EXCL_FINANCE_INSURANCE,RAW,sales,売上高,105,農林水産業(集約),8943.91,10842.93,-1899.0200000000004,-17.513900762985646,44303.23999999976,-4.2864133638984665,8,major_industry,MOF_PUBLISHED_MUTUALLY_EXCLUSIVE_MAJOR_INDUSTRIES,ALL_NONFINANCIAL_NET_YOY_DELTA,1,0003060191,data/raw/2026Q1/table1_nonfinancial_raw_values.json,dfc1dd198f208ac412628ee6300d36e8274a338d3e552259e261ea003e7c595c
2026Q1,20261,2026年1 - 3 月,2026-03-31,EXCL_FINANCE_INSURANCE,RAW,sales,売上高,107,建設業,362952.44,367025.73,-4073.289999999979,-1.10981047568518,44303.23999999976,-9.194113116783335,9,major_industry,MOF_PUBLISHED_MUTUALLY_EXCLUSIVE_MAJOR_INDUSTRIES,ALL_NONFINANCIAL_NET_YOY_DELTA,1,0003060191,data/raw/2026Q1/table1_nonfinancial_raw_values.json,dfc1dd198f208ac412628ee6300d36e8274a338d3e552259e261ea003e7c595c
2026Q1,20261,2026年1 - 3 月,2026-03-31,EXCL_FINANCE_INSURANCE,RAW,sales,売上高,135,電気業,101046.01,112534.96,-11488.950000000012,-10.20922742585948,44303.23999999976,-25.932527733863424,10,major_industry,MOF_PUBLISHED_MUTUALLY_EXCLUSIVE_MAJOR_INDUSTRIES,ALL_NONFINANCIAL_NET_YOY_DELTA,1,0003060191,data/raw/2026Q1/table1_nonfinancial_raw_values.json,dfc1dd198f208ac412628ee6300d36e8274a338d3e552259e261ea003e7c595c
2026Q1,20261,2026年1 - 3 月,2026-03-31,EXCL_FINANCE_INSURANCE,RAW,sales,売上高,137,サービス業(集約),441841.03,457927.39,-16086.359999999986,-3.5128625959674475,44303.23999999976,-36.30966945081234,11,major_industry,MOF_PUBLISHED_MUTUALLY_EXCLUSIVE_MAJOR_INDUSTRIES,ALL_NONFINANCIAL_NET_YOY_DELTA,1,0003060191,data/raw/2026Q1/table1_nonfinancial_raw_values.json,dfc1dd198f208ac412628ee6300d36e8274a338d3e552259e261ea003e7c595c
2026Q1,20261,2026年1 - 3 月,2026-03-31,EXCL_FINANCE_INSURANCE,DERIVED_FROM_RAW,software_capex_derived,ソフトウェア投資（設備投資差額による逆算）,129,卸売業・小売業(集約),3076.350000000002,2230.41,845.9400000000023,37.927555920212086,2431.420000000013,34.7920145429419,1,major_industry,MOF_PUBLISHED_MUTUALLY_EXCLUSIVE_MAJOR_INDUSTRIES,ALL_NONFINANCIAL_NET_YOY_DELTA,1,0003060191,data/raw/2026Q1/table1_nonfinancial_raw_values.json,dfc1dd198f208ac412628ee6300d36e8274a338d3e552259e261ea003e7c595c
2026Q1,20261,2026年1 - 3 月,2026-03-31,EXCL_FINANCE_INSURANCE,DERIVED_FROM_RAW,software_capex_derived,ソフトウェア投資（設備投資差額による逆算）,142,情報通信業,6135.660000000002,5467.049999999999,668.6100000000024,12.229813153345992,2431.420000000013,27.49874558899733,2,major_industry,MOF_PUBLISHED_MUTUALLY_EXCLUSIVE_MAJOR_INDUSTRIES,ALL_NONFINANCIAL_NET_YOY_DELTA,1,0003060191,data/raw/2026Q1/table1_nonfinancial_raw_values.json,dfc1dd198f208ac412628ee6300d36e8274a338d3e552259e261ea003e7c595c
2026Q1,20261,2026年1 - 3 月,2026-03-31,EXCL_FINANCE_INSURANCE,DERIVED_FROM_RAW,software_capex_derived,ソフトウェア投資（設備投資差額による逆算）,108,製造業,6694.100000000006,6276.580000000002,417.5200000000041,6.652030245770857,2431.420000000013,17.171858420182524,3,major_industry,MOF_PUBLISHED_MUTUALLY_EXCLUSIVE_MAJOR_INDUSTRIES,ALL_NONFINANCIAL_NET_YOY_DELTA,1,0003060191,data/raw/2026Q1/table1_nonfinancial_raw_values.json,dfc1dd198f208ac412628ee6300d36e8274a338d3e552259e261ea003e7c595c
2026Q1,20261,2026年1 - 3 月,2026-03-31,EXCL_FINANCE_INSURANCE,DERIVED_FROM_RAW,software_capex_derived,ソフトウェア投資（設備投資差額による逆算）,135,電気業,637.4899999999998,277.9800000000014,359.5099999999984,129.32944816173705,2431.420000000013,14.786009821421084,4,major_industry,MOF_PUBLISHED_MUTUALLY_EXCLUSIVE_MAJOR_INDUSTRIES,ALL_NONFINANCIAL_NET_YOY_DELTA,1,0003060191,data/raw/2026Q1/table1_nonfinancial_raw_values.json,dfc1dd198f208ac412628ee6300d36e8274a338d3e552259e261ea003e7c595c
2026Q1,20261,2026年1 - 3 月,2026-03-31,EXCL_FINANCE_INSURANCE,DERIVED_FROM_RAW,software_capex_derived,ソフトウェア投資（設備投資差額による逆算）,134,運輸業、郵便業(集約),1417.3499999999985,1243.5599999999977,173.79000000000087,13.975200231593266,2431.420000000013,7.147675021181037,5,major_industry,MOF_PUBLISHED_MUTUALLY_EXCLUSIVE_MAJOR_INDUSTRIES,ALL_NONFINANCIAL_NET_YOY_DELTA,1,0003060191,data/raw/2026Q1/table1_nonfinancial_raw_values.json,dfc1dd198f208ac412628ee6300d36e8274a338d3e552259e261ea003e7c595c
2026Q1,20261,2026年1 - 3 月,2026-03-31,EXCL_FINANCE_INSURANCE,DERIVED_FROM_RAW,software_capex_derived,ソフトウェア投資（設備投資差額による逆算）,107,建設業,756.25,609.7700000000004,146.47999999999956,24.022172294471588,2431.420000000013,6.0244630709625975,6,major_industry,MOF_PUBLISHED_MUTUALLY_EXCLUSIVE_MAJOR_INDUSTRIES,ALL_NONFINANCIAL_NET_YOY_DELTA,1,0003060191,data/raw/2026Q1/table1_nonfinancial_raw_values.json,dfc1dd198f208ac412628ee6300d36e8274a338d3e552259e261ea003e7c595c
2026Q1,20261,2026年1 - 3 月,2026-03-31,EXCL_FINANCE_INSURANCE,DERIVED_FROM_RAW,software_capex_derived,ソフトウェア投資（設備投資差額による逆算）,137,サービス業(集約),2980.369999999999,2862.2299999999996,118.13999999999942,4.127550895630305,2431.420000000013,4.858889044262151,7,major_industry,MOF_PUBLISHED_MUTUALLY_EXCLUSIVE_MAJOR_INDUSTRIES,ALL_NONFINANCIAL_NET_YOY_DELTA,1,0003060191,data/raw/2026Q1/table1_nonfinancial_raw_values.json,dfc1dd198f208ac412628ee6300d36e8274a338d3e552259e261ea003e7c595c
2026Q1,20261,2026年1 - 3 月,2026-03-31,EXCL_FINANCE_INSURANCE,DERIVED_FROM_RAW,software_capex_derived,ソフトウェア投資（設備投資差額による逆算）,105,農林水産業(集約),15.849999999999966,4.899999999999977,10.949999999999989,223.46938775510284,2431.420000000013,0.4503541140568034,8,major_industry,MOF_PUBLISHED_MUTUALLY_EXCLUSIVE_MAJOR_INDUSTRIES,ALL_NONFINANCIAL_NET_YOY_DELTA,1,0003060191,data/raw/2026Q1/table1_nonfinancial_raw_values.json,dfc1dd198f208ac412628ee6300d36e8274a338d3e552259e261ea003e7c595c
2026Q1,20261,2026年1 - 3 月,2026-03-31,EXCL_FINANCE_INSURANCE,DERIVED_FROM_RAW,software_capex_derived,ソフトウェア投資（設備投資差額による逆算）,136,ガス・熱供給・水道業,189.6500000000001,193.3699999999999,-3.7199999999998,-1.9237730775196749,2431.420000000013,-0.1529970140905224,9,major_industry,MOF_PUBLISHED_MUTUALLY_EXCLUSIVE_MAJOR_INDUSTRIES,ALL_NONFINANCIAL_NET_YOY_DELTA,1,0003060191,data/raw/2026Q1/table1_nonfinancial_raw_values.json,dfc1dd198f208ac412628ee6300d36e8274a338d3e552259e261ea003e7c595c
2026Q1,20261,2026年1 - 3 月,2026-03-31,EXCL_FINANCE_INSURANCE,DERIVED_FROM_RAW,software_capex_derived,ソフトウェア投資（設備投資差額による逆算）,106,鉱業、採石業、砂利採取業,1.8999999999999773,20.470000000000027,-18.57000000000005,-90.71812408402553,2431.420000000013,-0.7637512235648285,10,major_industry,MOF_PUBLISHED_MUTUALLY_EXCLUSIVE_MAJOR_INDUSTRIES,ALL_NONFINANCIAL_NET_YOY_DELTA,1,0003060191,data/raw/2026Q1/table1_nonfinancial_raw_values.json,dfc1dd198f208ac412628ee6300d36e8274a338d3e552259e261ea003e7c595c
2026Q1,20261,2026年1 - 3 月,2026-03-31,EXCL_FINANCE_INSURANCE,DERIVED_FROM_RAW,software_capex_derived,ソフトウェア投資（設備投資差額による逆算）,155,不動産業、物品賃貸業(集約),497.25,784.4799999999996,-287.22999999999956,-36.6140628186824,2431.420000000013,-11.813261386350284,11,major_industry,MOF_PUBLISHED_MUTUALLY_EXCLUSIVE_MAJOR_INDUSTRIES,ALL_NONFINANCIAL_NET_YOY_DELTA,1,0003060191,data/raw/2026Q1/table1_nonfinancial_raw_values.json,dfc1dd198f208ac412628ee6300d36e8274a338d3e552259e261ea003e7c595c
