capital_code,capital_scope_ja,metric_id,metric_label_ja,mismatch_count,comparable_quarters,total_quarters,mismatch_rate_pct,noncomparable_quarters,comparison_status,metric_interpretation_note,census_sample_design_ja,rotation_status,rotation_note_ja,census_threshold_yen,census_threshold_label_ja,design_interpretation_note,continuing_decision_margin_abs_gap_median_pct,cross_series_growth_gap_divergence_median_pp,large_amplitude_explanation_status,exploratory_backtest_status,sample_error_status,series_comparability_note,series_comparability_limitation,continuing_sample_size_limitation,profit_standard_error_limitation,continuing_margin_interpretation
19,資本金1千万円以上1億円未満層,relative_margin_direction,利益率方向,16,41,41,39.02439024390244,0,CALCULABLE,売上高前年比と営業利益前年比から推定した利益率の相対変化方向。継続標本の利益率水準又はポイント変化ではない。,標本調査（資本金5億円未満）,YES,標本調査部分で、毎年度おおむね半数を入れ替える抽出替えの対象,500000000,資本金5億円以上,資本金階層別の不一致勾配は調査設計と整合的だが、調査方式が原因であること又は全数・標本の別で決まることを示さない。,11.299999999999999,11.20869500294094,NOT_SUPPORTED_DESCRIPTIVELY,POST_HOC_EXPLORATORY_BACKTEST_RULE_DEFINED_AFTER_2026Q1,NOT_QUANTIFIED_OPERATING_AND_ORDINARY_PROFIT_STANDARD_ERRORS_NOT_CALCULATED_BY_MOF,通常系列と継続標本系列は、企業の参入・退出、回答継続条件、推計用乗率、未回答補完、母集団構成の違いを含み得るため、いずれかを基準系列として優越させない。,通常系列と継続標本系列は、企業の参入・退出、回答継続条件、推計用乗率、未回答補完、母集団構成の違いを含み得るため、いずれかを基準系列として優越させない。,継続標本のみを用い母集団推計を行うため、本系列に比べサンプルサイズが小さくなる。,営業利益及び経常利益については、標準誤差率の算出は行っていない。,継続標本PDFは利益水準とその符号を公表しないため、売上高と営業利益の増加率から得る利益率方向は代理指標である。
19,資本金1千万円以上1億円未満層,operating_profit,営業利益前年比の符号,13,41,41,31.70731707317073,0,CALCULABLE,非ゼロの前年比符号が反対となる四半期。ゼロ又は計算不能は分母から除き、0補完しない。,標本調査（資本金5億円未満）,YES,標本調査部分で、毎年度おおむね半数を入れ替える抽出替えの対象,500000000,資本金5億円以上,資本金階層別の不一致勾配は調査設計と整合的だが、調査方式が原因であること又は全数・標本の別で決まることを示さない。,11.299999999999999,11.20869500294094,NOT_SUPPORTED_DESCRIPTIVELY,POST_HOC_EXPLORATORY_BACKTEST_RULE_DEFINED_AFTER_2026Q1,NOT_QUANTIFIED_OPERATING_AND_ORDINARY_PROFIT_STANDARD_ERRORS_NOT_CALCULATED_BY_MOF,通常系列と継続標本系列は、企業の参入・退出、回答継続条件、推計用乗率、未回答補完、母集団構成の違いを含み得るため、いずれかを基準系列として優越させない。,通常系列と継続標本系列は、企業の参入・退出、回答継続条件、推計用乗率、未回答補完、母集団構成の違いを含み得るため、いずれかを基準系列として優越させない。,継続標本のみを用い母集団推計を行うため、本系列に比べサンプルサイズが小さくなる。,営業利益及び経常利益については、標準誤差率の算出は行っていない。,継続標本PDFは利益水準とその符号を公表しないため、売上高と営業利益の増加率から得る利益率方向は代理指標である。
19,資本金1千万円以上1億円未満層,sales,売上高前年比の符号,6,40,41,15.0,1,CALCULABLE,非ゼロの前年比符号が反対となる四半期。ゼロ又は計算不能は分母から除き、0補完しない。,標本調査（資本金5億円未満）,YES,標本調査部分で、毎年度おおむね半数を入れ替える抽出替えの対象,500000000,資本金5億円以上,資本金階層別の不一致勾配は調査設計と整合的だが、調査方式が原因であること又は全数・標本の別で決まることを示さない。,11.299999999999999,11.20869500294094,NOT_SUPPORTED_DESCRIPTIVELY,POST_HOC_EXPLORATORY_BACKTEST_RULE_DEFINED_AFTER_2026Q1,NOT_QUANTIFIED_OPERATING_AND_ORDINARY_PROFIT_STANDARD_ERRORS_NOT_CALCULATED_BY_MOF,通常系列と継続標本系列は、企業の参入・退出、回答継続条件、推計用乗率、未回答補完、母集団構成の違いを含み得るため、いずれかを基準系列として優越させない。,通常系列と継続標本系列は、企業の参入・退出、回答継続条件、推計用乗率、未回答補完、母集団構成の違いを含み得るため、いずれかを基準系列として優越させない。,継続標本のみを用い母集団推計を行うため、本系列に比べサンプルサイズが小さくなる。,営業利益及び経常利益については、標準誤差率の算出は行っていない。,継続標本PDFは利益水準とその符号を公表しないため、売上高と営業利益の増加率から得る利益率方向は代理指標である。
24,資本金1億円以上10億円未満層,relative_margin_direction,利益率方向,6,41,41,14.634146341463413,0,CALCULABLE,売上高前年比と営業利益前年比から推定した利益率の相対変化方向。継続標本の利益率水準又はポイント変化ではない。,標本・全数混在（1億円以上5億円未満は標本、5億円以上10億円未満は全数）,PARTIAL,5億円未満部分は抽出替えの対象、5億円以上部分は全数で抽出替えなし,500000000,資本金5億円以上,資本金階層別の不一致勾配は調査設計と整合的だが、調査方式が原因であること又は全数・標本の別で決まることを示さない。,9.0,4.070024346681685,NOT_SUPPORTED_DESCRIPTIVELY,POST_HOC_EXPLORATORY_BACKTEST_RULE_DEFINED_AFTER_2026Q1,NOT_QUANTIFIED_OPERATING_AND_ORDINARY_PROFIT_STANDARD_ERRORS_NOT_CALCULATED_BY_MOF,通常系列と継続標本系列は、企業の参入・退出、回答継続条件、推計用乗率、未回答補完、母集団構成の違いを含み得るため、いずれかを基準系列として優越させない。,通常系列と継続標本系列は、企業の参入・退出、回答継続条件、推計用乗率、未回答補完、母集団構成の違いを含み得るため、いずれかを基準系列として優越させない。,継続標本のみを用い母集団推計を行うため、本系列に比べサンプルサイズが小さくなる。,営業利益及び経常利益については、標準誤差率の算出は行っていない。,継続標本PDFは利益水準とその符号を公表しないため、売上高と営業利益の増加率から得る利益率方向は代理指標である。
24,資本金1億円以上10億円未満層,operating_profit,営業利益前年比の符号,4,41,41,9.75609756097561,0,CALCULABLE,非ゼロの前年比符号が反対となる四半期。ゼロ又は計算不能は分母から除き、0補完しない。,標本・全数混在（1億円以上5億円未満は標本、5億円以上10億円未満は全数）,PARTIAL,5億円未満部分は抽出替えの対象、5億円以上部分は全数で抽出替えなし,500000000,資本金5億円以上,資本金階層別の不一致勾配は調査設計と整合的だが、調査方式が原因であること又は全数・標本の別で決まることを示さない。,9.0,4.070024346681685,NOT_SUPPORTED_DESCRIPTIVELY,POST_HOC_EXPLORATORY_BACKTEST_RULE_DEFINED_AFTER_2026Q1,NOT_QUANTIFIED_OPERATING_AND_ORDINARY_PROFIT_STANDARD_ERRORS_NOT_CALCULATED_BY_MOF,通常系列と継続標本系列は、企業の参入・退出、回答継続条件、推計用乗率、未回答補完、母集団構成の違いを含み得るため、いずれかを基準系列として優越させない。,通常系列と継続標本系列は、企業の参入・退出、回答継続条件、推計用乗率、未回答補完、母集団構成の違いを含み得るため、いずれかを基準系列として優越させない。,継続標本のみを用い母集団推計を行うため、本系列に比べサンプルサイズが小さくなる。,営業利益及び経常利益については、標準誤差率の算出は行っていない。,継続標本PDFは利益水準とその符号を公表しないため、売上高と営業利益の増加率から得る利益率方向は代理指標である。
24,資本金1億円以上10億円未満層,sales,売上高前年比の符号,7,41,41,17.073170731707318,0,CALCULABLE,非ゼロの前年比符号が反対となる四半期。ゼロ又は計算不能は分母から除き、0補完しない。,標本・全数混在（1億円以上5億円未満は標本、5億円以上10億円未満は全数）,PARTIAL,5億円未満部分は抽出替えの対象、5億円以上部分は全数で抽出替えなし,500000000,資本金5億円以上,資本金階層別の不一致勾配は調査設計と整合的だが、調査方式が原因であること又は全数・標本の別で決まることを示さない。,9.0,4.070024346681685,NOT_SUPPORTED_DESCRIPTIVELY,POST_HOC_EXPLORATORY_BACKTEST_RULE_DEFINED_AFTER_2026Q1,NOT_QUANTIFIED_OPERATING_AND_ORDINARY_PROFIT_STANDARD_ERRORS_NOT_CALCULATED_BY_MOF,通常系列と継続標本系列は、企業の参入・退出、回答継続条件、推計用乗率、未回答補完、母集団構成の違いを含み得るため、いずれかを基準系列として優越させない。,通常系列と継続標本系列は、企業の参入・退出、回答継続条件、推計用乗率、未回答補完、母集団構成の違いを含み得るため、いずれかを基準系列として優越させない。,継続標本のみを用い母集団推計を行うため、本系列に比べサンプルサイズが小さくなる。,営業利益及び経常利益については、標準誤差率の算出は行っていない。,継続標本PDFは利益水準とその符号を公表しないため、売上高と営業利益の増加率から得る利益率方向は代理指標である。
25,資本金10億円以上層,relative_margin_direction,利益率方向,0,41,41,0.0,0,CALCULABLE,売上高前年比と営業利益前年比から推定した利益率の相対変化方向。継続標本の利益率水準又はポイント変化ではない。,全数調査（資本金10億円以上）,NO,全数調査部分で抽出替えなし,500000000,資本金5億円以上,資本金階層別の不一致勾配は調査設計と整合的だが、調査方式が原因であること又は全数・標本の別で決まることを示さない。,8.5,1.0500234778042916,NOT_SUPPORTED_DESCRIPTIVELY,POST_HOC_EXPLORATORY_BACKTEST_RULE_DEFINED_AFTER_2026Q1,NOT_QUANTIFIED_OPERATING_AND_ORDINARY_PROFIT_STANDARD_ERRORS_NOT_CALCULATED_BY_MOF,通常系列と継続標本系列は、企業の参入・退出、回答継続条件、推計用乗率、未回答補完、母集団構成の違いを含み得るため、いずれかを基準系列として優越させない。,通常系列と継続標本系列は、企業の参入・退出、回答継続条件、推計用乗率、未回答補完、母集団構成の違いを含み得るため、いずれかを基準系列として優越させない。,継続標本のみを用い母集団推計を行うため、本系列に比べサンプルサイズが小さくなる。,営業利益及び経常利益については、標準誤差率の算出は行っていない。,継続標本PDFは利益水準とその符号を公表しないため、売上高と営業利益の増加率から得る利益率方向は代理指標である。
25,資本金10億円以上層,operating_profit,営業利益前年比の符号,0,41,41,0.0,0,CALCULABLE,非ゼロの前年比符号が反対となる四半期。ゼロ又は計算不能は分母から除き、0補完しない。,全数調査（資本金10億円以上）,NO,全数調査部分で抽出替えなし,500000000,資本金5億円以上,資本金階層別の不一致勾配は調査設計と整合的だが、調査方式が原因であること又は全数・標本の別で決まることを示さない。,8.5,1.0500234778042916,NOT_SUPPORTED_DESCRIPTIVELY,POST_HOC_EXPLORATORY_BACKTEST_RULE_DEFINED_AFTER_2026Q1,NOT_QUANTIFIED_OPERATING_AND_ORDINARY_PROFIT_STANDARD_ERRORS_NOT_CALCULATED_BY_MOF,通常系列と継続標本系列は、企業の参入・退出、回答継続条件、推計用乗率、未回答補完、母集団構成の違いを含み得るため、いずれかを基準系列として優越させない。,通常系列と継続標本系列は、企業の参入・退出、回答継続条件、推計用乗率、未回答補完、母集団構成の違いを含み得るため、いずれかを基準系列として優越させない。,継続標本のみを用い母集団推計を行うため、本系列に比べサンプルサイズが小さくなる。,営業利益及び経常利益については、標準誤差率の算出は行っていない。,継続標本PDFは利益水準とその符号を公表しないため、売上高と営業利益の増加率から得る利益率方向は代理指標である。
25,資本金10億円以上層,sales,売上高前年比の符号,1,41,41,2.4390243902439024,0,CALCULABLE,非ゼロの前年比符号が反対となる四半期。ゼロ又は計算不能は分母から除き、0補完しない。,全数調査（資本金10億円以上）,NO,全数調査部分で抽出替えなし,500000000,資本金5億円以上,資本金階層別の不一致勾配は調査設計と整合的だが、調査方式が原因であること又は全数・標本の別で決まることを示さない。,8.5,1.0500234778042916,NOT_SUPPORTED_DESCRIPTIVELY,POST_HOC_EXPLORATORY_BACKTEST_RULE_DEFINED_AFTER_2026Q1,NOT_QUANTIFIED_OPERATING_AND_ORDINARY_PROFIT_STANDARD_ERRORS_NOT_CALCULATED_BY_MOF,通常系列と継続標本系列は、企業の参入・退出、回答継続条件、推計用乗率、未回答補完、母集団構成の違いを含み得るため、いずれかを基準系列として優越させない。,通常系列と継続標本系列は、企業の参入・退出、回答継続条件、推計用乗率、未回答補完、母集団構成の違いを含み得るため、いずれかを基準系列として優越させない。,継続標本のみを用い母集団推計を行うため、本系列に比べサンプルサイズが小さくなる。,営業利益及び経常利益については、標準誤差率の算出は行っていない。,継続標本PDFは利益水準とその符号を公表しないため、売上高と営業利益の増加率から得る利益率方向は代理指標である。
