assignment,is_actual,pre_mean,mid_5_9
宮城:1975|新潟:1977|山形:1978|山梨:1978|長野:1981|秋田:1982,1,0.02269637021462774,-0.17687125821393507
宮城:1975|新潟:1977|山形:1978|山梨:1978|長野:1982|秋田:1981,0,0.07883052490138237,-0.15517042493630426
宮城:1975|新潟:1977|山形:1978|山梨:1981|長野:1978|秋田:1982,0,0.05866598067932102,-0.03519999259500579
宮城:1975|新潟:1977|山形:1978|山梨:1981|長野:1982|秋田:1978,0,0.015607696854965587,-0.22274521074349862
宮城:1975|新潟:1977|山形:1978|山梨:1982|長野:1978|秋田:1981,0,0.08432707936330697,-0.008007929155512693
宮城:1975|新潟:1977|山形:1978|山梨:1982|長野:1981|秋田:1978,0,-0.014865359147809917,-0.2172539805816424
宮城:1975|新潟:1977|山形:1981|山梨:1978|長野:1978|秋田:1982,0,-0.0330981754148072,-0.11087031544892585
宮城:1975|新潟:1977|山形:1981|山梨:1978|長野:1982|秋田:1978,0,-0.07615645923917763,-0.29841553359743733
宮城:1975|新潟:1977|山形:1981|山梨:1982|長野:1978|秋田:1978,0,-0.07065990477725588,-0.1512530378166455
宮城:1975|新潟:1977|山形:1982|山梨:1978|長野:1978|秋田:1981,0,0.06866829291470528,-0.016157822764209847
宮城:1975|新潟:1977|山形:1982|山梨:1978|長野:1981|秋田:1978,0,-0.030524145596424974,-0.22540387419035354
宮城:1975|新潟:1977|山形:1982|山梨:1981|長野:1978|秋田:1978,0,0.005445464868281809,-0.08373260857141171
宮城:1975|新潟:1978|山形:1977|山梨:1978|長野:1981|秋田:1982,0,0.01202914838868144,-0.1681274636452415
宮城:1975|新潟:1978|山形:1977|山梨:1978|長野:1982|秋田:1981,0,0.0681633030754333,-0.14642663036761128
宮城:1975|新潟:1978|山形:1977|山梨:1981|長野:1978|秋田:1982,0,0.04799875885338812,-0.026456198026306194
宮城:1975|新潟:1978|山形:1977|山梨:1981|長野:1982|秋田:1978,0,0.004940475029016527,-0.21400141617481122
宮城:1975|新潟:1978|山形:1977|山梨:1982|長野:1978|秋田:1981,0,0.07365985753736536,0.0007358654131795316
宮城:1975|新潟:1978|山形:1977|山梨:1982|長野:1981|秋田:1978,0,-0.025532580973764152,-0.20851018601295124
宮城:1975|新潟:1978|山形:1978|山梨:1977|長野:1981|秋田:1982,0,0.01661403771512324,-0.16852584547468116
宮城:1975|新潟:1978|山形:1978|山梨:1977|長野:1982|秋田:1981,0,0.0727481924018855,-0.14682501219705107
宮城:1975|新潟:1978|山形:1978|山梨:1981|長野:1977|秋田:1982,0,0.10030270759055665,0.056795676994593855
宮城:1975|新潟:1978|山形:1978|山梨:1981|長野:1982|秋田:1977,0,0.186623039881972,-0.04713880348622126
宮城:1975|新潟:1978|山形:1978|山梨:1982|長野:1977|秋田:1981,0,0.1259638062745313,0.08398774043407047
宮城:1975|新潟:1978|山形:1978|山梨:1982|長野:1981|秋田:1977,0,0.1561499838792002,-0.04164757332436188
宮城:1975|新潟:1978|山形:1981|山梨:1977|長野:1978|秋田:1982,0,-0.03918050791431257,-0.1025249027096744
宮城:1975|新潟:1978|山形:1981|山梨:1977|長野:1982|秋田:1978,0,-0.08223879173866878,-0.29007012085817213
宮城:1975|新潟:1978|山形:1981|山梨:1978|長野:1977|秋田:1982,0,0.008538551496407913,-0.018874645859342287
宮城:1975|新潟:1978|山形:1981|山梨:1978|長野:1982|秋田:1977,0,0.0948588837878487,-0.12280912634014163
宮城:1975|新潟:1978|山形:1981|山梨:1982|長野:1977|秋田:1978,0,-0.02902317786602462,-0.05925736822705654
宮城:1975|新潟:1978|山形:1981|山梨:1982|長野:1978|秋田:1977,0,0.10035543824976162,0.024353369440640656
宮城:1975|新潟:1978|山形:1982|山梨:1977|長野:1978|秋田:1981,0,0.06258596041519626,-0.007812410024961009
宮城:1975|新潟:1978|山形:1982|山梨:1977|長野:1981|秋田:1978,0,-0.03660647809591407,-0.21705846145108004
宮城:1975|新潟:1978|山形:1982|山梨:1978|長野:1977|秋田:1981,0,0.11030501982593167,0.07583784682537889
宮城:1975|新潟:1978|山形:1982|山梨:1978|長野:1981|秋田:1977,0,0.14049119743058963,-0.04979746693306545
宮城:1975|新潟:1978|山形:1982|山梨:1981|長野:1977|秋田:1978,0,0.04708219177950553,0.008263061018177425
宮城:1975|新潟:1978|山形:1982|山梨:1981|長野:1978|秋田:1977,0,0.17646080789529073,0.09187379868587257
宮城:1975|新潟:1981|山形:1977|山梨:1978|長野:1978|秋田:1982,0,-0.020207193079875545,-0.12451351931749781
宮城:1975|新潟:1981|山形:1977|山梨:1978|長野:1982|秋田:1978,0,-0.06326547690425383,-0.31205873746602036
宮城:1975|新潟:1981|山形:1977|山梨:1982|長野:1978|秋田:1978,0,-0.057768922442325316,-0.16489624168523337
宮城:1975|新潟:1981|山形:1978|山梨:1977|長野:1978|秋田:1982,0,-0.015622303753432813,-0.12491190114695198
宮城:1975|新潟:1981|山形:1978|山梨:1977|長野:1982|秋田:1978,0,-0.05868058757780137,-0.31245711929545517
宮城:1975|新潟:1981|山形:1978|山梨:1978|長野:1977|秋田:1982,0,0.032096755657283524,-0.041261644296620305
宮城:1975|新潟:1981|山形:1978|山梨:1978|長野:1982|秋田:1977,0,0.11841708794870781,-0.14519612477743132
宮城:1975|新潟:1981|山形:1978|山梨:1982|長野:1977|秋田:1978,0,-0.005464973705143258,-0.0816443666643196
宮城:1975|新潟:1981|山形:1978|山梨:1982|長野:1978|秋田:1977,0,0.12391364241063803,0.001966371003370329
宮城:1975|新潟:1981|山形:1982|山梨:1977|長野:1978|秋田:1978,0,-0.06884281956448396,-0.17344451712335926
宮城:1975|新潟:1981|山形:1982|山梨:1978|長野:1977|秋田:1978,0,-0.021123760153756437,-0.08979426027302437
宮城:1975|新潟:1981|山形:1982|山梨:1978|長野:1978|秋田:1977,0,0.10825485596202823,-0.006183522605336536
宮城:1975|新潟:1982|山形:1977|山梨:1978|長野:1978|秋田:1981,0,0.08145394008298384,-0.03532517930302776
宮城:1975|新潟:1982|山形:1977|山梨:1978|長野:1981|秋田:1978,0,-0.017738498428127338,-0.24457123072915773
宮城:1975|新潟:1982|山形:1977|山梨:1981|長野:1978|秋田:1978,0,0.018231112036566653,-0.10289996511022262
宮城:1975|新潟:1982|山形:1978|山梨:1977|長野:1978|秋田:1981,0,0.08603882940943858,-0.035723561132462826
宮城:1975|新潟:1982|山形:1978|山梨:1977|長野:1981|秋田:1978,0,-0.01315360910168444,-0.2449696125586037
宮城:1975|新潟:1982|山形:1978|山梨:1978|長野:1977|秋田:1981,0,0.13375788882015763,0.047926695717861026
宮城:1975|新潟:1982|山形:1978|山梨:1978|長野:1981|秋田:1977,0,0.1639440664248245,-0.07770861804057588
宮城:1975|新潟:1982|山形:1978|山梨:1981|長野:1977|秋田:1978,0,0.07053506077374411,-0.019648090089333832
宮城:1975|新潟:1982|山形:1978|山梨:1981|長野:1978|秋田:1977,0,0.1999136768895165,0.0639626475783551
宮城:1975|新潟:1982|山形:1981|山梨:1977|長野:1978|秋田:1978,0,-0.06894815473111955,-0.1789686697935858
宮城:1975|新潟:1982|山形:1981|山梨:1978|長野:1977|秋田:1978,0,-0.021229095320394326,-0.09531841294325796
宮城:1975|新潟:1982|山形:1981|山梨:1978|長野:1978|秋田:1977,0,0.1081495207953988,-0.01170767527556114
宮城:1977|新潟:1975|山形:1978|山梨:1978|長野:1981|秋田:1982,0,0.07224921087778446,-0.21870678503541058
宮城:1977|新潟:1975|山形:1978|山梨:1978|長野:1982|秋田:1981,0,0.1283833655645527,-0.19700595175777852
宮城:1977|新潟:1975|山形:1978|山梨:1981|長野:1978|秋田:1982,0,0.1082188213424897,-0.0770355194164695
宮城:1977|新潟:1975|山形:1978|山梨:1981|長野:1982|秋田:1978,0,0.06516053751814266,-0.2645807375649619
宮城:1977|新潟:1975|山形:1978|山梨:1982|長野:1978|秋田:1981,0,0.13387992002648497,-0.04984345597697267
宮城:1977|新潟:1975|山形:1978|山梨:1982|長野:1981|秋田:1978,0,0.03468748151536563,-0.2590895074031043
宮城:1977|新潟:1975|山形:1981|山梨:1978|長野:1978|秋田:1982,0,0.016454665248357078,-0.15270584227039058
宮城:1977|新潟:1975|山形:1981|山梨:1978|長野:1982|秋田:1978,0,-0.026603618576009083,-0.34025106041889736
宮城:1977|新潟:1975|山形:1981|山梨:1982|長野:1978|秋田:1978,0,-0.02110706411408277,-0.19308856463810226
宮城:1977|新潟:1975|山形:1982|山梨:1978|長野:1978|秋田:1981,0,0.11822113357786951,-0.05799334958568085
宮城:1977|新潟:1975|山形:1982|山梨:1978|長野:1981|秋田:1978,0,0.019028695066753122,-0.26723940101181193
宮城:1977|新潟:1975|山形:1982|山梨:1981|長野:1978|秋田:1978,0,0.05499830553144399,-0.12556813539287823
宮城:1977|新潟:1978|山形:1975|山梨:1978|長野:1981|秋田:1982,0,0.07333435132831989,-0.11402825006099286
宮城:1977|新潟:1978|山形:1975|山梨:1978|長野:1982|秋田:1981,0,0.12946850601507742,-0.09232741678336208
宮城:1977|新潟:1978|山形:1975|山梨:1981|長野:1978|秋田:1982,0,0.10930396179300815,0.027643015557935753
宮城:1977|新潟:1978|山形:1975|山梨:1981|長野:1982|秋田:1978,0,0.06624567796864747,-0.15990220259056293
宮城:1977|新潟:1978|山形:1975|山梨:1982|長野:1978|秋田:1981,0,0.13496506047699944,0.05483507899743142
宮城:1977|新潟:1978|山形:1975|山梨:1982|長野:1981|秋田:1978,0,0.03577262196587078,-0.15441097242870905
宮城:1977|新潟:1978|山形:1978|山梨:1975|長野:1981|秋田:1982,0,0.22159193036215957,-0.04649435592537312
宮城:1977|新潟:1978|山形:1978|山梨:1975|長野:1982|秋田:1981,0,0.2777260850489299,-0.024793522647730538
宮城:1977|新潟:1978|山形:1978|山梨:1981|長野:1975|秋田:1982,0,0.15315027892584154,0.10526557250319632
宮城:1977|新潟:1978|山形:1978|山梨:1981|長野:1982|秋田:1975,0,0.14308835015223276,-0.14030821360680162
宮城:1977|新潟:1978|山形:1978|山梨:1982|長野:1975|秋田:1981,0,0.17881137760982307,0.13245763594268506
宮城:1977|新潟:1978|山形:1978|山梨:1982|長野:1981|秋田:1975,0,0.11261529414945845,-0.13481698344493284
宮城:1977|新潟:1978|山形:1981|山梨:1975|長野:1978|秋田:1982,0,0.16579738473272684,0.01950658683963818
宮城:1977|新潟:1978|山形:1981|山梨:1975|長野:1982|秋田:1978,0,0.1227391009083557,-0.16803863130888108
宮城:1977|新潟:1978|山形:1981|山梨:1978|長野:1975|秋田:1982,0,0.061386122831697615,0.029595249649266166
宮城:1977|新潟:1978|山形:1981|山梨:1978|長野:1982|秋田:1975,0,0.05132419405809787,-0.2159785364607333
宮城:1977|新潟:1978|山形:1981|山梨:1982|長野:1975|秋田:1978,0,0.023824393469272676,-0.010787472718440317
宮城:1977|新潟:1978|山形:1981|山梨:1982|長野:1978|秋田:1975,0,0.05682074852001452,-0.06881604067993603
宮城:1977|新潟:1978|山形:1982|山梨:1975|長野:1978|秋田:1981,0,0.26756385306222996,0.1142190795243491
宮城:1977|新潟:1978|山形:1982|山梨:1975|長野:1981|秋田:1978,0,0.1683714145511185,-0.09502697190178241
宮城:1977|新潟:1978|山形:1982|山梨:1978|長野:1975|秋田:1981,0,0.16315259116122108,0.12430774233399541
宮城:1977|新潟:1978|山形:1982|山梨:1978|長野:1981|秋田:1975,0,0.09695650770084939,-0.14296687705364053
宮城:1977|新潟:1978|山形:1982|山梨:1981|長野:1975|秋田:1978,0,0.09992976311479777,0.05673295652679715
宮城:1977|新潟:1978|山形:1982|山梨:1981|長野:1978|秋田:1975,0,0.1329261181655346,-0.0012956114347130552
宮城:1977|新潟:1981|山形:1975|山梨:1978|長野:1978|秋田:1982,0,0.04109800985974291,-0.07041430573326928
宮城:1977|新潟:1981|山形:1975|山梨:1978|長野:1982|秋田:1978,0,-0.0019602739646160266,-0.2579595238817708
宮城:1977|新潟:1981|山形:1975|山梨:1982|長野:1978|秋田:1978,0,0.0035362804973102235,-0.11079702810098202
宮城:1977|新潟:1981|山形:1978|山梨:1975|長野:1978|秋田:1982,0,0.18935558889360118,-0.002880411597646641
宮城:1977|新潟:1981|山形:1978|山梨:1975|長野:1982|秋田:1978,0,0.14629730506923916,-0.19042562974613542
宮城:1977|新潟:1981|山形:1978|山梨:1978|長野:1975|秋田:1982,0,0.08494432699257888,0.007208251211986748
宮城:1977|新潟:1981|山形:1978|山梨:1978|長野:1982|秋田:1975,0,0.0748823982189735,-0.23836553489800433
宮城:1977|新潟:1981|山形:1978|山梨:1982|長野:1975|秋田:1978,0,0.04738259763013511,-0.03317447115572091
宮城:1977|新潟:1981|山形:1978|山梨:1982|長野:1978|秋田:1975,0,0.08037895268088953,-0.09120303911721316
宮城:1977|新潟:1981|山形:1982|山梨:1975|長野:1978|秋田:1978,0,0.13613507308255118,-0.05141302757405568
宮城:1977|新潟:1981|山形:1982|山梨:1978|長野:1975|秋田:1978,0,0.03172381118152892,-0.04132436476442134
宮城:1977|新潟:1981|山形:1982|山梨:1978|長野:1978|秋田:1975,0,0.06472016623227654,-0.09935293272591574
宮城:1977|新潟:1982|山形:1975|山梨:1978|長野:1978|秋田:1981,0,0.14275914302262044,0.018774034281222218
宮城:1977|新潟:1982|山形:1975|山梨:1978|長野:1981|秋田:1978,0,0.04356670451150796,-0.19047201714490697
宮城:1977|新潟:1982|山形:1975|山梨:1981|長野:1978|秋田:1978,0,0.07953631497619441,-0.04880075152597674
宮城:1977|新潟:1982|山形:1978|山梨:1975|長野:1978|秋田:1981,0,0.2910167220564742,0.08630792841684318
宮城:1977|新潟:1982|山形:1978|山梨:1975|長野:1981|秋田:1978,0,0.19182428354534775,-0.12293812300929605
宮城:1977|新潟:1982|山形:1978|山梨:1978|長野:1975|秋田:1981,0,0.1866054601554539,0.09639659122647386
宮城:1977|新潟:1982|山形:1978|山梨:1978|長野:1981|秋田:1975,0,0.12040937669508206,-0.17087802816115216
宮城:1977|新潟:1982|山形:1978|山梨:1981|長野:1975|秋田:1978,0,0.1233826321090291,0.028821805419276654
宮城:1977|新潟:1982|山形:1978|山梨:1981|長野:1978|秋田:1975,0,0.15637898715978082,-0.029206762542212338
宮城:1977|新潟:1982|山形:1981|山梨:1975|長野:1978|秋田:1978,0,0.13602973791590578,-0.05693718024428922
宮城:1977|新潟:1982|山形:1981|山梨:1978|長野:1975|秋田:1978,0,0.031618476014886404,-0.04684851743465114
宮城:1977|新潟:1982|山形:1981|山梨:1978|長野:1978|秋田:1975,0,0.06461483106564145,-0.10487708539614389
宮城:1978|新潟:1975|山形:1977|山梨:1978|長野:1981|秋田:1982,0,0.01927751621769354,-0.2783739940209068
宮城:1978|新潟:1975|山形:1977|山梨:1978|長野:1982|秋田:1981,0,0.07541167090445428,-0.2566731607432763
宮城:1978|新潟:1975|山形:1977|山梨:1981|長野:1978|秋田:1982,0,0.05524712668239326,-0.13670272840196035
宮城:1978|新潟:1975|山形:1977|山梨:1981|長野:1982|秋田:1978,0,0.01218884285802673,-0.3242479465504761
宮城:1978|新潟:1975|山形:1977|山梨:1982|長野:1978|秋田:1981,0,0.08090822536637583,-0.10951066496248212
宮城:1978|新潟:1975|山形:1977|山梨:1982|長野:1981|秋田:1978,0,-0.018284213144744287,-0.3187567163886137
宮城:1978|新潟:1975|山形:1978|山梨:1977|長野:1981|秋田:1982,0,0.0238624055441346,-0.27877237585034564
宮城:1978|新潟:1975|山形:1978|山梨:1977|長野:1982|秋田:1981,0,0.07999656023089169,-0.257071542572716
宮城:1978|新潟:1975|山形:1978|山梨:1981|長野:1977|秋田:1982,0,0.1075510754195567,-0.053450853381074095
宮城:1978|新潟:1975|山形:1978|山梨:1981|長野:1982|秋田:1977,0,0.19387140771098144,-0.15738533386188425
宮城:1978|新潟:1975|山形:1978|山梨:1982|長野:1977|秋田:1981,0,0.13321217410354028,-0.026258789941592846
宮城:1978|新潟:1975|山形:1978|山梨:1982|長野:1981|秋田:1977,0,0.16339835170820868,-0.15189410370002118
宮城:1978|新潟:1975|山形:1981|山梨:1977|長野:1978|秋田:1982,0,-0.0319321400852988,-0.21277143308532867
宮城:1978|新潟:1975|山形:1981|山梨:1977|長野:1982|秋田:1978,0,-0.07499042390966451,-0.4003166512338369
宮城:1978|新潟:1975|山形:1981|山梨:1978|長野:1977|秋田:1982,0,0.015786919325431956,-0.12912117623499922
宮城:1978|新潟:1975|山形:1981|山梨:1978|長野:1982|秋田:1977,0,0.10210725161684765,-0.23305565671580553
宮城:1978|新潟:1975|山形:1981|山梨:1982|長野:1977|秋田:1978,0,-0.02177481003701552,-0.1695038986027127
宮城:1978|新潟:1975|山形:1981|山梨:1982|長野:1978|秋田:1977,0,0.10760380607877412,-0.08589316093501283
宮城:1978|新潟:1975|山形:1982|山梨:1977|長野:1978|秋田:1981,0,0.06983432824421426,-0.11805894040061468
宮城:1978|新潟:1975|山形:1982|山梨:1977|長野:1981|秋田:1978,0,-0.029358110266918085,-0.32730499182675843
宮城:1978|新潟:1975|山形:1982|山梨:1978|長野:1977|秋田:1981,0,0.11755338765493765,-0.034408683550282766
宮城:1978|新潟:1975|山形:1982|山梨:1978|長野:1981|秋田:1977,0,0.14773956525959442,-0.16004399730872598
宮城:1978|新潟:1975|山形:1982|山梨:1981|長野:1977|秋田:1978,0,0.054330559608517404,-0.10198346935748706
宮城:1978|新潟:1975|山形:1982|山梨:1981|長野:1978|秋田:1977,0,0.18370917572429535,-0.018372731689793635
宮城:1978|新潟:1977|山形:1975|山梨:1978|長野:1981|秋田:1982,0,0.03102987849416173,-0.1824392536151932
宮城:1978|新潟:1977|山形:1975|山梨:1978|長野:1982|秋田:1981,0,0.08716403318090998,-0.16073842033757452
宮城:1978|新潟:1977|山形:1975|山梨:1981|長野:1978|秋田:1982,0,0.06699948895885703,-0.04076798799625474
宮城:1978|新潟:1977|山形:1975|山梨:1981|長野:1982|秋田:1978,0,0.02394120513448723,-0.22831320614476613
宮城:1978|新潟:1977|山形:1975|山梨:1982|長野:1978|秋田:1981,0,0.09266058764283709,-0.013575924556772378
宮城:1978|新潟:1977|山形:1975|山梨:1982|長野:1981|秋田:1978,0,-0.006531850868281082,-0.2228219759829014
宮城:1978|新潟:1977|山形:1978|山梨:1975|長野:1981|秋田:1982,0,0.1792874575280005,-0.11490535947957248
宮城:1978|新潟:1977|山形:1978|山梨:1975|長野:1982|秋田:1981,0,0.23542161221474903,-0.09320452620195668
宮城:1978|新潟:1977|山形:1978|山梨:1981|長野:1975|秋田:1982,0,0.11084580609168143,0.036854568949004705
宮城:1978|新潟:1977|山形:1978|山梨:1981|長野:1982|秋田:1975,0,0.10078387731807253,-0.20871921716099634
宮城:1978|新潟:1977|山形:1978|山梨:1982|長野:1975|秋田:1981,0,0.13650690477566194,0.06404663238848338
宮城:1978|新潟:1977|山形:1978|山梨:1982|長野:1981|秋田:1975,0,0.07031082131528878,-0.20322798699914638
宮城:1978|新潟:1977|山形:1981|山梨:1975|長野:1978|秋田:1982,0,0.12349291189856054,-0.04890441671456366
宮城:1978|新潟:1977|山形:1981|山梨:1975|長野:1982|秋田:1978,0,0.08043462807420569,-0.23644963486306522
宮城:1978|新潟:1977|山形:1981|山梨:1978|長野:1975|秋田:1982,0,0.019081649997547696,-0.03881575390493079
宮城:1978|新潟:1977|山形:1981|山梨:1978|長野:1982|秋田:1975,0,0.00901972122393127,-0.28438954001493083
宮城:1978|新潟:1977|山形:1981|山梨:1982|長野:1975|秋田:1978,0,-0.018480079364893043,-0.0791984762726401
宮城:1978|新潟:1977|山形:1981|山梨:1982|長野:1978|秋田:1975,0,0.01451627568585319,-0.1372270442341331
宮城:1978|新潟:1977|山形:1982|山梨:1975|長野:1978|秋田:1981,0,0.2252593802280699,0.045808075970154016
宮城:1978|新潟:1977|山形:1982|山梨:1975|長野:1981|秋田:1978,0,0.12606694171695557,-0.16343797545598215
宮城:1978|新潟:1977|山形:1982|山梨:1978|長野:1975|秋田:1981,0,0.12084811832705743,0.05589673877978084
宮城:1978|新潟:1977|山形:1982|山梨:1978|長野:1981|秋田:1975,0,0.05465203486668498,-0.2113778806078309
宮城:1978|新潟:1977|山形:1982|山梨:1981|長野:1975|秋田:1978,0,0.057625290280634775,-0.011678047027414684
宮城:1978|新潟:1977|山形:1982|山梨:1981|長野:1978|秋田:1975,0,0.09062164533137212,-0.06970661498891402
宮城:1978|新潟:1978|山形:1975|山梨:1977|長野:1981|秋田:1982,0,0.024947545994659523,-0.1740938408759306
宮城:1978|新潟:1978|山形:1975|山梨:1977|長野:1982|秋田:1981,0,0.08108170068141721,-0.15239300759830257
宮城:1978|新潟:1978|山形:1975|山梨:1981|長野:1977|秋田:1982,0,0.10863621587007627,0.05122768159333272
宮城:1978|新潟:1978|山形:1975|山梨:1981|長野:1982|秋田:1977,0,0.1949565481615099,-0.0527067988874774
宮城:1978|新潟:1978|山形:1975|山梨:1982|長野:1977|秋田:1981,0,0.1342973145540626,0.07841974503280932
宮城:1978|新潟:1978|山形:1975|山梨:1982|長野:1981|秋田:1977,0,0.16448349215873345,-0.04721556872561836
宮城:1978|新潟:1978|山形:1977|山梨:1975|長野:1981|秋田:1982,0,0.16862023570205958,-0.10616156491087814
宮城:1978|新潟:1978|山形:1977|山梨:1975|長野:1982|秋田:1981,0,0.2247543903888189,-0.08446073163324427
宮城:1978|新潟:1978|山形:1977|山梨:1981|長野:1975|秋田:1982,0,0.10017858426573907,0.045598363517698436
宮城:1978|新潟:1978|山形:1977|山梨:1981|長野:1982|秋田:1975,0,0.09011665549212707,-0.19997542259230944
宮城:1978|新潟:1978|山形:1977|山梨:1982|長野:1975|秋田:1981,0,0.12583968294972514,0.07279042695718815
宮城:1978|新潟:1978|山形:1977|山梨:1982|長野:1981|秋田:1975,0,0.05964359948935173,-0.1944841924304436
宮城:1978|新潟:1978|山形:1981|山梨:1975|長野:1977|秋田:1982,0,0.16512963880979345,0.043091252875029046
宮城:1978|新潟:1978|山形:1981|山梨:1975|長野:1982|秋田:1977,0,0.2514499711012143,-0.060843227605781536
宮城:1978|新潟:1978|山形:1981|山梨:1977|長野:1975|秋田:1982,0,0.012999317498050217,-0.03047034116567262
宮城:1978|新潟:1978|山形:1981|山梨:1977|長野:1982|秋田:1975,0,0.002937388724430857,-0.2760441272756686
宮城:1978|新潟:1978|山形:1981|山梨:1982|長野:1975|秋田:1977,0,0.15253526366212958,0.09640793098465324
宮城:1978|新潟:1978|山形:1981|山梨:1982|長野:1977|秋田:1975,0,0.05615300259708168,-0.045231374644547254
宮城:1978|新潟:1978|山形:1982|山梨:1975|長野:1977|秋田:1981,0,0.2668961071393044,0.13780374555974
宮城:1978|新潟:1978|山形:1982|山梨:1975|長野:1981|秋田:1977,0,0.29708228474396997,0.012168431801303642
宮城:1978|新潟:1978|山形:1982|山梨:1977|長野:1975|秋田:1981,0,0.11476578582755306,0.06424215151904533
宮城:1978|新潟:1978|山形:1982|山梨:1977|長野:1981|秋田:1975,0,0.04856970236719235,-0.2030324678685742
宮城:1978|新潟:1978|山形:1982|山梨:1981|長野:1975|秋田:1977,0,0.2286406333076506,0.16392836022987795
宮城:1978|新潟:1978|山形:1982|山梨:1981|長野:1977|秋田:1975,0,0.1322583722426031,0.022289054600672296
宮城:1978|新潟:1981|山形:1975|山梨:1977|長野:1978|秋田:1982,0,-0.007288795473906202,-0.1304798965482126
宮城:1978|新潟:1981|山形:1975|山梨:1977|長野:1982|秋田:1978,0,-0.050347079298269724,-0.3180251146967069
宮城:1978|新潟:1981|山形:1975|山梨:1978|長野:1977|秋田:1982,0,0.04043026393682465,-0.046829639697873134
宮城:1978|新潟:1981|山形:1975|山梨:1978|長野:1982|秋田:1977,0,0.126750596228246,-0.15076412017868518
宮城:1978|新潟:1981|山形:1975|山梨:1982|長野:1977|秋田:1978,0,0.002868534574370344,-0.08721236206559635
宮城:1978|新潟:1981|山形:1975|山梨:1982|長野:1978|秋田:1977,0,0.13224715069017312,-0.0036016243978901686
宮城:1978|新潟:1981|山形:1977|山梨:1975|長野:1978|秋田:1982,0,0.13638389423350383,-0.0625476205831426
宮城:1978|新潟:1981|山形:1977|山梨:1975|長野:1982|秋田:1978,0,0.09332561040913834,-0.2500928387316455
宮城:1978|新潟:1981|山形:1977|山梨:1978|長野:1975|秋田:1982,0,0.03197263233248198,-0.05245895777350558
宮城:1978|新潟:1981|山形:1977|山梨:1978|長野:1982|秋田:1975,0,0.021910703558872882,-0.29803274388350937
宮城:1978|新潟:1981|山形:1977|山梨:1982|長野:1975|秋田:1978,0,-0.005589097029951798,-0.09284168014121175
宮城:1978|新潟:1981|山形:1977|山梨:1982|長野:1978|秋田:1975,0,0.027407258020790647,-0.15087024810271293
宮城:1978|新潟:1981|山形:1978|山梨:1975|長野:1977|秋田:1982,0,0.1886878429706614,0.02070425443773815
宮城:1978|新潟:1981|山形:1978|山梨:1975|長野:1982|秋田:1977,0,0.275008175262084,-0.08323022604306389
宮城:1978|新潟:1981|山形:1978|山梨:1977|長野:1975|秋田:1982,0,0.03655752165892253,-0.05285733960294951
宮城:1978|新潟:1981|山形:1978|山梨:1977|長野:1982|秋田:1975,0,0.026495592885316496,-0.2984311257129425
宮城:1978|新潟:1981|山形:1978|山梨:1982|長野:1975|秋田:1977,0,0.17609346782298735,0.07402093254736264
宮城:1978|新潟:1981|山形:1978|山梨:1982|長野:1977|秋田:1975,0,0.07971120675795758,-0.06761837308182805
宮城:1978|新潟:1981|山形:1982|山梨:1975|長野:1977|秋田:1978,0,0.1354673271596202,-0.027828361538664324
宮城:1978|新潟:1981|山形:1982|山梨:1975|長野:1978|秋田:1977,0,0.26484594327541294,0.055782376129048516
宮城:1978|新潟:1981|山形:1982|山梨:1977|長野:1975|秋田:1978,0,-0.016662994152130135,-0.1013899555793664
宮城:1978|新潟:1981|山形:1982|山梨:1977|長野:1978|秋田:1975,0,0.01633336089862146,-0.1594185235408558
宮城:1978|新潟:1981|山形:1982|山梨:1978|長野:1975|秋田:1977,0,0.16043468137439165,0.06587103893866464
宮城:1978|新潟:1981|山形:1982|山梨:1978|長野:1977|秋田:1975,0,0.06405242030935814,-0.07576826669052117
宮城:1978|新潟:1982|山形:1975|山梨:1977|長野:1978|秋田:1981,0,0.09437233768896208,-0.04129155653372513
宮城:1978|新潟:1982|山形:1975|山梨:1977|長野:1981|秋田:1978,0,-0.00482010082216961,-0.25053760795986385
宮城:1978|新潟:1982|山形:1975|山梨:1978|長野:1977|秋田:1981,0,0.14209139709968982,0.04235870031660259
宮城:1978|新潟:1982|山形:1975|山梨:1978|長野:1981|秋田:1977,0,0.17227757470435698,-0.08327661344183228
宮城:1978|新潟:1982|山形:1975|山梨:1981|長野:1977|秋田:1978,0,0.07886856905326764,-0.0252160854905917
宮城:1978|新潟:1982|山形:1975|山梨:1981|長野:1978|秋田:1977,0,0.20824718516905788,0.05839465217710229
宮城:1978|新潟:1982|山形:1977|山梨:1975|長野:1978|秋田:1981,0,0.2380450273963707,0.02664071943133824
宮城:1978|新潟:1982|山形:1977|山梨:1975|長野:1981|秋田:1978,0,0.1388525888852413,-0.18260533199479675
宮城:1978|新潟:1982|山形:1977|山梨:1978|長野:1975|秋田:1981,0,0.13363376549534445,0.036729382240971685
宮城:1978|新潟:1982|山形:1977|山梨:1978|長野:1981|秋田:1975,0,0.06743768203497165,-0.23054523714665934
宮城:1978|新潟:1982|山形:1977|山梨:1981|長野:1975|秋田:1978,0,0.0704109374489193,-0.030845403566229456
宮城:1978|新潟:1982|山形:1977|山梨:1981|長野:1978|秋田:1975,0,0.1034072924996664,-0.08887397152772528
宮城:1978|新潟:1982|山形:1978|山梨:1975|長野:1977|秋田:1981,0,0.2903489761335315,0.10989259445222799
宮城:1978|新潟:1982|山形:1978|山梨:1975|長野:1981|秋田:1977,0,0.3205351537382047,-0.015742719306199637
宮城:1978|新潟:1982|山形:1978|山梨:1977|長野:1975|秋田:1981,0,0.13821865482179746,0.03633100041153116
宮城:1978|新潟:1982|山形:1978|山梨:1977|長野:1981|秋田:1975,0,0.07202257136141986,-0.23094361897609716
宮城:1978|新潟:1982|山形:1978|山梨:1981|長野:1975|秋田:1977,0,0.25209350230188093,0.1360172091223634
宮城:1978|新潟:1982|山形:1978|山梨:1981|長野:1977|秋田:1975,0,0.15571124123683755,-0.005622096506837204
宮城:1978|新潟:1982|山形:1981|山梨:1975|長野:1977|秋田:1978,0,0.13536199199298007,-0.033352514208895206
宮城:1978|新潟:1982|山形:1981|山梨:1975|長野:1978|秋田:1977,0,0.2647406081087619,0.05025822345880767
宮城:1978|新潟:1982|山形:1981|山梨:1977|長野:1975|秋田:1978,0,-0.016768329318771674,-0.10691410824960408
宮城:1978|新潟:1982|山形:1981|山梨:1977|長野:1978|秋田:1975,0,0.01622802573196584,-0.1649426762110984
宮城:1978|新潟:1982|山形:1981|山梨:1978|長野:1975|秋田:1977,0,0.16032934620774858,0.06034688626844089
宮城:1978|新潟:1982|山形:1981|山梨:1978|長野:1977|秋田:1975,0,0.06394708514270872,-0.08129241936075979
宮城:1981|新潟:1975|山形:1977|山梨:1978|長野:1978|秋田:1982,0,0.08845685492598582,-0.10922382248689681
宮城:1981|新潟:1975|山形:1977|山梨:1978|長野:1982|秋田:1978,0,0.04539857110162335,-0.2967690406354113
宮城:1981|新潟:1975|山形:1977|山梨:1982|長野:1978|秋田:1978,0,0.05089512556354373,-0.14960654485462255
宮城:1981|新潟:1975|山形:1978|山梨:1977|長野:1978|秋田:1982,0,0.0930417442524307,-0.1096222043163402
宮城:1981|新潟:1975|山形:1978|山梨:1977|長野:1982|秋田:1978,0,0.04998346042806288,-0.29716742246484684
宮城:1981|新潟:1975|山形:1978|山梨:1978|長野:1977|秋田:1982,0,0.14076080366315444,-0.025971947466011103
宮城:1981|新潟:1975|山形:1978|山梨:1978|長野:1982|秋田:1977,0,0.22708113595457913,-0.1299064279468246
宮城:1981|新潟:1975|山形:1978|山梨:1982|長野:1977|秋田:1978,0,0.10319907430070674,-0.06635466983373185
宮城:1981|新潟:1975|山形:1978|山梨:1982|長野:1978|秋田:1977,0,0.23257769041650875,0.017256067833982293
宮城:1981|新潟:1975|山形:1982|山梨:1977|長野:1978|秋田:1978,0,0.039821228441384846,-0.15815482029275701
宮城:1981|新潟:1975|山形:1982|山梨:1978|長野:1977|秋田:1978,0,0.08754028785211701,-0.07450456344241074
宮城:1981|新潟:1975|山形:1982|山梨:1978|長野:1978|秋田:1977,0,0.21691890396789448,0.009106174225278384
宮城:1981|新潟:1977|山形:1975|山梨:1978|長野:1978|秋田:1982,0,0.10020921720245257,-0.013289082081197435
宮城:1981|新潟:1977|山形:1975|山梨:1978|長野:1982|秋田:1978,0,0.05715093337807501,-0.20083430022971394
宮城:1981|新潟:1977|山形:1975|山梨:1982|長野:1978|秋田:1978,0,0.0626474878400114,-0.053671804448906756
宮城:1981|新潟:1977|山形:1978|山梨:1975|長野:1978|秋田:1982,0,0.2484667962362862,0.05424481205441849
宮城:1981|新潟:1977|山形:1978|山梨:1975|長野:1982|秋田:1978,0,0.20540851241192734,-0.13330040609407806
宮城:1981|新潟:1977|山形:1978|山梨:1978|長野:1975|秋田:1982,0,0.14405553433526838,0.06433347486405364
宮城:1981|新潟:1977|山形:1978|山梨:1978|長野:1982|秋田:1975,0,0.1339936055616661,-0.18124031124593962
宮城:1981|新潟:1977|山形:1978|山梨:1982|長野:1975|秋田:1978,0,0.10649380497283294,0.023950752496348267
宮城:1981|新潟:1977|山形:1978|山梨:1982|長野:1978|秋田:1975,0,0.13949016002358172,-0.03407781546513946
宮城:1981|新潟:1977|山形:1982|山梨:1975|長野:1978|秋田:1978,0,0.19524628042525055,0.005712196078014381
宮城:1981|新潟:1977|山形:1982|山梨:1978|長野:1975|秋田:1978,0,0.09083501852422178,0.015800858887642294
宮城:1981|新潟:1977|山形:1982|山梨:1978|長野:1978|秋田:1975,0,0.12383137357497256,-0.04222770907384178
宮城:1981|新潟:1978|山形:1975|山梨:1977|長野:1978|秋田:1982,0,0.09412688470294754,-0.004943669341938116
宮城:1981|新潟:1978|山形:1975|山梨:1977|長野:1982|秋田:1978,0,0.05106860087859752,-0.19248888749043147
宮城:1981|新潟:1978|山形:1975|山梨:1978|長野:1977|秋田:1982,0,0.1418459441136796,0.07870658750839865
宮城:1981|新潟:1978|山形:1975|山梨:1978|長野:1982|秋田:1977,0,0.22816627640509365,-0.025227892972424414
宮城:1981|新潟:1978|山形:1975|山梨:1982|長野:1977|秋田:1978,0,0.10428421475123266,0.038323865140683026
宮城:1981|新潟:1978|山形:1975|山梨:1982|長野:1978|秋田:1977,0,0.2336628308670263,0.12193460280838397
宮城:1981|新潟:1978|山形:1977|山梨:1975|長野:1978|秋田:1982,0,0.23779957441035904,0.06298860662313203
宮城:1981|新潟:1978|山形:1977|山梨:1975|長野:1982|秋田:1978,0,0.19474129058599154,-0.1245566115253822
宮城:1981|新潟:1978|山形:1977|山梨:1978|長野:1975|秋田:1982,0,0.13338831250932764,0.07307726943275679
宮城:1981|新潟:1978|山形:1977|山梨:1978|長野:1982|秋田:1975,0,0.12332638373572354,-0.17249651667723925
宮城:1981|新潟:1978|山形:1977|山梨:1982|長野:1975|秋田:1978,0,0.0958265831469025,0.032694547065061454
宮城:1981|新潟:1978|山形:1977|山梨:1982|長野:1978|秋田:1975,0,0.12882293819764695,-0.025334020896442877
宮城:1981|新潟:1978|山形:1978|山梨:1975|長野:1977|秋田:1982,0,0.2901035231475271,0.14624048164402154
宮城:1981|新潟:1978|山形:1978|山梨:1975|長野:1982|秋田:1977,0,0.3764238554389466,0.04230600116321023
宮城:1981|新潟:1978|山形:1978|山梨:1977|長野:1975|秋田:1982,0,0.13797320183577677,0.07267888760331687
宮城:1981|新潟:1978|山形:1978|山梨:1977|長野:1982|秋田:1975,0,0.12791127306216132,-0.1728948985066859
宮城:1981|新潟:1978|山形:1978|山梨:1982|長野:1975|秋田:1977,0,0.27750914799985293,0.19955715975363394
宮城:1981|新潟:1978|山形:1978|山梨:1982|長野:1977|秋田:1975,0,0.1811268869348056,0.05791785412443986
宮城:1981|新潟:1978|山形:1982|山梨:1975|長野:1977|秋田:1978,0,0.23688300733647802,0.09770786566760412
宮城:1981|新潟:1978|山形:1982|山梨:1975|長野:1978|秋田:1977,0,0.36626162345226265,0.18131860333530012
宮城:1981|新潟:1978|山形:1982|山梨:1977|長野:1975|秋田:1978,0,0.08475268602472372,0.02414627162690484
宮城:1981|新潟:1978|山形:1982|山梨:1977|長野:1978|秋田:1975,0,0.11774904107548036,-0.033882296334585636
宮城:1981|新潟:1978|山形:1982|山梨:1978|長野:1975|秋田:1977,0,0.2618503615512469,0.19140726614494005
宮城:1981|新潟:1978|山形:1982|山梨:1978|長野:1977|秋田:1975,0,0.16546810048620242,0.04976796051574025
宮城:1981|新潟:1982|山形:1975|山梨:1977|長野:1978|秋田:1978,0,0.06435923788613047,-0.08138743642586521
宮城:1981|新潟:1982|山形:1975|山梨:1978|長野:1977|秋田:1978,0,0.11207829729686083,0.002262820424468748
宮城:1981|新潟:1982|山形:1975|山梨:1978|長野:1978|秋田:1977,0,0.241456913412651,0.08587355809216603
宮城:1981|新潟:1982|山形:1977|山梨:1975|長野:1978|秋田:1978,0,0.20803192759354705,-0.013455160460785936
宮城:1981|新潟:1982|山形:1977|山梨:1978|長野:1975|秋田:1978,0,0.10362066569251248,-0.0033664976511662225
宮城:1981|新潟:1982|山形:1977|山梨:1978|長野:1978|秋田:1975,0,0.13661702074327292,-0.06139506561265214
宮城:1981|新潟:1982|山形:1978|山梨:1975|長野:1977|秋田:1978,0,0.2603358763307128,0.0697967145600984
宮城:1981|新潟:1982|山形:1978|山梨:1975|長野:1978|秋田:1977,0,0.38971449244649653,0.15340745222779448
宮城:1981|新潟:1982|山形:1978|山梨:1977|長野:1975|秋田:1978,0,0.10820555501897146,-0.0037648794805910436
宮城:1981|新潟:1982|山形:1978|山梨:1977|長野:1978|秋田:1975,0,0.14120191006970956,-0.06179344744210151
宮城:1981|新潟:1982|山形:1978|山梨:1978|長野:1975|秋田:1977,0,0.2853032305454686,0.16349611503742212
宮城:1981|新潟:1982|山形:1978|山梨:1978|長野:1977|秋田:1975,0,0.1889209694804446,0.02185680940824477
宮城:1982|新潟:1975|山形:1977|山梨:1978|長野:1978|秋田:1981,0,0.17099688995914233,-0.01693376118605755
宮城:1982|新潟:1975|山形:1977|山梨:1978|長野:1981|秋田:1978,0,0.07180445144801775,-0.22617981261219397
宮城:1982|新潟:1975|山形:1977|山梨:1981|長野:1978|秋田:1978,0,0.10777406191270944,-0.08450854699327473
宮城:1982|新潟:1975|山形:1978|山梨:1977|長野:1978|秋田:1981,0,0.17558177928558438,-0.01733214301550641
宮城:1982|新潟:1975|山形:1978|山梨:1977|長野:1981|秋田:1978,0,0.0763893407744643,-0.22657819444163593
宮城:1982|新潟:1975|山形:1978|山梨:1978|長野:1977|秋田:1981,0,0.22330083869631245,0.06631811383483577
宮城:1982|新潟:1975|山形:1978|山梨:1978|長野:1981|秋田:1977,0,0.253487016300974,-0.059317199923606886
宮城:1982|新潟:1975|山形:1978|山梨:1981|長野:1977|秋田:1978,0,0.16007801064988325,-0.0012566719723769604
宮城:1982|新潟:1975|山形:1978|山梨:1981|長野:1978|秋田:1977,0,0.289456626765676,0.08235406569532941
宮城:1982|新潟:1975|山形:1981|山梨:1977|長野:1978|秋田:1978,0,0.0205947951450115,-0.16057725167663478
宮城:1982|新潟:1975|山形:1981|山梨:1978|長野:1977|秋田:1978,0,0.06831385455574596,-0.07692699482630436
宮城:1982|新潟:1975|山形:1981|山梨:1978|長野:1978|秋田:1977,0,0.19769247067153276,0.006683742841408153
宮城:1982|新潟:1977|山形:1975|山梨:1978|長野:1978|秋田:1981,0,0.18274925223559943,0.0790009792196456
宮城:1982|新潟:1977|山形:1975|山梨:1978|長野:1981|秋田:1978,0,0.08355681372447478,-0.13024507220648768
宮城:1982|新潟:1977|山形:1975|山梨:1981|長野:1978|秋田:1978,0,0.11952642418917742,0.011426193412446162
宮城:1982|新潟:1977|山形:1978|山梨:1975|長野:1978|秋田:1981,0,0.3310068312694494,0.14653487335527332
宮城:1982|新潟:1977|山形:1978|山梨:1975|長野:1981|秋田:1978,0,0.23181439275832513,-0.06271117807086417
宮城:1982|新潟:1977|山形:1978|山梨:1978|長野:1975|秋田:1981,0,0.2265955693684244,0.15662353616489616
宮城:1982|新潟:1977|山形:1978|山梨:1978|長野:1981|秋田:1975,0,0.1603994859080623,-0.11065108322272003
宮城:1982|新潟:1977|山形:1978|山梨:1981|長野:1975|秋田:1978,0,0.16337274132200488,0.08904875035769816
宮城:1982|新潟:1977|山形:1978|山梨:1981|長野:1978|秋田:1975,0,0.19636909637275948,0.031020182396212174
宮城:1982|新潟:1977|山形:1981|山梨:1975|長野:1978|秋田:1978,0,0.17601984712888988,0.003289764694148006
宮城:1982|新潟:1977|山形:1981|山梨:1978|長野:1975|秋田:1978,0,0.07160858522786574,0.013378427503776191
宮城:1982|新潟:1977|山形:1981|山梨:1978|長野:1978|秋田:1975,0,0.10460494027860984,-0.04465014045771442
宮城:1982|新潟:1978|山形:1975|山梨:1977|長野:1978|秋田:1981,0,0.17666691973609758,0.08734639195889919
宮城:1982|新潟:1978|山形:1975|山梨:1977|長野:1981|秋田:1978,0,0.07747448122497344,-0.12189965946724002
宮城:1982|新潟:1978|山形:1975|山梨:1978|長野:1977|秋田:1981,0,0.22438597914682848,0.17099664880923116
宮城:1982|新潟:1978|山形:1975|山梨:1978|長野:1981|秋田:1977,0,0.25457215675148764,0.04536133505079186
宮城:1982|新潟:1978|山形:1975|山梨:1981|長野:1977|秋田:1978,0,0.16116315110039436,0.1034218630020258
宮城:1982|新潟:1978|山形:1975|山梨:1981|長野:1978|秋田:1977,0,0.2905417672161971,0.18703260066973323
宮城:1982|新潟:1978|山形:1977|山梨:1975|長野:1978|秋田:1981,0,0.32033960944351414,0.15527866792397607
宮城:1982|新潟:1978|山形:1977|山梨:1975|長野:1981|秋田:1978,0,0.22114717093238767,-0.05396738350216823
宮城:1982|新潟:1978|山形:1977|山梨:1978|長野:1975|秋田:1981,0,0.21592834754248277,0.16536733073360727
宮城:1982|新潟:1978|山形:1977|山梨:1978|長野:1981|秋田:1975,0,0.14973226408212162,-0.10190728865402925
宮城:1982|新潟:1978|山形:1977|山梨:1981|長野:1975|秋田:1978,0,0.15270551949605574,0.09779254492639469
宮城:1982|新潟:1978|山形:1977|山梨:1981|長野:1978|秋田:1975,0,0.185701874546813,0.0397639769649056
宮城:1982|新潟:1978|山形:1978|山梨:1975|長野:1977|秋田:1981,0,0.37264355818067574,0.23853054294485937
宮城:1982|新潟:1978|山形:1978|山梨:1975|長野:1981|秋田:1977,0,0.40282973578534065,0.1128952291864191
宮城:1982|新潟:1978|山形:1978|山梨:1977|長野:1975|秋田:1981,0,0.22051323686892715,0.16496894890415867
宮城:1982|新潟:1978|山形:1978|山梨:1977|長野:1981|秋田:1975,0,0.15431715340855395,-0.10230567048346464
宮城:1982|新潟:1978|山形:1978|山梨:1981|長野:1975|秋田:1977,0,0.3343880843490271,0.26465515761499186
宮城:1982|新潟:1978|山形:1978|山梨:1981|長野:1977|秋田:1975,0,0.23800582328399056,0.12301585198580534
宮城:1982|新潟:1978|山形:1981|山梨:1975|長野:1977|秋田:1978,0,0.2176565740401131,0.09528543428373033
宮城:1982|新潟:1978|山形:1981|山梨:1975|長野:1978|秋田:1977,0,0.3470351901558975,0.17889617195143098
宮城:1982|新潟:1978|山形:1981|山梨:1977|長野:1975|秋田:1978,0,0.06552625272836649,0.02172384024303515
宮城:1982|新潟:1978|山形:1981|山梨:1977|長野:1978|秋田:1975,0,0.0985226077791142,-0.03630472771845848
宮城:1982|新潟:1978|山形:1981|山梨:1978|長野:1975|秋田:1977,0,0.24262392825487555,0.18898483476106592
宮城:1982|新潟:1978|山形:1981|山梨:1978|長野:1977|秋田:1975,0,0.14624166718984152,0.04734552913187024
宮城:1982|新潟:1981|山形:1975|山梨:1977|長野:1978|秋田:1978,0,0.045238139756419576,-0.07828571513950167
宮城:1982|新潟:1981|山形:1975|山梨:1978|長野:1977|秋田:1978,0,0.09295719916714429,0.005364541710825073
宮城:1982|新潟:1981|山形:1975|山梨:1978|長野:1978|秋田:1977,0,0.22233581528292984,0.08897527937852726
宮城:1982|新潟:1981|山形:1977|山梨:1975|長野:1978|秋田:1978,0,0.18891082946382062,-0.010353439174443237
宮城:1982|新潟:1981|山形:1977|山梨:1978|長野:1975|秋田:1978,0,0.08449956756280172,-0.0002647763648019025
宮城:1982|新潟:1981|山形:1977|山梨:1978|長野:1978|秋田:1975,0,0.1174959226135564,-0.05829334432630255
宮城:1982|新潟:1981|山形:1978|山梨:1975|長野:1977|秋田:1978,0,0.24121477820099557,0.07289843584646041
宮城:1982|新潟:1981|山形:1978|山梨:1975|長野:1978|秋田:1977,0,0.3705933943167801,0.15650917351414803
宮城:1982|新潟:1981|山形:1978|山梨:1977|長野:1975|秋田:1978,0,0.08908445688923936,-0.0006631581942526763
宮城:1982|新潟:1981|山形:1978|山梨:1977|長野:1978|秋田:1975,0,0.12208081194000076,-0.05869172615573075
宮城:1982|新潟:1981|山形:1978|山梨:1978|長野:1975|秋田:1977,0,0.26618213241575917,0.16659783632378722
宮城:1982|新潟:1981|山形:1978|山梨:1978|長野:1977|秋田:1975,0,0.169799871350717,0.02495853069458941
