year,pref,sp,v,arrival,arrival_source,event_time,event_time_binned,is_matsu,ln1p_v,fe_pref_year,fe_sp_year,fe_pref_sp
1960,宮城,matsu,136.0,1975.0,"宮城県公式サイト(石巻市大門崎, 昭和50年)",-15.0,-10.0,1,4.919980925828125,宮城_1960,matsu_1960,宮城_matsu
1960,宮城,sugi,316.0,1975.0,"宮城県公式サイト(石巻市大門崎, 昭和50年)",-15.0,-10.0,0,5.75890177387728,宮城_1960,sugi_1960,宮城_sugi
1960,宮城,hinoki,29.0,1975.0,"宮城県公式サイト(石巻市大門崎, 昭和50年)",-15.0,-10.0,0,3.4011973816621555,宮城_1960,hinoki_1960,宮城_hinoki
1960,新潟,matsu,142.0,1977.0,"新潟県治山課(南魚沼市, 昭和52年度)",-17.0,-10.0,1,4.962844630259907,新潟_1960,matsu_1960,新潟_matsu
1960,新潟,sugi,464.0,1977.0,"新潟県治山課(南魚沼市, 昭和52年度)",-17.0,-10.0,0,6.142037405587356,新潟_1960,sugi_1960,新潟_sugi
1960,新潟,hinoki,1.0,1977.0,"新潟県治山課(南魚沼市, 昭和52年度)",-17.0,-10.0,0,0.6931471805599453,新潟_1960,hinoki_1960,新潟_hinoki
1960,山形,matsu,84.0,1978.0,"山形県松くい虫被害対策推進計画(山形市, 昭和53年)",-18.0,-10.0,1,4.442651256490317,山形_1960,matsu_1960,山形_matsu
1960,山形,sugi,287.0,1978.0,"山形県松くい虫被害対策推進計画(山形市, 昭和53年)",-18.0,-10.0,0,5.662960480135946,山形_1960,sugi_1960,山形_sugi
1960,山形,hinoki,3.0,1978.0,"山形県松くい虫被害対策推進計画(山形市, 昭和53年)",-18.0,-10.0,0,1.3862943611198906,山形_1960,hinoki_1960,山形_hinoki
1960,山梨,matsu,170.0,1978.0,山梨県公式サイト(昭和53年),-18.0,-10.0,1,5.14166355650266,山梨_1960,matsu_1960,山梨_matsu
1960,山梨,sugi,85.0,1978.0,山梨県公式サイト(昭和53年),-18.0,-10.0,0,4.454347296253507,山梨_1960,sugi_1960,山梨_sugi
1960,山梨,hinoki,67.0,1978.0,山梨県公式サイト(昭和53年),-18.0,-10.0,0,4.219507705176107,山梨_1960,hinoki_1960,山梨_hinoki
1960,長野,matsu,439.0,1981.0,"長野県林業総合センター研究報告(木曽郡山口村, 昭和56年)",-21.0,-10.0,1,6.0867747269123065,長野_1960,matsu_1960,長野_matsu
1960,長野,sugi,233.0,1981.0,"長野県林業総合センター研究報告(木曽郡山口村, 昭和56年)",-21.0,-10.0,0,5.455321115357702,長野_1960,sugi_1960,長野_sugi
1960,長野,hinoki,162.0,1981.0,"長野県林業総合センター研究報告(木曽郡山口村, 昭和56年)",-21.0,-10.0,0,5.093750200806762,長野_1960,hinoki_1960,長野_hinoki
1960,秋田,matsu,91.0,1982.0,"秋田県公式サイト(にかほ市旧象潟町, 昭和57年度)",-22.0,-10.0,1,4.5217885770490405,秋田_1960,matsu_1960,秋田_matsu
1960,秋田,sugi,1190.0,1982.0,"秋田県公式サイト(にかほ市旧象潟町, 昭和57年度)",-22.0,-10.0,0,7.0825485693553,秋田_1960,sugi_1960,秋田_sugi
1960,秋田,hinoki,8.0,1982.0,"秋田県公式サイト(にかほ市旧象潟町, 昭和57年度)",-22.0,-10.0,0,2.1972245773362196,秋田_1960,hinoki_1960,秋田_hinoki
1960,北海道,matsu,10.0,,,,,1,2.3978952727983707,北海道_1960,matsu_1960,北海道_matsu
1960,北海道,sugi,40.0,,,,,0,3.713572066704308,北海道_1960,sugi_1960,北海道_sugi
1960,北海道,hinoki,1.0,,,,,0,0.6931471805599453,北海道_1960,hinoki_1960,北海道_hinoki
1960,青森,matsu,215.0,,,,,1,5.375278407684165,青森_1960,matsu_1960,青森_matsu
1960,青森,sugi,420.0,,,,,0,6.042632833682381,青森_1960,sugi_1960,青森_sugi
1960,青森,hinoki,25.0,,,,,0,3.258096538021482,青森_1960,hinoki_1960,青森_hinoki
1961,宮城,matsu,176.0,1975.0,"宮城県公式サイト(石巻市大門崎, 昭和50年)",-14.0,-10.0,1,5.176149732573829,宮城_1961,matsu_1961,宮城_matsu
1961,宮城,sugi,330.0,1975.0,"宮城県公式サイト(石巻市大門崎, 昭和50年)",-14.0,-10.0,0,5.802118375377063,宮城_1961,sugi_1961,宮城_sugi
1961,宮城,hinoki,31.0,1975.0,"宮城県公式サイト(石巻市大門崎, 昭和50年)",-14.0,-10.0,0,3.4657359027997265,宮城_1961,hinoki_1961,宮城_hinoki
1961,新潟,matsu,182.0,1977.0,"新潟県治山課(南魚沼市, 昭和52年度)",-16.0,-10.0,1,5.209486152841421,新潟_1961,matsu_1961,新潟_matsu
1961,新潟,sugi,507.0,1977.0,"新潟県治山課(南魚沼市, 昭和52年度)",-16.0,-10.0,0,6.230481447578482,新潟_1961,sugi_1961,新潟_sugi
1961,新潟,hinoki,5.0,1977.0,"新潟県治山課(南魚沼市, 昭和52年度)",-16.0,-10.0,0,1.791759469228055,新潟_1961,hinoki_1961,新潟_hinoki
1961,山形,matsu,79.0,1978.0,"山形県松くい虫被害対策推進計画(山形市, 昭和53年)",-17.0,-10.0,1,4.382026634673881,山形_1961,matsu_1961,山形_matsu
1961,山形,sugi,292.0,1978.0,"山形県松くい虫被害対策推進計画(山形市, 昭和53年)",-17.0,-10.0,0,5.680172609017068,山形_1961,sugi_1961,山形_sugi
1961,山形,hinoki,6.0,1978.0,"山形県松くい虫被害対策推進計画(山形市, 昭和53年)",-17.0,-10.0,0,1.9459101490553132,山形_1961,hinoki_1961,山形_hinoki
1961,山梨,matsu,175.0,1978.0,山梨県公式サイト(昭和53年),-17.0,-10.0,1,5.170483995038151,山梨_1961,matsu_1961,山梨_matsu
1961,山梨,sugi,80.0,1978.0,山梨県公式サイト(昭和53年),-17.0,-10.0,0,4.394449154672439,山梨_1961,sugi_1961,山梨_sugi
1961,山梨,hinoki,68.0,1978.0,山梨県公式サイト(昭和53年),-17.0,-10.0,0,4.23410650459726,山梨_1961,hinoki_1961,山梨_hinoki
1961,長野,matsu,419.0,1981.0,"長野県林業総合センター研究報告(木曽郡山口村, 昭和56年)",-20.0,-10.0,1,6.040254711277414,長野_1961,matsu_1961,長野_matsu
1961,長野,sugi,245.0,1981.0,"長野県林業総合センター研究報告(木曽郡山口村, 昭和56年)",-20.0,-10.0,0,5.5053315359323625,長野_1961,sugi_1961,長野_sugi
1961,長野,hinoki,171.0,1981.0,"長野県林業総合センター研究報告(木曽郡山口村, 昭和56年)",-20.0,-10.0,0,5.147494476813453,長野_1961,hinoki_1961,長野_hinoki
1961,秋田,matsu,110.0,1982.0,"秋田県公式サイト(にかほ市旧象潟町, 昭和57年度)",-21.0,-10.0,1,4.709530201312334,秋田_1961,matsu_1961,秋田_matsu
1961,秋田,sugi,1240.0,1982.0,"秋田県公式サイト(にかほ市旧象潟町, 昭和57年度)",-21.0,-10.0,0,7.123672785204607,秋田_1961,sugi_1961,秋田_sugi
1961,秋田,hinoki,8.0,1982.0,"秋田県公式サイト(にかほ市旧象潟町, 昭和57年度)",-21.0,-10.0,0,2.1972245773362196,秋田_1961,hinoki_1961,秋田_hinoki
1961,北海道,matsu,5.0,,,,,1,1.791759469228055,北海道_1961,matsu_1961,北海道_matsu
1961,北海道,sugi,40.0,,,,,0,3.713572066704308,北海道_1961,sugi_1961,北海道_sugi
1961,北海道,hinoki,1.0,,,,,0,0.6931471805599453,北海道_1961,hinoki_1961,北海道_hinoki
1961,青森,matsu,230.0,,,,,1,5.442417710521793,青森_1961,matsu_1961,青森_matsu
1961,青森,sugi,475.0,,,,,0,6.16541785423142,青森_1961,sugi_1961,青森_sugi
1961,青森,hinoki,13.0,,,,,0,2.6390573296152584,青森_1961,hinoki_1961,青森_hinoki
1962,宮城,matsu,178.0,1975.0,"宮城県公式サイト(石巻市大門崎, 昭和50年)",-13.0,-10.0,1,5.187385805840755,宮城_1962,matsu_1962,宮城_matsu
1962,宮城,sugi,336.0,1975.0,"宮城県公式サイト(石巻市大門崎, 昭和50年)",-13.0,-10.0,0,5.820082930352362,宮城_1962,sugi_1962,宮城_sugi
1962,宮城,hinoki,36.0,1975.0,"宮城県公式サイト(石巻市大門崎, 昭和50年)",-13.0,-10.0,0,3.6109179126442243,宮城_1962,hinoki_1962,宮城_hinoki
1962,新潟,matsu,188.0,1977.0,"新潟県治山課(南魚沼市, 昭和52年度)",-15.0,-10.0,1,5.241747015059643,新潟_1962,matsu_1962,新潟_matsu
1962,新潟,sugi,505.0,1977.0,"新潟県治山課(南魚沼市, 昭和52年度)",-15.0,-10.0,0,6.226536669287466,新潟_1962,sugi_1962,新潟_sugi
1962,新潟,hinoki,3.0,1977.0,"新潟県治山課(南魚沼市, 昭和52年度)",-15.0,-10.0,0,1.3862943611198906,新潟_1962,hinoki_1962,新潟_hinoki
1962,山形,matsu,85.0,1978.0,"山形県松くい虫被害対策推進計画(山形市, 昭和53年)",-16.0,-10.0,1,4.454347296253507,山形_1962,matsu_1962,山形_matsu
1962,山形,sugi,322.0,1978.0,"山形県松くい虫被害対策推進計画(山形市, 昭和53年)",-16.0,-10.0,0,5.777652323222656,山形_1962,sugi_1962,山形_sugi
1962,山形,hinoki,4.0,1978.0,"山形県松くい虫被害対策推進計画(山形市, 昭和53年)",-16.0,-10.0,0,1.6094379124341003,山形_1962,hinoki_1962,山形_hinoki
1962,山梨,matsu,114.0,1978.0,山梨県公式サイト(昭和53年),-16.0,-10.0,1,4.74493212836325,山梨_1962,matsu_1962,山梨_matsu
1962,山梨,sugi,62.0,1978.0,山梨県公式サイト(昭和53年),-16.0,-10.0,0,4.143134726391533,山梨_1962,sugi_1962,山梨_sugi
1962,山梨,hinoki,62.0,1978.0,山梨県公式サイト(昭和53年),-16.0,-10.0,0,4.143134726391533,山梨_1962,hinoki_1962,山梨_hinoki
1962,長野,matsu,349.0,1981.0,"長野県林業総合センター研究報告(木曽郡山口村, 昭和56年)",-19.0,-10.0,1,5.857933154483459,長野_1962,matsu_1962,長野_matsu
1962,長野,sugi,134.0,1981.0,"長野県林業総合センター研究報告(木曽郡山口村, 昭和56年)",-19.0,-10.0,0,4.90527477843843,長野_1962,sugi_1962,長野_sugi
1962,長野,hinoki,161.0,1981.0,"長野県林業総合センター研究報告(木曽郡山口村, 昭和56年)",-19.0,-10.0,0,5.087596335232384,長野_1962,hinoki_1962,長野_hinoki
1962,秋田,matsu,89.0,1982.0,"秋田県公式サイト(にかほ市旧象潟町, 昭和57年度)",-20.0,-10.0,1,4.499809670330265,秋田_1962,matsu_1962,秋田_matsu
1962,秋田,sugi,1267.0,1982.0,"秋田県公式サイト(にかほ市旧象潟町, 昭和57年度)",-20.0,-10.0,0,7.145196134997171,秋田_1962,sugi_1962,秋田_sugi
1962,秋田,hinoki,11.0,1982.0,"秋田県公式サイト(にかほ市旧象潟町, 昭和57年度)",-20.0,-10.0,0,2.4849066497880004,秋田_1962,hinoki_1962,秋田_hinoki
1962,北海道,matsu,2.0,,,,,1,1.0986122886681098,北海道_1962,matsu_1962,北海道_matsu
1962,北海道,sugi,35.0,,,,,0,3.58351893845611,北海道_1962,sugi_1962,北海道_sugi
1962,北海道,hinoki,0.0,,,,,0,0.0,北海道_1962,hinoki_1962,北海道_hinoki
1962,青森,matsu,247.0,,,,,1,5.5134287461649825,青森_1962,matsu_1962,青森_matsu
1962,青森,sugi,480.0,,,,,0,6.175867270105761,青森_1962,sugi_1962,青森_sugi
1962,青森,hinoki,7.0,,,,,0,2.0794415416798357,青森_1962,hinoki_1962,青森_hinoki
1963,宮城,matsu,204.0,1975.0,"宮城県公式サイト(石巻市大門崎, 昭和50年)",-12.0,-10.0,1,5.3230099791384085,宮城_1963,matsu_1963,宮城_matsu
1963,宮城,sugi,322.0,1975.0,"宮城県公式サイト(石巻市大門崎, 昭和50年)",-12.0,-10.0,0,5.777652323222656,宮城_1963,sugi_1963,宮城_sugi
1963,宮城,hinoki,43.0,1975.0,"宮城県公式サイト(石巻市大門崎, 昭和50年)",-12.0,-10.0,0,3.784189633918261,宮城_1963,hinoki_1963,宮城_hinoki
1963,新潟,matsu,155.0,1977.0,"新潟県治山課(南魚沼市, 昭和52年度)",-14.0,-10.0,1,5.049856007249537,新潟_1963,matsu_1963,新潟_matsu
1963,新潟,sugi,466.0,1977.0,"新潟県治山課(南魚沼市, 昭和52年度)",-14.0,-10.0,0,6.1463292576688975,新潟_1963,sugi_1963,新潟_sugi
1963,新潟,hinoki,4.0,1977.0,"新潟県治山課(南魚沼市, 昭和52年度)",-14.0,-10.0,0,1.6094379124341003,新潟_1963,hinoki_1963,新潟_hinoki
1963,山形,matsu,71.0,1978.0,"山形県松くい虫被害対策推進計画(山形市, 昭和53年)",-15.0,-10.0,1,4.276666119016055,山形_1963,matsu_1963,山形_matsu
1963,山形,sugi,293.0,1978.0,"山形県松くい虫被害対策推進計画(山形市, 昭和53年)",-15.0,-10.0,0,5.683579767338681,山形_1963,sugi_1963,山形_sugi
1963,山形,hinoki,5.0,1978.0,"山形県松くい虫被害対策推進計画(山形市, 昭和53年)",-15.0,-10.0,0,1.791759469228055,山形_1963,hinoki_1963,山形_hinoki
1963,山梨,matsu,116.0,1978.0,山梨県公式サイト(昭和53年),-15.0,-10.0,1,4.762173934797756,山梨_1963,matsu_1963,山梨_matsu
1963,山梨,sugi,64.0,1978.0,山梨県公式サイト(昭和53年),-15.0,-10.0,0,4.174387269895637,山梨_1963,sugi_1963,山梨_sugi
1963,山梨,hinoki,62.0,1978.0,山梨県公式サイト(昭和53年),-15.0,-10.0,0,4.143134726391533,山梨_1963,hinoki_1963,山梨_hinoki
1963,長野,matsu,308.0,1981.0,"長野県林業総合センター研究報告(木曽郡山口村, 昭和56年)",-18.0,-10.0,1,5.733341276897746,長野_1963,matsu_1963,長野_matsu
1963,長野,sugi,120.0,1981.0,"長野県林業総合センター研究報告(木曽郡山口村, 昭和56年)",-18.0,-10.0,0,4.795790545596741,長野_1963,sugi_1963,長野_sugi
1963,長野,hinoki,237.0,1981.0,"長野県林業総合センター研究報告(木曽郡山口村, 昭和56年)",-18.0,-10.0,0,5.472270673671475,長野_1963,hinoki_1963,長野_hinoki
1963,秋田,matsu,97.0,1982.0,"秋田県公式サイト(にかほ市旧象潟町, 昭和57年度)",-19.0,-10.0,1,4.584967478670572,秋田_1963,matsu_1963,秋田_matsu
1963,秋田,sugi,1282.0,1982.0,"秋田県公式サイト(にかほ市旧象潟町, 昭和57年度)",-19.0,-10.0,0,7.1569563646156364,秋田_1963,sugi_1963,秋田_sugi
1963,秋田,hinoki,3.0,1982.0,"秋田県公式サイト(にかほ市旧象潟町, 昭和57年度)",-19.0,-10.0,0,1.3862943611198906,秋田_1963,hinoki_1963,秋田_hinoki
1963,北海道,matsu,4.0,,,,,1,1.6094379124341003,北海道_1963,matsu_1963,北海道_matsu
1963,北海道,sugi,36.0,,,,,0,3.6109179126442243,北海道_1963,sugi_1963,北海道_sugi
1963,北海道,hinoki,0.0,,,,,0,0.0,北海道_1963,hinoki_1963,北海道_hinoki
1963,青森,matsu,229.0,,,,,1,5.438079308923196,青森_1963,matsu_1963,青森_matsu
1963,青森,sugi,445.0,,,,,0,6.100318952020064,青森_1963,sugi_1963,青森_sugi
1963,青森,hinoki,4.0,,,,,0,1.6094379124341003,青森_1963,hinoki_1963,青森_hinoki
1964,宮城,matsu,187.0,1975.0,"宮城県公式サイト(石巻市大門崎, 昭和50年)",-11.0,-10.0,1,5.236441962829949,宮城_1964,matsu_1964,宮城_matsu
1964,宮城,sugi,291.0,1975.0,"宮城県公式サイト(石巻市大門崎, 昭和50年)",-11.0,-10.0,0,5.676753802268282,宮城_1964,sugi_1964,宮城_sugi
1964,宮城,hinoki,39.0,1975.0,"宮城県公式サイト(石巻市大門崎, 昭和50年)",-11.0,-10.0,0,3.6888794541139363,宮城_1964,hinoki_1964,宮城_hinoki
1964,新潟,matsu,155.0,1977.0,"新潟県治山課(南魚沼市, 昭和52年度)",-13.0,-10.0,1,5.049856007249537,新潟_1964,matsu_1964,新潟_matsu
1964,新潟,sugi,442.0,1977.0,"新潟県治山課(南魚沼市, 昭和52年度)",-13.0,-10.0,0,6.093569770045136,新潟_1964,sugi_1964,新潟_sugi
1964,新潟,hinoki,3.0,1977.0,"新潟県治山課(南魚沼市, 昭和52年度)",-13.0,-10.0,0,1.3862943611198906,新潟_1964,hinoki_1964,新潟_hinoki
1964,山形,matsu,63.0,1978.0,"山形県松くい虫被害対策推進計画(山形市, 昭和53年)",-14.0,-10.0,1,4.1588830833596715,山形_1964,matsu_1964,山形_matsu
1964,山形,sugi,307.0,1978.0,"山形県松くい虫被害対策推進計画(山形市, 昭和53年)",-14.0,-10.0,0,5.730099782973574,山形_1964,sugi_1964,山形_sugi
1964,山形,hinoki,6.0,1978.0,"山形県松くい虫被害対策推進計画(山形市, 昭和53年)",-14.0,-10.0,0,1.9459101490553132,山形_1964,hinoki_1964,山形_hinoki
1964,山梨,matsu,103.0,1978.0,山梨県公式サイト(昭和53年),-14.0,-10.0,1,4.6443908991413725,山梨_1964,matsu_1964,山梨_matsu
1964,山梨,sugi,57.0,1978.0,山梨県公式サイト(昭和53年),-14.0,-10.0,0,4.060443010546419,山梨_1964,sugi_1964,山梨_sugi
1964,山梨,hinoki,54.0,1978.0,山梨県公式サイト(昭和53年),-14.0,-10.0,0,4.007333185232471,山梨_1964,hinoki_1964,山梨_hinoki
1964,長野,matsu,279.0,1981.0,"長野県林業総合センター研究報告(木曽郡山口村, 昭和56年)",-17.0,-10.0,1,5.634789603169249,長野_1964,matsu_1964,長野_matsu
1964,長野,sugi,126.0,1981.0,"長野県林業総合センター研究報告(木曽郡山口村, 昭和56年)",-17.0,-10.0,0,4.844187086458591,長野_1964,sugi_1964,長野_sugi
1964,長野,hinoki,249.0,1981.0,"長野県林業総合センター研究報告(木曽郡山口村, 昭和56年)",-17.0,-10.0,0,5.521460917862246,長野_1964,hinoki_1964,長野_hinoki
1964,秋田,matsu,93.0,1982.0,"秋田県公式サイト(にかほ市旧象潟町, 昭和57年度)",-18.0,-10.0,1,4.543294782270004,秋田_1964,matsu_1964,秋田_matsu
1964,秋田,sugi,1313.0,1982.0,"秋田県公式サイト(にかほ市旧象潟町, 昭和57年度)",-18.0,-10.0,0,7.1808311990445555,秋田_1964,sugi_1964,秋田_sugi
1964,秋田,hinoki,6.0,1982.0,"秋田県公式サイト(にかほ市旧象潟町, 昭和57年度)",-18.0,-10.0,0,1.9459101490553132,秋田_1964,hinoki_1964,秋田_hinoki
1964,北海道,matsu,6.0,,,,,1,1.9459101490553132,北海道_1964,matsu_1964,北海道_matsu
1964,北海道,sugi,33.0,,,,,0,3.5263605246161616,北海道_1964,sugi_1964,北海道_sugi
1964,青森,matsu,216.0,,,,,1,5.37989735354046,青森_1964,matsu_1964,青森_matsu
1964,青森,sugi,459.0,,,,,0,6.131226489483141,青森_1964,sugi_1964,青森_sugi
1964,青森,hinoki,4.0,,,,,0,1.6094379124341003,青森_1964,hinoki_1964,青森_hinoki
1965,宮城,matsu,192.0,1975.0,"宮城県公式サイト(石巻市大門崎, 昭和50年)",-10.0,-10.0,1,5.262690188904886,宮城_1965,matsu_1965,宮城_matsu
1965,宮城,sugi,284.0,1975.0,"宮城県公式サイト(石巻市大門崎, 昭和50年)",-10.0,-10.0,0,5.652489180268651,宮城_1965,sugi_1965,宮城_sugi
1965,宮城,hinoki,39.0,1975.0,"宮城県公式サイト(石巻市大門崎, 昭和50年)",-10.0,-10.0,0,3.6888794541139363,宮城_1965,hinoki_1965,宮城_hinoki
1965,新潟,matsu,139.0,1977.0,"新潟県治山課(南魚沼市, 昭和52年度)",-12.0,-10.0,1,4.941642422609304,新潟_1965,matsu_1965,新潟_matsu
1965,新潟,sugi,412.0,1977.0,"新潟県治山課(南魚沼市, 昭和52年度)",-12.0,-10.0,0,6.023447592961033,新潟_1965,sugi_1965,新潟_sugi
1965,新潟,hinoki,2.0,1977.0,"新潟県治山課(南魚沼市, 昭和52年度)",-12.0,-10.0,0,1.0986122886681098,新潟_1965,hinoki_1965,新潟_hinoki
1965,山形,matsu,53.0,1978.0,"山形県松くい虫被害対策推進計画(山形市, 昭和53年)",-13.0,-10.0,1,3.9889840465642745,山形_1965,matsu_1965,山形_matsu
1965,山形,sugi,285.0,1978.0,"山形県松くい虫被害対策推進計画(山形市, 昭和53年)",-13.0,-10.0,0,5.655991810819852,山形_1965,sugi_1965,山形_sugi
1965,山形,hinoki,5.0,1978.0,"山形県松くい虫被害対策推進計画(山形市, 昭和53年)",-13.0,-10.0,0,1.791759469228055,山形_1965,hinoki_1965,山形_hinoki
1965,山梨,matsu,94.0,1978.0,山梨県公式サイト(昭和53年),-13.0,-10.0,1,4.553876891600541,山梨_1965,matsu_1965,山梨_matsu
1965,山梨,sugi,54.0,1978.0,山梨県公式サイト(昭和53年),-13.0,-10.0,0,4.007333185232471,山梨_1965,sugi_1965,山梨_sugi
1965,山梨,hinoki,54.0,1978.0,山梨県公式サイト(昭和53年),-13.0,-10.0,0,4.007333185232471,山梨_1965,hinoki_1965,山梨_hinoki
1965,長野,matsu,262.0,1981.0,"長野県林業総合センター研究報告(木曽郡山口村, 昭和56年)",-16.0,-10.0,1,5.572154032177765,長野_1965,matsu_1965,長野_matsu
1965,長野,sugi,156.0,1981.0,"長野県林業総合センター研究報告(木曽郡山口村, 昭和56年)",-16.0,-10.0,0,5.056245805348308,長野_1965,sugi_1965,長野_sugi
1965,長野,hinoki,246.0,1981.0,"長野県林業総合センター研究報告(木曽郡山口村, 昭和56年)",-16.0,-10.0,0,5.5093883366279774,長野_1965,hinoki_1965,長野_hinoki
1965,秋田,matsu,91.0,1982.0,"秋田県公式サイト(にかほ市旧象潟町, 昭和57年度)",-17.0,-10.0,1,4.5217885770490405,秋田_1965,matsu_1965,秋田_matsu
1965,秋田,sugi,1356.0,1982.0,"秋田県公式サイト(にかほ市旧象潟町, 昭和57年度)",-17.0,-10.0,0,7.213031659834869,秋田_1965,sugi_1965,秋田_sugi
1965,秋田,hinoki,12.0,1982.0,"秋田県公式サイト(にかほ市旧象潟町, 昭和57年度)",-17.0,-10.0,0,2.5649493574615367,秋田_1965,hinoki_1965,秋田_hinoki
1965,北海道,matsu,5.0,,,,,1,1.791759469228055,北海道_1965,matsu_1965,北海道_matsu
1965,北海道,sugi,32.0,,,,,0,3.4965075614664802,北海道_1965,sugi_1965,北海道_sugi
1965,北海道,hinoki,0.0,,,,,0,0.0,北海道_1965,hinoki_1965,北海道_hinoki
1965,青森,matsu,203.0,,,,,1,5.318119993844216,青森_1965,matsu_1965,青森_matsu
1965,青森,sugi,425.0,,,,,0,6.054439346269371,青森_1965,sugi_1965,青森_sugi
1965,青森,hinoki,1.0,,,,,0,0.6931471805599453,青森_1965,hinoki_1965,青森_hinoki
1966,宮城,matsu,178.0,1975.0,"宮城県公式サイト(石巻市大門崎, 昭和50年)",-9.0,-9.0,1,5.187385805840755,宮城_1966,matsu_1966,宮城_matsu
1966,宮城,sugi,280.0,1975.0,"宮城県公式サイト(石巻市大門崎, 昭和50年)",-9.0,-9.0,0,5.638354669333745,宮城_1966,sugi_1966,宮城_sugi
1966,宮城,hinoki,39.0,1975.0,"宮城県公式サイト(石巻市大門崎, 昭和50年)",-9.0,-9.0,0,3.6888794541139363,宮城_1966,hinoki_1966,宮城_hinoki
1966,新潟,matsu,126.0,1977.0,"新潟県治山課(南魚沼市, 昭和52年度)",-11.0,-10.0,1,4.844187086458591,新潟_1966,matsu_1966,新潟_matsu
1966,新潟,sugi,401.0,1977.0,"新潟県治山課(南魚沼市, 昭和52年度)",-11.0,-10.0,0,5.996452088619021,新潟_1966,sugi_1966,新潟_sugi
1966,新潟,hinoki,3.0,1977.0,"新潟県治山課(南魚沼市, 昭和52年度)",-11.0,-10.0,0,1.3862943611198906,新潟_1966,hinoki_1966,新潟_hinoki
1966,山形,matsu,51.0,1978.0,"山形県松くい虫被害対策推進計画(山形市, 昭和53年)",-12.0,-10.0,1,3.9512437185814275,山形_1966,matsu_1966,山形_matsu
1966,山形,sugi,265.0,1978.0,"山形県松くい虫被害対策推進計画(山形市, 昭和53年)",-12.0,-10.0,0,5.583496308781699,山形_1966,sugi_1966,山形_sugi
1966,山形,hinoki,5.0,1978.0,"山形県松くい虫被害対策推進計画(山形市, 昭和53年)",-12.0,-10.0,0,1.791759469228055,山形_1966,hinoki_1966,山形_hinoki
1966,山梨,matsu,86.0,1978.0,山梨県公式サイト(昭和53年),-12.0,-10.0,1,4.465908118654584,山梨_1966,matsu_1966,山梨_matsu
1966,山梨,sugi,55.0,1978.0,山梨県公式サイト(昭和53年),-12.0,-10.0,0,4.02535169073515,山梨_1966,sugi_1966,山梨_sugi
1966,山梨,hinoki,58.0,1978.0,山梨県公式サイト(昭和53年),-12.0,-10.0,0,4.07753744390572,山梨_1966,hinoki_1966,山梨_hinoki
1966,長野,matsu,296.0,1981.0,"長野県林業総合センター研究報告(木曽郡山口村, 昭和56年)",-15.0,-10.0,1,5.6937321388027,長野_1966,matsu_1966,長野_matsu
1966,長野,sugi,173.0,1981.0,"長野県林業総合センター研究報告(木曽郡山口村, 昭和56年)",-15.0,-10.0,0,5.159055299214529,長野_1966,sugi_1966,長野_sugi
1966,長野,hinoki,249.0,1981.0,"長野県林業総合センター研究報告(木曽郡山口村, 昭和56年)",-15.0,-10.0,0,5.521460917862246,長野_1966,hinoki_1966,長野_hinoki
1966,秋田,matsu,91.0,1982.0,"秋田県公式サイト(にかほ市旧象潟町, 昭和57年度)",-16.0,-10.0,1,4.5217885770490405,秋田_1966,matsu_1966,秋田_matsu
1966,秋田,sugi,1382.0,1982.0,"秋田県公式サイト(にかほ市旧象潟町, 昭和57年度)",-16.0,-10.0,0,7.232010331664759,秋田_1966,sugi_1966,秋田_sugi
1966,秋田,hinoki,3.0,1982.0,"秋田県公式サイト(にかほ市旧象潟町, 昭和57年度)",-16.0,-10.0,0,1.3862943611198906,秋田_1966,hinoki_1966,秋田_hinoki
1966,北海道,matsu,4.0,,,,,1,1.6094379124341003,北海道_1966,matsu_1966,北海道_matsu
1966,北海道,sugi,26.0,,,,,0,3.295836866004329,北海道_1966,sugi_1966,北海道_sugi
1966,北海道,hinoki,0.0,,,,,0,0.0,北海道_1966,hinoki_1966,北海道_hinoki
1966,青森,matsu,190.0,,,,,1,5.25227342804663,青森_1966,matsu_1966,青森_matsu
1966,青森,sugi,425.0,,,,,0,6.054439346269371,青森_1966,sugi_1966,青森_sugi
1966,青森,hinoki,4.0,,,,,0,1.6094379124341003,青森_1966,hinoki_1966,青森_hinoki
1967,宮城,matsu,182.0,1975.0,"宮城県公式サイト(石巻市大門崎, 昭和50年)",-8.0,-8.0,1,5.209486152841421,宮城_1967,matsu_1967,宮城_matsu
1967,宮城,sugi,254.0,1975.0,"宮城県公式サイト(石巻市大門崎, 昭和50年)",-8.0,-8.0,0,5.541263545158426,宮城_1967,sugi_1967,宮城_sugi
1967,宮城,hinoki,39.0,1975.0,"宮城県公式サイト(石巻市大門崎, 昭和50年)",-8.0,-8.0,0,3.6888794541139363,宮城_1967,hinoki_1967,宮城_hinoki
1967,新潟,matsu,115.0,1977.0,"新潟県治山課(南魚沼市, 昭和52年度)",-10.0,-10.0,1,4.7535901911063645,新潟_1967,matsu_1967,新潟_matsu
1967,新潟,sugi,348.0,1977.0,"新潟県治山課(南魚沼市, 昭和52年度)",-10.0,-10.0,0,5.855071922202427,新潟_1967,sugi_1967,新潟_sugi
1967,新潟,hinoki,2.0,1977.0,"新潟県治山課(南魚沼市, 昭和52年度)",-10.0,-10.0,0,1.0986122886681098,新潟_1967,hinoki_1967,新潟_hinoki
1967,山形,matsu,52.0,1978.0,"山形県松くい虫被害対策推進計画(山形市, 昭和53年)",-11.0,-10.0,1,3.970291913552122,山形_1967,matsu_1967,山形_matsu
1967,山形,sugi,247.0,1978.0,"山形県松くい虫被害対策推進計画(山形市, 昭和53年)",-11.0,-10.0,0,5.5134287461649825,山形_1967,sugi_1967,山形_sugi
1967,山形,hinoki,5.0,1978.0,"山形県松くい虫被害対策推進計画(山形市, 昭和53年)",-11.0,-10.0,0,1.791759469228055,山形_1967,hinoki_1967,山形_hinoki
1967,山梨,matsu,89.0,1978.0,山梨県公式サイト(昭和53年),-11.0,-10.0,1,4.499809670330265,山梨_1967,matsu_1967,山梨_matsu
1967,山梨,sugi,56.0,1978.0,山梨県公式サイト(昭和53年),-11.0,-10.0,0,4.04305126783455,山梨_1967,sugi_1967,山梨_sugi
1967,山梨,hinoki,47.0,1978.0,山梨県公式サイト(昭和53年),-11.0,-10.0,0,3.871201010907891,山梨_1967,hinoki_1967,山梨_hinoki
1967,長野,matsu,260.0,1981.0,"長野県林業総合センター研究報告(木曽郡山口村, 昭和56年)",-14.0,-10.0,1,5.564520407322694,長野_1967,matsu_1967,長野_matsu
1967,長野,sugi,151.0,1981.0,"長野県林業総合センター研究報告(木曽郡山口村, 昭和56年)",-14.0,-10.0,0,5.0238805208462765,長野_1967,sugi_1967,長野_sugi
1967,長野,hinoki,228.0,1981.0,"長野県林業総合センター研究報告(木曽郡山口村, 昭和56年)",-14.0,-10.0,0,5.43372200355424,長野_1967,hinoki_1967,長野_hinoki
1967,秋田,matsu,102.0,1982.0,"秋田県公式サイト(にかほ市旧象潟町, 昭和57年度)",-15.0,-10.0,1,4.634728988229636,秋田_1967,matsu_1967,秋田_matsu
1967,秋田,sugi,1371.0,1982.0,"秋田県公式サイト(にかほ市旧象潟町, 昭和57年度)",-15.0,-10.0,0,7.22402480828583,秋田_1967,sugi_1967,秋田_sugi
1967,秋田,hinoki,0.0,1982.0,"秋田県公式サイト(にかほ市旧象潟町, 昭和57年度)",-15.0,-10.0,0,0.0,秋田_1967,hinoki_1967,秋田_hinoki
1967,北海道,matsu,6.0,,,,,1,1.9459101490553132,北海道_1967,matsu_1967,北海道_matsu
1967,北海道,sugi,30.0,,,,,0,3.4339872044851463,北海道_1967,sugi_1967,北海道_sugi
1967,北海道,hinoki,0.0,,,,,0,0.0,北海道_1967,hinoki_1967,北海道_hinoki
1967,青森,matsu,202.0,,,,,1,5.313205979041787,青森_1967,matsu_1967,青森_matsu
1967,青森,sugi,397.0,,,,,0,5.986452005284438,青森_1967,sugi_1967,青森_sugi
1967,青森,hinoki,1.0,,,,,0,0.6931471805599453,青森_1967,hinoki_1967,青森_hinoki
1968,宮城,matsu,185.0,1975.0,"宮城県公式サイト(石巻市大門崎, 昭和50年)",-7.0,-7.0,1,5.225746673713202,宮城_1968,matsu_1968,宮城_matsu
1968,宮城,sugi,247.0,1975.0,"宮城県公式サイト(石巻市大門崎, 昭和50年)",-7.0,-7.0,0,5.5134287461649825,宮城_1968,sugi_1968,宮城_sugi
1968,宮城,hinoki,35.0,1975.0,"宮城県公式サイト(石巻市大門崎, 昭和50年)",-7.0,-7.0,0,3.58351893845611,宮城_1968,hinoki_1968,宮城_hinoki
1968,新潟,matsu,97.0,1977.0,"新潟県治山課(南魚沼市, 昭和52年度)",-9.0,-9.0,1,4.584967478670572,新潟_1968,matsu_1968,新潟_matsu
1968,新潟,sugi,311.0,1977.0,"新潟県治山課(南魚沼市, 昭和52年度)",-9.0,-9.0,0,5.7430031878094825,新潟_1968,sugi_1968,新潟_sugi
1968,新潟,hinoki,2.0,1977.0,"新潟県治山課(南魚沼市, 昭和52年度)",-9.0,-9.0,0,1.0986122886681098,新潟_1968,hinoki_1968,新潟_hinoki
1968,山形,matsu,43.0,1978.0,"山形県松くい虫被害対策推進計画(山形市, 昭和53年)",-10.0,-10.0,1,3.784189633918261,山形_1968,matsu_1968,山形_matsu
1968,山形,sugi,247.0,1978.0,"山形県松くい虫被害対策推進計画(山形市, 昭和53年)",-10.0,-10.0,0,5.5134287461649825,山形_1968,sugi_1968,山形_sugi
1968,山形,hinoki,3.0,1978.0,"山形県松くい虫被害対策推進計画(山形市, 昭和53年)",-10.0,-10.0,0,1.3862943611198906,山形_1968,hinoki_1968,山形_hinoki
1968,山梨,matsu,75.0,1978.0,山梨県公式サイト(昭和53年),-10.0,-10.0,1,4.330733340286331,山梨_1968,matsu_1968,山梨_matsu
1968,山梨,sugi,45.0,1978.0,山梨県公式サイト(昭和53年),-10.0,-10.0,0,3.828641396489095,山梨_1968,sugi_1968,山梨_sugi
1968,山梨,hinoki,44.0,1978.0,山梨県公式サイト(昭和53年),-10.0,-10.0,0,3.8066624897703196,山梨_1968,hinoki_1968,山梨_hinoki
1968,長野,matsu,227.0,1981.0,"長野県林業総合センター研究報告(木曽郡山口村, 昭和56年)",-13.0,-10.0,1,5.429345628954441,長野_1968,matsu_1968,長野_matsu
1968,長野,sugi,116.0,1981.0,"長野県林業総合センター研究報告(木曽郡山口村, 昭和56年)",-13.0,-10.0,0,4.762173934797756,長野_1968,sugi_1968,長野_sugi
1968,長野,hinoki,248.0,1981.0,"長野県林業総合センター研究報告(木曽郡山口村, 昭和56年)",-13.0,-10.0,0,5.517452896464707,長野_1968,hinoki_1968,長野_hinoki
1968,秋田,matsu,80.0,1982.0,"秋田県公式サイト(にかほ市旧象潟町, 昭和57年度)",-14.0,-10.0,1,4.394449154672439,秋田_1968,matsu_1968,秋田_matsu
1968,秋田,sugi,1309.0,1982.0,"秋田県公式サイト(にかほ市旧象潟町, 昭和57年度)",-14.0,-10.0,0,7.177782416195197,秋田_1968,sugi_1968,秋田_sugi
1968,秋田,hinoki,1.0,1982.0,"秋田県公式サイト(にかほ市旧象潟町, 昭和57年度)",-14.0,-10.0,0,0.6931471805599453,秋田_1968,hinoki_1968,秋田_hinoki
1968,北海道,matsu,0.0,,,,,1,0.0,北海道_1968,matsu_1968,北海道_matsu
1968,北海道,sugi,37.0,,,,,0,3.6375861597263857,北海道_1968,sugi_1968,北海道_sugi
1968,北海道,hinoki,0.0,,,,,0,0.0,北海道_1968,hinoki_1968,北海道_hinoki
1968,青森,matsu,196.0,,,,,1,5.2832037287379885,青森_1968,matsu_1968,青森_matsu
1968,青森,sugi,362.0,,,,,0,5.8944028342648505,青森_1968,sugi_1968,青森_sugi
1968,青森,hinoki,2.0,,,,,0,1.0986122886681098,青森_1968,hinoki_1968,青森_hinoki
1969,宮城,matsu,162.0,1975.0,"宮城県公式サイト(石巻市大門崎, 昭和50年)",-6.0,-6.0,1,5.093750200806762,宮城_1969,matsu_1969,宮城_matsu
1969,宮城,sugi,230.0,1975.0,"宮城県公式サイト(石巻市大門崎, 昭和50年)",-6.0,-6.0,0,5.442417710521793,宮城_1969,sugi_1969,宮城_sugi
1969,宮城,hinoki,26.0,1975.0,"宮城県公式サイト(石巻市大門崎, 昭和50年)",-6.0,-6.0,0,3.295836866004329,宮城_1969,hinoki_1969,宮城_hinoki
1969,新潟,matsu,94.0,1977.0,"新潟県治山課(南魚沼市, 昭和52年度)",-8.0,-8.0,1,4.553876891600541,新潟_1969,matsu_1969,新潟_matsu
1969,新潟,sugi,289.0,1977.0,"新潟県治山課(南魚沼市, 昭和52年度)",-8.0,-8.0,0,5.66988092298052,新潟_1969,sugi_1969,新潟_sugi
1969,新潟,hinoki,1.0,1977.0,"新潟県治山課(南魚沼市, 昭和52年度)",-8.0,-8.0,0,0.6931471805599453,新潟_1969,hinoki_1969,新潟_hinoki
1969,山形,matsu,43.0,1978.0,"山形県松くい虫被害対策推進計画(山形市, 昭和53年)",-9.0,-9.0,1,3.784189633918261,山形_1969,matsu_1969,山形_matsu
1969,山形,sugi,251.0,1978.0,"山形県松くい虫被害対策推進計画(山形市, 昭和53年)",-9.0,-9.0,0,5.529429087511423,山形_1969,sugi_1969,山形_sugi
1969,山形,hinoki,3.0,1978.0,"山形県松くい虫被害対策推進計画(山形市, 昭和53年)",-9.0,-9.0,0,1.3862943611198906,山形_1969,hinoki_1969,山形_hinoki
1969,山梨,matsu,73.0,1978.0,山梨県公式サイト(昭和53年),-9.0,-9.0,1,4.30406509320417,山梨_1969,matsu_1969,山梨_matsu
1969,山梨,sugi,42.0,1978.0,山梨県公式サイト(昭和53年),-9.0,-9.0,0,3.7612001156935624,山梨_1969,sugi_1969,山梨_sugi
1969,山梨,hinoki,44.0,1978.0,山梨県公式サイト(昭和53年),-9.0,-9.0,0,3.8066624897703196,山梨_1969,hinoki_1969,山梨_hinoki
1969,長野,matsu,206.0,1981.0,"長野県林業総合センター研究報告(木曽郡山口村, 昭和56年)",-12.0,-10.0,1,5.332718793265369,長野_1969,matsu_1969,長野_matsu
1969,長野,sugi,98.0,1981.0,"長野県林業総合センター研究報告(木曽郡山口村, 昭和56年)",-12.0,-10.0,0,4.59511985013459,長野_1969,sugi_1969,長野_sugi
1969,長野,hinoki,246.0,1981.0,"長野県林業総合センター研究報告(木曽郡山口村, 昭和56年)",-12.0,-10.0,0,5.5093883366279774,長野_1969,hinoki_1969,長野_hinoki
1969,秋田,matsu,91.0,1982.0,"秋田県公式サイト(にかほ市旧象潟町, 昭和57年度)",-13.0,-10.0,1,4.5217885770490405,秋田_1969,matsu_1969,秋田_matsu
1969,秋田,sugi,1238.0,1982.0,"秋田県公式サイト(にかほ市旧象潟町, 昭和57年度)",-13.0,-10.0,0,7.122059881629142,秋田_1969,sugi_1969,秋田_sugi
1969,秋田,hinoki,2.0,1982.0,"秋田県公式サイト(にかほ市旧象潟町, 昭和57年度)",-13.0,-10.0,0,1.0986122886681098,秋田_1969,hinoki_1969,秋田_hinoki
1969,北海道,matsu,11.0,,,,,1,2.4849066497880004,北海道_1969,matsu_1969,北海道_matsu
1969,北海道,sugi,32.0,,,,,0,3.4965075614664802,北海道_1969,sugi_1969,北海道_sugi
1969,北海道,hinoki,1.0,,,,,0,0.6931471805599453,北海道_1969,hinoki_1969,北海道_hinoki
1969,青森,matsu,184.0,,,,,1,5.220355825078324,青森_1969,matsu_1969,青森_matsu
1969,青森,sugi,368.0,,,,,0,5.910796644040527,青森_1969,sugi_1969,青森_sugi
1969,青森,hinoki,2.0,,,,,0,1.0986122886681098,青森_1969,hinoki_1969,青森_hinoki
1970,宮城,matsu,163.0,1975.0,"宮城県公式サイト(石巻市大門崎, 昭和50年)",-5.0,-5.0,1,5.099866427824199,宮城_1970,matsu_1970,宮城_matsu
1970,宮城,sugi,237.0,1975.0,"宮城県公式サイト(石巻市大門崎, 昭和50年)",-5.0,-5.0,0,5.472270673671475,宮城_1970,sugi_1970,宮城_sugi
1970,宮城,hinoki,25.0,1975.0,"宮城県公式サイト(石巻市大門崎, 昭和50年)",-5.0,-5.0,0,3.258096538021482,宮城_1970,hinoki_1970,宮城_hinoki
1970,新潟,matsu,72.0,1977.0,"新潟県治山課(南魚沼市, 昭和52年度)",-7.0,-7.0,1,4.290459441148391,新潟_1970,matsu_1970,新潟_matsu
1970,新潟,sugi,283.0,1977.0,"新潟県治山課(南魚沼市, 昭和52年度)",-7.0,-7.0,0,5.648974238161206,新潟_1970,sugi_1970,新潟_sugi
1970,新潟,hinoki,3.0,1977.0,"新潟県治山課(南魚沼市, 昭和52年度)",-7.0,-7.0,0,1.3862943611198906,新潟_1970,hinoki_1970,新潟_hinoki
1970,山形,matsu,33.0,1978.0,"山形県松くい虫被害対策推進計画(山形市, 昭和53年)",-8.0,-8.0,1,3.5263605246161616,山形_1970,matsu_1970,山形_matsu
1970,山形,sugi,230.0,1978.0,"山形県松くい虫被害対策推進計画(山形市, 昭和53年)",-8.0,-8.0,0,5.442417710521793,山形_1970,sugi_1970,山形_sugi
1970,山形,hinoki,3.0,1978.0,"山形県松くい虫被害対策推進計画(山形市, 昭和53年)",-8.0,-8.0,0,1.3862943611198906,山形_1970,hinoki_1970,山形_hinoki
1970,山梨,matsu,61.0,1978.0,山梨県公式サイト(昭和53年),-8.0,-8.0,1,4.127134385045092,山梨_1970,matsu_1970,山梨_matsu
1970,山梨,sugi,39.0,1978.0,山梨県公式サイト(昭和53年),-8.0,-8.0,0,3.6888794541139363,山梨_1970,sugi_1970,山梨_sugi
1970,山梨,hinoki,38.0,1978.0,山梨県公式サイト(昭和53年),-8.0,-8.0,0,3.6635616461296463,山梨_1970,hinoki_1970,山梨_hinoki
1970,長野,matsu,206.0,1981.0,"長野県林業総合センター研究報告(木曽郡山口村, 昭和56年)",-11.0,-10.0,1,5.332718793265369,長野_1970,matsu_1970,長野_matsu
1970,長野,sugi,107.0,1981.0,"長野県林業総合センター研究報告(木曽郡山口村, 昭和56年)",-11.0,-10.0,0,4.68213122712422,長野_1970,sugi_1970,長野_sugi
1970,長野,hinoki,250.0,1981.0,"長野県林業総合センター研究報告(木曽郡山口村, 昭和56年)",-11.0,-10.0,0,5.5254529391317835,長野_1970,hinoki_1970,長野_hinoki
1970,秋田,matsu,84.0,1982.0,"秋田県公式サイト(にかほ市旧象潟町, 昭和57年度)",-12.0,-10.0,1,4.442651256490317,秋田_1970,matsu_1970,秋田_matsu
1970,秋田,sugi,1180.0,1982.0,"秋田県公式サイト(にかほ市旧象潟町, 昭和57年度)",-12.0,-10.0,0,7.074116816197362,秋田_1970,sugi_1970,秋田_sugi
1970,秋田,hinoki,5.0,1982.0,"秋田県公式サイト(にかほ市旧象潟町, 昭和57年度)",-12.0,-10.0,0,1.791759469228055,秋田_1970,hinoki_1970,秋田_hinoki
1970,北海道,matsu,44.0,,,,,1,3.8066624897703196,北海道_1970,matsu_1970,北海道_matsu
1970,北海道,sugi,37.0,,,,,0,3.6375861597263857,北海道_1970,sugi_1970,北海道_sugi
1970,青森,matsu,181.0,,,,,1,5.204006687076795,青森_1970,matsu_1970,青森_matsu
1970,青森,sugi,374.0,,,,,0,5.926926025970411,青森_1970,sugi_1970,青森_sugi
1970,青森,hinoki,6.0,,,,,0,1.9459101490553132,青森_1970,hinoki_1970,青森_hinoki
1971,宮城,matsu,169.0,1975.0,"宮城県公式サイト(石巻市大門崎, 昭和50年)",-4.0,-4.0,1,5.135798437050262,宮城_1971,matsu_1971,宮城_matsu
1971,宮城,sugi,218.0,1975.0,"宮城県公式サイト(石巻市大門崎, 昭和50年)",-4.0,-4.0,0,5.389071729816501,宮城_1971,sugi_1971,宮城_sugi
1971,宮城,hinoki,25.0,1975.0,"宮城県公式サイト(石巻市大門崎, 昭和50年)",-4.0,-4.0,0,3.258096538021482,宮城_1971,hinoki_1971,宮城_hinoki
1971,新潟,matsu,62.0,1977.0,"新潟県治山課(南魚沼市, 昭和52年度)",-6.0,-6.0,1,4.143134726391533,新潟_1971,matsu_1971,新潟_matsu
1971,新潟,sugi,252.0,1977.0,"新潟県治山課(南魚沼市, 昭和52年度)",-6.0,-6.0,0,5.53338948872752,新潟_1971,sugi_1971,新潟_sugi
1971,新潟,hinoki,2.0,1977.0,"新潟県治山課(南魚沼市, 昭和52年度)",-6.0,-6.0,0,1.0986122886681098,新潟_1971,hinoki_1971,新潟_hinoki
1971,山形,matsu,36.0,1978.0,"山形県松くい虫被害対策推進計画(山形市, 昭和53年)",-7.0,-7.0,1,3.6109179126442243,山形_1971,matsu_1971,山形_matsu
1971,山形,sugi,218.0,1978.0,"山形県松くい虫被害対策推進計画(山形市, 昭和53年)",-7.0,-7.0,0,5.389071729816501,山形_1971,sugi_1971,山形_sugi
1971,山形,hinoki,6.0,1978.0,"山形県松くい虫被害対策推進計画(山形市, 昭和53年)",-7.0,-7.0,0,1.9459101490553132,山形_1971,hinoki_1971,山形_hinoki
1971,山梨,matsu,56.0,1978.0,山梨県公式サイト(昭和53年),-7.0,-7.0,1,4.04305126783455,山梨_1971,matsu_1971,山梨_matsu
1971,山梨,sugi,32.0,1978.0,山梨県公式サイト(昭和53年),-7.0,-7.0,0,3.4965075614664802,山梨_1971,sugi_1971,山梨_sugi
1971,山梨,hinoki,29.0,1978.0,山梨県公式サイト(昭和53年),-7.0,-7.0,0,3.4011973816621555,山梨_1971,hinoki_1971,山梨_hinoki
1971,長野,matsu,168.0,1981.0,"長野県林業総合センター研究報告(木曽郡山口村, 昭和56年)",-10.0,-10.0,1,5.1298987149230735,長野_1971,matsu_1971,長野_matsu
1971,長野,sugi,97.0,1981.0,"長野県林業総合センター研究報告(木曽郡山口村, 昭和56年)",-10.0,-10.0,0,4.584967478670572,長野_1971,sugi_1971,長野_sugi
1971,長野,hinoki,230.0,1981.0,"長野県林業総合センター研究報告(木曽郡山口村, 昭和56年)",-10.0,-10.0,0,5.442417710521793,長野_1971,hinoki_1971,長野_hinoki
1971,秋田,matsu,67.0,1982.0,"秋田県公式サイト(にかほ市旧象潟町, 昭和57年度)",-11.0,-10.0,1,4.219507705176107,秋田_1971,matsu_1971,秋田_matsu
1971,秋田,sugi,1135.0,1982.0,"秋田県公式サイト(にかほ市旧象潟町, 昭和57年度)",-11.0,-10.0,0,7.035268599281097,秋田_1971,sugi_1971,秋田_sugi
1971,秋田,hinoki,1.0,1982.0,"秋田県公式サイト(にかほ市旧象潟町, 昭和57年度)",-11.0,-10.0,0,0.6931471805599453,秋田_1971,hinoki_1971,秋田_hinoki
1971,北海道,matsu,16.0,,,,,1,2.833213344056216,北海道_1971,matsu_1971,北海道_matsu
1971,北海道,sugi,31.0,,,,,0,3.4657359027997265,北海道_1971,sugi_1971,北海道_sugi
1971,北海道,hinoki,1.0,,,,,0,0.6931471805599453,北海道_1971,hinoki_1971,北海道_hinoki
1971,青森,matsu,169.0,,,,,1,5.135798437050262,青森_1971,matsu_1971,青森_matsu
1971,青森,sugi,351.0,,,,,0,5.863631175598097,青森_1971,sugi_1971,青森_sugi
1971,青森,hinoki,11.0,,,,,0,2.4849066497880004,青森_1971,hinoki_1971,青森_hinoki
1972,宮城,matsu,185.0,1975.0,"宮城県公式サイト(石巻市大門崎, 昭和50年)",-3.0,-3.0,1,5.225746673713202,宮城_1972,matsu_1972,宮城_matsu
1972,宮城,sugi,268.0,1975.0,"宮城県公式サイト(石巻市大門崎, 昭和50年)",-3.0,-3.0,0,5.594711379601839,宮城_1972,sugi_1972,宮城_sugi
1972,宮城,hinoki,27.0,1975.0,"宮城県公式サイト(石巻市大門崎, 昭和50年)",-3.0,-3.0,0,3.332204510175204,宮城_1972,hinoki_1972,宮城_hinoki
1972,新潟,matsu,64.0,1977.0,"新潟県治山課(南魚沼市, 昭和52年度)",-5.0,-5.0,1,4.174387269895637,新潟_1972,matsu_1972,新潟_matsu
1972,新潟,sugi,254.0,1977.0,"新潟県治山課(南魚沼市, 昭和52年度)",-5.0,-5.0,0,5.541263545158426,新潟_1972,sugi_1972,新潟_sugi
1972,新潟,hinoki,1.0,1977.0,"新潟県治山課(南魚沼市, 昭和52年度)",-5.0,-5.0,0,0.6931471805599453,新潟_1972,hinoki_1972,新潟_hinoki
1972,山形,matsu,20.0,1978.0,"山形県松くい虫被害対策推進計画(山形市, 昭和53年)",-6.0,-6.0,1,3.044522437723423,山形_1972,matsu_1972,山形_matsu
1972,山形,sugi,229.0,1978.0,"山形県松くい虫被害対策推進計画(山形市, 昭和53年)",-6.0,-6.0,0,5.438079308923196,山形_1972,sugi_1972,山形_sugi
1972,山形,hinoki,2.0,1978.0,"山形県松くい虫被害対策推進計画(山形市, 昭和53年)",-6.0,-6.0,0,1.0986122886681098,山形_1972,hinoki_1972,山形_hinoki
1972,山梨,matsu,46.0,1978.0,山梨県公式サイト(昭和53年),-6.0,-6.0,1,3.8501476017100584,山梨_1972,matsu_1972,山梨_matsu
1972,山梨,sugi,32.0,1978.0,山梨県公式サイト(昭和53年),-6.0,-6.0,0,3.4965075614664802,山梨_1972,sugi_1972,山梨_sugi
1972,山梨,hinoki,31.0,1978.0,山梨県公式サイト(昭和53年),-6.0,-6.0,0,3.4657359027997265,山梨_1972,hinoki_1972,山梨_hinoki
1972,長野,matsu,137.0,1981.0,"長野県林業総合センター研究報告(木曽郡山口村, 昭和56年)",-9.0,-9.0,1,4.927253685157205,長野_1972,matsu_1972,長野_matsu
1972,長野,sugi,75.0,1981.0,"長野県林業総合センター研究報告(木曽郡山口村, 昭和56年)",-9.0,-9.0,0,4.330733340286331,長野_1972,sugi_1972,長野_sugi
1972,長野,hinoki,203.0,1981.0,"長野県林業総合センター研究報告(木曽郡山口村, 昭和56年)",-9.0,-9.0,0,5.318119993844216,長野_1972,hinoki_1972,長野_hinoki
1972,秋田,matsu,86.0,1982.0,"秋田県公式サイト(にかほ市旧象潟町, 昭和57年度)",-10.0,-10.0,1,4.465908118654584,秋田_1972,matsu_1972,秋田_matsu
1972,秋田,sugi,1121.0,1982.0,"秋田県公式サイト(にかほ市旧象潟町, 昭和57年度)",-10.0,-10.0,0,7.022868086082641,秋田_1972,sugi_1972,秋田_sugi
1972,秋田,hinoki,1.0,1982.0,"秋田県公式サイト(にかほ市旧象潟町, 昭和57年度)",-10.0,-10.0,0,0.6931471805599453,秋田_1972,hinoki_1972,秋田_hinoki
1972,北海道,matsu,10.0,,,,,1,2.3978952727983707,北海道_1972,matsu_1972,北海道_matsu
1972,北海道,sugi,22.0,,,,,0,3.1354942159291497,北海道_1972,sugi_1972,北海道_sugi
1972,青森,matsu,180.0,,,,,1,5.198497031265826,青森_1972,matsu_1972,青森_matsu
1972,青森,sugi,407.0,,,,,0,6.0112671744041615,青森_1972,sugi_1972,青森_sugi
1972,青森,hinoki,3.0,,,,,0,1.3862943611198906,青森_1972,hinoki_1972,青森_hinoki
1973,宮城,matsu,144.0,1975.0,"宮城県公式サイト(石巻市大門崎, 昭和50年)",-2.0,-2.0,1,4.976733742420574,宮城_1973,matsu_1973,宮城_matsu
1973,宮城,sugi,263.0,1975.0,"宮城県公式サイト(石巻市大門崎, 昭和50年)",-2.0,-2.0,0,5.575949103146316,宮城_1973,sugi_1973,宮城_sugi
1973,宮城,hinoki,29.0,1975.0,"宮城県公式サイト(石巻市大門崎, 昭和50年)",-2.0,-2.0,0,3.4011973816621555,宮城_1973,hinoki_1973,宮城_hinoki
1973,新潟,matsu,58.0,1977.0,"新潟県治山課(南魚沼市, 昭和52年度)",-4.0,-4.0,1,4.07753744390572,新潟_1973,matsu_1973,新潟_matsu
1973,新潟,sugi,252.0,1977.0,"新潟県治山課(南魚沼市, 昭和52年度)",-4.0,-4.0,0,5.53338948872752,新潟_1973,sugi_1973,新潟_sugi
1973,新潟,hinoki,2.0,1977.0,"新潟県治山課(南魚沼市, 昭和52年度)",-4.0,-4.0,0,1.0986122886681098,新潟_1973,hinoki_1973,新潟_hinoki
1973,山形,matsu,37.0,1978.0,"山形県松くい虫被害対策推進計画(山形市, 昭和53年)",-5.0,-5.0,1,3.6375861597263857,山形_1973,matsu_1973,山形_matsu
1973,山形,sugi,216.0,1978.0,"山形県松くい虫被害対策推進計画(山形市, 昭和53年)",-5.0,-5.0,0,5.37989735354046,山形_1973,sugi_1973,山形_sugi
1973,山形,hinoki,3.0,1978.0,"山形県松くい虫被害対策推進計画(山形市, 昭和53年)",-5.0,-5.0,0,1.3862943611198906,山形_1973,hinoki_1973,山形_hinoki
1973,山梨,matsu,41.0,1978.0,山梨県公式サイト(昭和53年),-5.0,-5.0,1,3.7376696182833684,山梨_1973,matsu_1973,山梨_matsu
1973,山梨,sugi,26.0,1978.0,山梨県公式サイト(昭和53年),-5.0,-5.0,0,3.295836866004329,山梨_1973,sugi_1973,山梨_sugi
1973,山梨,hinoki,31.0,1978.0,山梨県公式サイト(昭和53年),-5.0,-5.0,0,3.4657359027997265,山梨_1973,hinoki_1973,山梨_hinoki
1973,長野,matsu,162.0,1981.0,"長野県林業総合センター研究報告(木曽郡山口村, 昭和56年)",-8.0,-8.0,1,5.093750200806762,長野_1973,matsu_1973,長野_matsu
1973,長野,sugi,85.0,1981.0,"長野県林業総合センター研究報告(木曽郡山口村, 昭和56年)",-8.0,-8.0,0,4.454347296253507,長野_1973,sugi_1973,長野_sugi
1973,長野,hinoki,205.0,1981.0,"長野県林業総合センター研究報告(木曽郡山口村, 昭和56年)",-8.0,-8.0,0,5.327876168789581,長野_1973,hinoki_1973,長野_hinoki
1973,秋田,matsu,55.0,1982.0,"秋田県公式サイト(にかほ市旧象潟町, 昭和57年度)",-9.0,-9.0,1,4.02535169073515,秋田_1973,matsu_1973,秋田_matsu
1973,秋田,sugi,1089.0,1982.0,"秋田県公式サイト(にかほ市旧象潟町, 昭和57年度)",-9.0,-9.0,0,6.993932975223189,秋田_1973,sugi_1973,秋田_sugi
1973,秋田,hinoki,1.0,1982.0,"秋田県公式サイト(にかほ市旧象潟町, 昭和57年度)",-9.0,-9.0,0,0.6931471805599453,秋田_1973,hinoki_1973,秋田_hinoki
1973,北海道,matsu,9.0,,,,,1,2.302585092994046,北海道_1973,matsu_1973,北海道_matsu
1973,北海道,sugi,29.0,,,,,0,3.4011973816621555,北海道_1973,sugi_1973,北海道_sugi
1973,青森,matsu,173.0,,,,,1,5.159055299214529,青森_1973,matsu_1973,青森_matsu
1973,青森,sugi,403.0,,,,,0,6.0014148779611505,青森_1973,sugi_1973,青森_sugi
1973,青森,hinoki,1.0,,,,,0,0.6931471805599453,青森_1973,hinoki_1973,青森_hinoki
1974,宮城,matsu,133.0,1975.0,"宮城県公式サイト(石巻市大門崎, 昭和50年)",-1.0,-1.0,1,4.897839799950911,宮城_1974,matsu_1974,宮城_matsu
1974,宮城,sugi,229.0,1975.0,"宮城県公式サイト(石巻市大門崎, 昭和50年)",-1.0,-1.0,0,5.438079308923196,宮城_1974,sugi_1974,宮城_sugi
1974,宮城,hinoki,17.0,1975.0,"宮城県公式サイト(石巻市大門崎, 昭和50年)",-1.0,-1.0,0,2.8903717578961645,宮城_1974,hinoki_1974,宮城_hinoki
1974,新潟,matsu,52.0,1977.0,"新潟県治山課(南魚沼市, 昭和52年度)",-3.0,-3.0,1,3.970291913552122,新潟_1974,matsu_1974,新潟_matsu
1974,新潟,sugi,239.0,1977.0,"新潟県治山課(南魚沼市, 昭和52年度)",-3.0,-3.0,0,5.480638923341991,新潟_1974,sugi_1974,新潟_sugi
1974,新潟,hinoki,1.0,1977.0,"新潟県治山課(南魚沼市, 昭和52年度)",-3.0,-3.0,0,0.6931471805599453,新潟_1974,hinoki_1974,新潟_hinoki
1974,山形,matsu,31.0,1978.0,"山形県松くい虫被害対策推進計画(山形市, 昭和53年)",-4.0,-4.0,1,3.4657359027997265,山形_1974,matsu_1974,山形_matsu
1974,山形,sugi,196.0,1978.0,"山形県松くい虫被害対策推進計画(山形市, 昭和53年)",-4.0,-4.0,0,5.2832037287379885,山形_1974,sugi_1974,山形_sugi
1974,山形,hinoki,3.0,1978.0,"山形県松くい虫被害対策推進計画(山形市, 昭和53年)",-4.0,-4.0,0,1.3862943611198906,山形_1974,hinoki_1974,山形_hinoki
1974,山梨,matsu,19.0,1978.0,山梨県公式サイト(昭和53年),-4.0,-4.0,1,2.995732273553991,山梨_1974,matsu_1974,山梨_matsu
1974,山梨,sugi,27.0,1978.0,山梨県公式サイト(昭和53年),-4.0,-4.0,0,3.332204510175204,山梨_1974,sugi_1974,山梨_sugi
1974,山梨,hinoki,24.0,1978.0,山梨県公式サイト(昭和53年),-4.0,-4.0,0,3.2188758248682006,山梨_1974,hinoki_1974,山梨_hinoki
1974,長野,matsu,115.0,1981.0,"長野県林業総合センター研究報告(木曽郡山口村, 昭和56年)",-7.0,-7.0,1,4.7535901911063645,長野_1974,matsu_1974,長野_matsu
1974,長野,sugi,85.0,1981.0,"長野県林業総合センター研究報告(木曽郡山口村, 昭和56年)",-7.0,-7.0,0,4.454347296253507,長野_1974,sugi_1974,長野_sugi
1974,長野,hinoki,184.0,1981.0,"長野県林業総合センター研究報告(木曽郡山口村, 昭和56年)",-7.0,-7.0,0,5.220355825078324,長野_1974,hinoki_1974,長野_hinoki
1974,秋田,matsu,57.0,1982.0,"秋田県公式サイト(にかほ市旧象潟町, 昭和57年度)",-8.0,-8.0,1,4.060443010546419,秋田_1974,matsu_1974,秋田_matsu
1974,秋田,sugi,915.0,1982.0,"秋田県公式サイト(にかほ市旧象潟町, 昭和57年度)",-8.0,-8.0,0,6.82001636467413,秋田_1974,sugi_1974,秋田_sugi
1974,秋田,hinoki,2.0,1982.0,"秋田県公式サイト(にかほ市旧象潟町, 昭和57年度)",-8.0,-8.0,0,1.0986122886681098,秋田_1974,hinoki_1974,秋田_hinoki
1974,北海道,matsu,14.0,,,,,1,2.70805020110221,北海道_1974,matsu_1974,北海道_matsu
1974,北海道,sugi,25.0,,,,,0,3.258096538021482,北海道_1974,sugi_1974,北海道_sugi
1974,北海道,hinoki,0.0,,,,,0,0.0,北海道_1974,hinoki_1974,北海道_hinoki
1974,青森,matsu,147.0,,,,,1,4.997212273764115,青森_1974,matsu_1974,青森_matsu
1974,青森,sugi,335.0,,,,,0,5.817111159963204,青森_1974,sugi_1974,青森_sugi
1974,青森,hinoki,5.0,,,,,0,1.791759469228055,青森_1974,hinoki_1974,青森_hinoki
1975,宮城,matsu,117.0,1975.0,"宮城県公式サイト(石巻市大門崎, 昭和50年)",0.0,0.0,1,4.770684624465665,宮城_1975,matsu_1975,宮城_matsu
1975,宮城,sugi,221.0,1975.0,"宮城県公式サイト(石巻市大門崎, 昭和50年)",0.0,0.0,0,5.402677381872279,宮城_1975,sugi_1975,宮城_sugi
1975,宮城,hinoki,13.0,1975.0,"宮城県公式サイト(石巻市大門崎, 昭和50年)",0.0,0.0,0,2.6390573296152584,宮城_1975,hinoki_1975,宮城_hinoki
1975,新潟,matsu,45.0,1977.0,"新潟県治山課(南魚沼市, 昭和52年度)",-2.0,-2.0,1,3.828641396489095,新潟_1975,matsu_1975,新潟_matsu
1975,新潟,sugi,224.0,1977.0,"新潟県治山課(南魚沼市, 昭和52年度)",-2.0,-2.0,0,5.41610040220442,新潟_1975,sugi_1975,新潟_sugi
1975,新潟,hinoki,3.0,1977.0,"新潟県治山課(南魚沼市, 昭和52年度)",-2.0,-2.0,0,1.3862943611198906,新潟_1975,hinoki_1975,新潟_hinoki
1975,山形,matsu,32.0,1978.0,"山形県松くい虫被害対策推進計画(山形市, 昭和53年)",-3.0,-3.0,1,3.4965075614664802,山形_1975,matsu_1975,山形_matsu
1975,山形,sugi,188.0,1978.0,"山形県松くい虫被害対策推進計画(山形市, 昭和53年)",-3.0,-3.0,0,5.241747015059643,山形_1975,sugi_1975,山形_sugi
1975,山形,hinoki,3.0,1978.0,"山形県松くい虫被害対策推進計画(山形市, 昭和53年)",-3.0,-3.0,0,1.3862943611198906,山形_1975,hinoki_1975,山形_hinoki
1975,山梨,matsu,30.0,1978.0,山梨県公式サイト(昭和53年),-3.0,-3.0,1,3.4339872044851463,山梨_1975,matsu_1975,山梨_matsu
1975,山梨,sugi,28.0,1978.0,山梨県公式サイト(昭和53年),-3.0,-3.0,0,3.367295829986474,山梨_1975,sugi_1975,山梨_sugi
1975,山梨,hinoki,25.0,1978.0,山梨県公式サイト(昭和53年),-3.0,-3.0,0,3.258096538021482,山梨_1975,hinoki_1975,山梨_hinoki
1975,長野,matsu,101.0,1981.0,"長野県林業総合センター研究報告(木曽郡山口村, 昭和56年)",-6.0,-6.0,1,4.624972813284271,長野_1975,matsu_1975,長野_matsu
1975,長野,sugi,71.0,1981.0,"長野県林業総合センター研究報告(木曽郡山口村, 昭和56年)",-6.0,-6.0,0,4.276666119016055,長野_1975,sugi_1975,長野_sugi
1975,長野,hinoki,179.0,1981.0,"長野県林業総合センター研究報告(木曽郡山口村, 昭和56年)",-6.0,-6.0,0,5.19295685089021,長野_1975,hinoki_1975,長野_hinoki
1975,秋田,matsu,50.0,1982.0,"秋田県公式サイト(にかほ市旧象潟町, 昭和57年度)",-7.0,-7.0,1,3.9318256327243257,秋田_1975,matsu_1975,秋田_matsu
1975,秋田,sugi,883.0,1982.0,"秋田県公式サイト(にかほ市旧象潟町, 昭和57年度)",-7.0,-7.0,0,6.784457062637643,秋田_1975,sugi_1975,秋田_sugi
1975,秋田,hinoki,1.0,1982.0,"秋田県公式サイト(にかほ市旧象潟町, 昭和57年度)",-7.0,-7.0,0,0.6931471805599453,秋田_1975,hinoki_1975,秋田_hinoki
1975,北海道,matsu,0.0,,,,,1,0.0,北海道_1975,matsu_1975,北海道_matsu
1975,北海道,sugi,17.0,,,,,0,2.8903717578961645,北海道_1975,sugi_1975,北海道_sugi
1975,青森,matsu,122.0,,,,,1,4.812184355372417,青森_1975,matsu_1975,青森_matsu
1975,青森,sugi,308.0,,,,,0,5.733341276897746,青森_1975,sugi_1975,青森_sugi
1975,青森,hinoki,5.0,,,,,0,1.791759469228055,青森_1975,hinoki_1975,青森_hinoki
1976,宮城,matsu,117.0,1975.0,"宮城県公式サイト(石巻市大門崎, 昭和50年)",1.0,1.0,1,4.770684624465665,宮城_1976,matsu_1976,宮城_matsu
1976,宮城,sugi,236.0,1975.0,"宮城県公式サイト(石巻市大門崎, 昭和50年)",1.0,1.0,0,5.4680601411351315,宮城_1976,sugi_1976,宮城_sugi
1976,宮城,hinoki,19.0,1975.0,"宮城県公式サイト(石巻市大門崎, 昭和50年)",1.0,1.0,0,2.995732273553991,宮城_1976,hinoki_1976,宮城_hinoki
1976,新潟,matsu,43.0,1977.0,"新潟県治山課(南魚沼市, 昭和52年度)",-1.0,-1.0,1,3.784189633918261,新潟_1976,matsu_1976,新潟_matsu
1976,新潟,sugi,243.0,1977.0,"新潟県治山課(南魚沼市, 昭和52年度)",-1.0,-1.0,0,5.497168225293202,新潟_1976,sugi_1976,新潟_sugi
1976,新潟,hinoki,1.0,1977.0,"新潟県治山課(南魚沼市, 昭和52年度)",-1.0,-1.0,0,0.6931471805599453,新潟_1976,hinoki_1976,新潟_hinoki
1976,山形,matsu,34.0,1978.0,"山形県松くい虫被害対策推進計画(山形市, 昭和53年)",-2.0,-2.0,1,3.5553480614894135,山形_1976,matsu_1976,山形_matsu
1976,山形,sugi,209.0,1978.0,"山形県松くい虫被害対策推進計画(山形市, 昭和53年)",-2.0,-2.0,0,5.3471075307174685,山形_1976,sugi_1976,山形_sugi
1976,山形,hinoki,4.0,1978.0,"山形県松くい虫被害対策推進計画(山形市, 昭和53年)",-2.0,-2.0,0,1.6094379124341003,山形_1976,hinoki_1976,山形_hinoki
1976,山梨,matsu,32.0,1978.0,山梨県公式サイト(昭和53年),-2.0,-2.0,1,3.4965075614664802,山梨_1976,matsu_1976,山梨_matsu
1976,山梨,sugi,22.0,1978.0,山梨県公式サイト(昭和53年),-2.0,-2.0,0,3.1354942159291497,山梨_1976,sugi_1976,山梨_sugi
1976,山梨,hinoki,23.0,1978.0,山梨県公式サイト(昭和53年),-2.0,-2.0,0,3.1780538303479458,山梨_1976,hinoki_1976,山梨_hinoki
1976,長野,matsu,90.0,1981.0,"長野県林業総合センター研究報告(木曽郡山口村, 昭和56年)",-5.0,-5.0,1,4.51085950651685,長野_1976,matsu_1976,長野_matsu
1976,長野,sugi,73.0,1981.0,"長野県林業総合センター研究報告(木曽郡山口村, 昭和56年)",-5.0,-5.0,0,4.30406509320417,長野_1976,sugi_1976,長野_sugi
1976,長野,hinoki,160.0,1981.0,"長野県林業総合センター研究報告(木曽郡山口村, 昭和56年)",-5.0,-5.0,0,5.081404364984463,長野_1976,hinoki_1976,長野_hinoki
1976,秋田,matsu,61.0,1982.0,"秋田県公式サイト(にかほ市旧象潟町, 昭和57年度)",-6.0,-6.0,1,4.127134385045092,秋田_1976,matsu_1976,秋田_matsu
1976,秋田,sugi,904.0,1982.0,"秋田県公式サイト(にかほ市旧象潟町, 昭和57年度)",-6.0,-6.0,0,6.807934943699926,秋田_1976,sugi_1976,秋田_sugi
1976,秋田,hinoki,9.0,1982.0,"秋田県公式サイト(にかほ市旧象潟町, 昭和57年度)",-6.0,-6.0,0,2.302585092994046,秋田_1976,hinoki_1976,秋田_hinoki
1976,北海道,matsu,4.0,,,,,1,1.6094379124341003,北海道_1976,matsu_1976,北海道_matsu
1976,北海道,sugi,17.0,,,,,0,2.8903717578961645,北海道_1976,sugi_1976,北海道_sugi
1976,北海道,hinoki,0.0,,,,,0,0.0,北海道_1976,hinoki_1976,北海道_hinoki
1976,青森,matsu,124.0,,,,,1,4.8283137373023015,青森_1976,matsu_1976,青森_matsu
1976,青森,sugi,321.0,,,,,0,5.7745515455444085,青森_1976,sugi_1976,青森_sugi
1976,青森,hinoki,5.0,,,,,0,1.791759469228055,青森_1976,hinoki_1976,青森_hinoki
1977,宮城,matsu,102.0,1975.0,"宮城県公式サイト(石巻市大門崎, 昭和50年)",2.0,2.0,1,4.634728988229636,宮城_1977,matsu_1977,宮城_matsu
1977,宮城,sugi,218.0,1975.0,"宮城県公式サイト(石巻市大門崎, 昭和50年)",2.0,2.0,0,5.389071729816501,宮城_1977,sugi_1977,宮城_sugi
1977,宮城,hinoki,16.0,1975.0,"宮城県公式サイト(石巻市大門崎, 昭和50年)",2.0,2.0,0,2.833213344056216,宮城_1977,hinoki_1977,宮城_hinoki
1977,新潟,matsu,43.0,1977.0,"新潟県治山課(南魚沼市, 昭和52年度)",0.0,0.0,1,3.784189633918261,新潟_1977,matsu_1977,新潟_matsu
1977,新潟,sugi,214.0,1977.0,"新潟県治山課(南魚沼市, 昭和52年度)",0.0,0.0,0,5.3706380281276624,新潟_1977,sugi_1977,新潟_sugi
1977,新潟,hinoki,3.0,1977.0,"新潟県治山課(南魚沼市, 昭和52年度)",0.0,0.0,0,1.3862943611198906,新潟_1977,hinoki_1977,新潟_hinoki
1977,山形,matsu,24.0,1978.0,"山形県松くい虫被害対策推進計画(山形市, 昭和53年)",-1.0,-1.0,1,3.2188758248682006,山形_1977,matsu_1977,山形_matsu
1977,山形,sugi,212.0,1978.0,"山形県松くい虫被害対策推進計画(山形市, 昭和53年)",-1.0,-1.0,0,5.3612921657094255,山形_1977,sugi_1977,山形_sugi
1977,山形,hinoki,4.0,1978.0,"山形県松くい虫被害対策推進計画(山形市, 昭和53年)",-1.0,-1.0,0,1.6094379124341003,山形_1977,hinoki_1977,山形_hinoki
1977,山梨,matsu,28.0,1978.0,山梨県公式サイト(昭和53年),-1.0,-1.0,1,3.367295829986474,山梨_1977,matsu_1977,山梨_matsu
1977,山梨,sugi,26.0,1978.0,山梨県公式サイト(昭和53年),-1.0,-1.0,0,3.295836866004329,山梨_1977,sugi_1977,山梨_sugi
1977,山梨,hinoki,25.0,1978.0,山梨県公式サイト(昭和53年),-1.0,-1.0,0,3.258096538021482,山梨_1977,hinoki_1977,山梨_hinoki
1977,長野,matsu,92.0,1981.0,"長野県林業総合センター研究報告(木曽郡山口村, 昭和56年)",-4.0,-4.0,1,4.532599493153256,長野_1977,matsu_1977,長野_matsu
1977,長野,sugi,75.0,1981.0,"長野県林業総合センター研究報告(木曽郡山口村, 昭和56年)",-4.0,-4.0,0,4.330733340286331,長野_1977,sugi_1977,長野_sugi
1977,長野,hinoki,179.0,1981.0,"長野県林業総合センター研究報告(木曽郡山口村, 昭和56年)",-4.0,-4.0,0,5.19295685089021,長野_1977,hinoki_1977,長野_hinoki
1977,秋田,matsu,58.0,1982.0,"秋田県公式サイト(にかほ市旧象潟町, 昭和57年度)",-5.0,-5.0,1,4.07753744390572,秋田_1977,matsu_1977,秋田_matsu
1977,秋田,sugi,867.0,1982.0,"秋田県公式サイト(にかほ市旧象潟町, 昭和57年度)",-5.0,-5.0,0,6.7661917146603505,秋田_1977,sugi_1977,秋田_sugi
1977,秋田,hinoki,2.0,1982.0,"秋田県公式サイト(にかほ市旧象潟町, 昭和57年度)",-5.0,-5.0,0,1.0986122886681098,秋田_1977,hinoki_1977,秋田_hinoki
1977,北海道,matsu,2.0,,,,,1,1.0986122886681098,北海道_1977,matsu_1977,北海道_matsu
1977,北海道,sugi,15.0,,,,,0,2.772588722239781,北海道_1977,sugi_1977,北海道_sugi
1977,北海道,hinoki,0.0,,,,,0,0.0,北海道_1977,hinoki_1977,北海道_hinoki
1977,青森,matsu,120.0,,,,,1,4.795790545596741,青森_1977,matsu_1977,青森_matsu
1977,青森,sugi,304.0,,,,,0,5.720311776607412,青森_1977,sugi_1977,青森_sugi
1977,青森,hinoki,6.0,,,,,0,1.9459101490553132,青森_1977,hinoki_1977,青森_hinoki
1978,宮城,matsu,98.0,1975.0,"宮城県公式サイト(石巻市大門崎, 昭和50年)",3.0,3.0,1,4.59511985013459,宮城_1978,matsu_1978,宮城_matsu
1978,宮城,sugi,220.0,1975.0,"宮城県公式サイト(石巻市大門崎, 昭和50年)",3.0,3.0,0,5.3981627015177525,宮城_1978,sugi_1978,宮城_sugi
1978,宮城,hinoki,16.0,1975.0,"宮城県公式サイト(石巻市大門崎, 昭和50年)",3.0,3.0,0,2.833213344056216,宮城_1978,hinoki_1978,宮城_hinoki
1978,新潟,matsu,49.0,1977.0,"新潟県治山課(南魚沼市, 昭和52年度)",1.0,1.0,1,3.912023005428146,新潟_1978,matsu_1978,新潟_matsu
1978,新潟,sugi,214.0,1977.0,"新潟県治山課(南魚沼市, 昭和52年度)",1.0,1.0,0,5.3706380281276624,新潟_1978,sugi_1978,新潟_sugi
1978,新潟,hinoki,2.0,1977.0,"新潟県治山課(南魚沼市, 昭和52年度)",1.0,1.0,0,1.0986122886681098,新潟_1978,hinoki_1978,新潟_hinoki
1978,山形,matsu,27.0,1978.0,"山形県松くい虫被害対策推進計画(山形市, 昭和53年)",0.0,0.0,1,3.332204510175204,山形_1978,matsu_1978,山形_matsu
1978,山形,sugi,218.0,1978.0,"山形県松くい虫被害対策推進計画(山形市, 昭和53年)",0.0,0.0,0,5.389071729816501,山形_1978,sugi_1978,山形_sugi
1978,山形,hinoki,3.0,1978.0,"山形県松くい虫被害対策推進計画(山形市, 昭和53年)",0.0,0.0,0,1.3862943611198906,山形_1978,hinoki_1978,山形_hinoki
1978,山梨,matsu,19.0,1978.0,山梨県公式サイト(昭和53年),0.0,0.0,1,2.995732273553991,山梨_1978,matsu_1978,山梨_matsu
1978,山梨,sugi,18.0,1978.0,山梨県公式サイト(昭和53年),0.0,0.0,0,2.9444389791664403,山梨_1978,sugi_1978,山梨_sugi
1978,山梨,hinoki,28.0,1978.0,山梨県公式サイト(昭和53年),0.0,0.0,0,3.367295829986474,山梨_1978,hinoki_1978,山梨_hinoki
1978,長野,matsu,92.0,1981.0,"長野県林業総合センター研究報告(木曽郡山口村, 昭和56年)",-3.0,-3.0,1,4.532599493153256,長野_1978,matsu_1978,長野_matsu
1978,長野,sugi,67.0,1981.0,"長野県林業総合センター研究報告(木曽郡山口村, 昭和56年)",-3.0,-3.0,0,4.219507705176107,長野_1978,sugi_1978,長野_sugi
1978,長野,hinoki,174.0,1981.0,"長野県林業総合センター研究報告(木曽郡山口村, 昭和56年)",-3.0,-3.0,0,5.1647859739235145,長野_1978,hinoki_1978,長野_hinoki
1978,秋田,matsu,44.0,1982.0,"秋田県公式サイト(にかほ市旧象潟町, 昭和57年度)",-4.0,-4.0,1,3.8066624897703196,秋田_1978,matsu_1978,秋田_matsu
1978,秋田,sugi,928.0,1982.0,"秋田県公式サイト(にかほ市旧象潟町, 昭和57年度)",-4.0,-4.0,0,6.834108738813838,秋田_1978,sugi_1978,秋田_sugi
1978,秋田,hinoki,2.0,1982.0,"秋田県公式サイト(にかほ市旧象潟町, 昭和57年度)",-4.0,-4.0,0,1.0986122886681098,秋田_1978,hinoki_1978,秋田_hinoki
1978,北海道,matsu,7.0,,,,,1,2.0794415416798357,北海道_1978,matsu_1978,北海道_matsu
1978,北海道,sugi,12.0,,,,,0,2.5649493574615367,北海道_1978,sugi_1978,北海道_sugi
1978,青森,matsu,119.0,,,,,1,4.787491742782046,青森_1978,matsu_1978,青森_matsu
1978,青森,sugi,269.0,,,,,0,5.598421958998375,青森_1978,sugi_1978,青森_sugi
1978,青森,hinoki,9.0,,,,,0,2.302585092994046,青森_1978,hinoki_1978,青森_hinoki
1979,宮城,matsu,92.0,1975.0,"宮城県公式サイト(石巻市大門崎, 昭和50年)",4.0,4.0,1,4.532599493153256,宮城_1979,matsu_1979,宮城_matsu
1979,宮城,sugi,226.0,1975.0,"宮城県公式サイト(石巻市大門崎, 昭和50年)",4.0,4.0,0,5.424950017481403,宮城_1979,sugi_1979,宮城_sugi
1979,宮城,hinoki,20.0,1975.0,"宮城県公式サイト(石巻市大門崎, 昭和50年)",4.0,4.0,0,3.044522437723423,宮城_1979,hinoki_1979,宮城_hinoki
1979,新潟,matsu,50.0,1977.0,"新潟県治山課(南魚沼市, 昭和52年度)",2.0,2.0,1,3.9318256327243257,新潟_1979,matsu_1979,新潟_matsu
1979,新潟,sugi,207.0,1977.0,"新潟県治山課(南魚沼市, 昭和52年度)",2.0,2.0,0,5.337538079701318,新潟_1979,sugi_1979,新潟_sugi
1979,新潟,hinoki,2.0,1977.0,"新潟県治山課(南魚沼市, 昭和52年度)",2.0,2.0,0,1.0986122886681098,新潟_1979,hinoki_1979,新潟_hinoki
1979,山形,matsu,23.0,1978.0,"山形県松くい虫被害対策推進計画(山形市, 昭和53年)",1.0,1.0,1,3.1780538303479458,山形_1979,matsu_1979,山形_matsu
1979,山形,sugi,231.0,1978.0,"山形県松くい虫被害対策推進計画(山形市, 昭和53年)",1.0,1.0,0,5.44673737166631,山形_1979,sugi_1979,山形_sugi
1979,山形,hinoki,2.0,1978.0,"山形県松くい虫被害対策推進計画(山形市, 昭和53年)",1.0,1.0,0,1.0986122886681098,山形_1979,hinoki_1979,山形_hinoki
1979,山梨,matsu,25.0,1978.0,山梨県公式サイト(昭和53年),1.0,1.0,1,3.258096538021482,山梨_1979,matsu_1979,山梨_matsu
1979,山梨,sugi,25.0,1978.0,山梨県公式サイト(昭和53年),1.0,1.0,0,3.258096538021482,山梨_1979,sugi_1979,山梨_sugi
1979,山梨,hinoki,28.0,1978.0,山梨県公式サイト(昭和53年),1.0,1.0,0,3.367295829986474,山梨_1979,hinoki_1979,山梨_hinoki
1979,長野,matsu,95.0,1981.0,"長野県林業総合センター研究報告(木曽郡山口村, 昭和56年)",-2.0,-2.0,1,4.564348191467836,長野_1979,matsu_1979,長野_matsu
1979,長野,sugi,72.0,1981.0,"長野県林業総合センター研究報告(木曽郡山口村, 昭和56年)",-2.0,-2.0,0,4.290459441148391,長野_1979,sugi_1979,長野_sugi
1979,長野,hinoki,169.0,1981.0,"長野県林業総合センター研究報告(木曽郡山口村, 昭和56年)",-2.0,-2.0,0,5.135798437050262,長野_1979,hinoki_1979,長野_hinoki
1979,秋田,matsu,39.0,1982.0,"秋田県公式サイト(にかほ市旧象潟町, 昭和57年度)",-3.0,-3.0,1,3.6888794541139363,秋田_1979,matsu_1979,秋田_matsu
1979,秋田,sugi,958.0,1982.0,"秋田県公式サイト(にかほ市旧象潟町, 昭和57年度)",-3.0,-3.0,0,6.8658910748834385,秋田_1979,sugi_1979,秋田_sugi
1979,秋田,hinoki,6.0,1982.0,"秋田県公式サイト(にかほ市旧象潟町, 昭和57年度)",-3.0,-3.0,0,1.9459101490553132,秋田_1979,hinoki_1979,秋田_hinoki
1979,北海道,matsu,6.0,,,,,1,1.9459101490553132,北海道_1979,matsu_1979,北海道_matsu
1979,北海道,sugi,14.0,,,,,0,2.70805020110221,北海道_1979,sugi_1979,北海道_sugi
1979,青森,matsu,157.0,,,,,1,5.062595033026967,青森_1979,matsu_1979,青森_matsu
1979,青森,sugi,345.0,,,,,0,5.846438775057725,青森_1979,sugi_1979,青森_sugi
1979,青森,hinoki,1.0,,,,,0,0.6931471805599453,青森_1979,hinoki_1979,青森_hinoki
1980,宮城,matsu,89.0,1975.0,"宮城県公式サイト(石巻市大門崎, 昭和50年)",5.0,5.0,1,4.499809670330265,宮城_1980,matsu_1980,宮城_matsu
1980,宮城,sugi,231.0,1975.0,"宮城県公式サイト(石巻市大門崎, 昭和50年)",5.0,5.0,0,5.44673737166631,宮城_1980,sugi_1980,宮城_sugi
1980,宮城,hinoki,16.0,1975.0,"宮城県公式サイト(石巻市大門崎, 昭和50年)",5.0,5.0,0,2.833213344056216,宮城_1980,hinoki_1980,宮城_hinoki
1980,新潟,matsu,48.0,1977.0,"新潟県治山課(南魚沼市, 昭和52年度)",3.0,3.0,1,3.8918202981106265,新潟_1980,matsu_1980,新潟_matsu
1980,新潟,sugi,219.0,1977.0,"新潟県治山課(南魚沼市, 昭和52年度)",3.0,3.0,0,5.393627546352362,新潟_1980,sugi_1980,新潟_sugi
1980,新潟,hinoki,2.0,1977.0,"新潟県治山課(南魚沼市, 昭和52年度)",3.0,3.0,0,1.0986122886681098,新潟_1980,hinoki_1980,新潟_hinoki
1980,山形,matsu,31.0,1978.0,"山形県松くい虫被害対策推進計画(山形市, 昭和53年)",2.0,2.0,1,3.4657359027997265,山形_1980,matsu_1980,山形_matsu
1980,山形,sugi,228.0,1978.0,"山形県松くい虫被害対策推進計画(山形市, 昭和53年)",2.0,2.0,0,5.43372200355424,山形_1980,sugi_1980,山形_sugi
1980,山形,hinoki,2.0,1978.0,"山形県松くい虫被害対策推進計画(山形市, 昭和53年)",2.0,2.0,0,1.0986122886681098,山形_1980,hinoki_1980,山形_hinoki
1980,山梨,matsu,26.0,1978.0,山梨県公式サイト(昭和53年),2.0,2.0,1,3.295836866004329,山梨_1980,matsu_1980,山梨_matsu
1980,山梨,sugi,31.0,1978.0,山梨県公式サイト(昭和53年),2.0,2.0,0,3.4657359027997265,山梨_1980,sugi_1980,山梨_sugi
1980,山梨,hinoki,32.0,1978.0,山梨県公式サイト(昭和53年),2.0,2.0,0,3.4965075614664802,山梨_1980,hinoki_1980,山梨_hinoki
1980,長野,matsu,102.0,1981.0,"長野県林業総合センター研究報告(木曽郡山口村, 昭和56年)",-1.0,-1.0,1,4.634728988229636,長野_1980,matsu_1980,長野_matsu
1980,長野,sugi,65.0,1981.0,"長野県林業総合センター研究報告(木曽郡山口村, 昭和56年)",-1.0,-1.0,0,4.189654742026425,長野_1980,sugi_1980,長野_sugi
1980,長野,hinoki,163.0,1981.0,"長野県林業総合センター研究報告(木曽郡山口村, 昭和56年)",-1.0,-1.0,0,5.099866427824199,長野_1980,hinoki_1980,長野_hinoki
1980,秋田,matsu,54.0,1982.0,"秋田県公式サイト(にかほ市旧象潟町, 昭和57年度)",-2.0,-2.0,1,4.007333185232471,秋田_1980,matsu_1980,秋田_matsu
1980,秋田,sugi,881.0,1982.0,"秋田県公式サイト(にかほ市旧象潟町, 昭和57年度)",-2.0,-2.0,0,6.782192056006791,秋田_1980,sugi_1980,秋田_sugi
1980,秋田,hinoki,5.0,1982.0,"秋田県公式サイト(にかほ市旧象潟町, 昭和57年度)",-2.0,-2.0,0,1.791759469228055,秋田_1980,hinoki_1980,秋田_hinoki
1980,北海道,matsu,9.0,,,,,1,2.302585092994046,北海道_1980,matsu_1980,北海道_matsu
1980,北海道,sugi,18.0,,,,,0,2.9444389791664403,北海道_1980,sugi_1980,北海道_sugi
1980,北海道,hinoki,2.0,,,,,0,1.0986122886681098,北海道_1980,hinoki_1980,北海道_hinoki
1980,青森,matsu,149.0,,,,,1,5.0106352940962555,青森_1980,matsu_1980,青森_matsu
1980,青森,sugi,311.0,,,,,0,5.7430031878094825,青森_1980,sugi_1980,青森_sugi
1980,青森,hinoki,2.0,,,,,0,1.0986122886681098,青森_1980,hinoki_1980,青森_hinoki
1981,宮城,matsu,72.0,1975.0,"宮城県公式サイト(石巻市大門崎, 昭和50年)",6.0,6.0,1,4.290459441148391,宮城_1981,matsu_1981,宮城_matsu
1981,宮城,sugi,236.0,1975.0,"宮城県公式サイト(石巻市大門崎, 昭和50年)",6.0,6.0,0,5.4680601411351315,宮城_1981,sugi_1981,宮城_sugi
1981,宮城,hinoki,20.0,1975.0,"宮城県公式サイト(石巻市大門崎, 昭和50年)",6.0,6.0,0,3.044522437723423,宮城_1981,hinoki_1981,宮城_hinoki
1981,新潟,matsu,37.0,1977.0,"新潟県治山課(南魚沼市, 昭和52年度)",4.0,4.0,1,3.6375861597263857,新潟_1981,matsu_1981,新潟_matsu
1981,新潟,sugi,188.0,1977.0,"新潟県治山課(南魚沼市, 昭和52年度)",4.0,4.0,0,5.241747015059643,新潟_1981,sugi_1981,新潟_sugi
1981,新潟,hinoki,4.0,1977.0,"新潟県治山課(南魚沼市, 昭和52年度)",4.0,4.0,0,1.6094379124341003,新潟_1981,hinoki_1981,新潟_hinoki
1981,山形,matsu,22.0,1978.0,"山形県松くい虫被害対策推進計画(山形市, 昭和53年)",3.0,3.0,1,3.1354942159291497,山形_1981,matsu_1981,山形_matsu
1981,山形,sugi,223.0,1978.0,"山形県松くい虫被害対策推進計画(山形市, 昭和53年)",3.0,3.0,0,5.4116460518550396,山形_1981,sugi_1981,山形_sugi
1981,山形,hinoki,2.0,1978.0,"山形県松くい虫被害対策推進計画(山形市, 昭和53年)",3.0,3.0,0,1.0986122886681098,山形_1981,hinoki_1981,山形_hinoki
1981,山梨,matsu,20.0,1978.0,山梨県公式サイト(昭和53年),3.0,3.0,1,3.044522437723423,山梨_1981,matsu_1981,山梨_matsu
1981,山梨,sugi,24.0,1978.0,山梨県公式サイト(昭和53年),3.0,3.0,0,3.2188758248682006,山梨_1981,sugi_1981,山梨_sugi
1981,山梨,hinoki,24.0,1978.0,山梨県公式サイト(昭和53年),3.0,3.0,0,3.2188758248682006,山梨_1981,hinoki_1981,山梨_hinoki
1981,長野,matsu,90.0,1981.0,"長野県林業総合センター研究報告(木曽郡山口村, 昭和56年)",0.0,0.0,1,4.51085950651685,長野_1981,matsu_1981,長野_matsu
1981,長野,sugi,67.0,1981.0,"長野県林業総合センター研究報告(木曽郡山口村, 昭和56年)",0.0,0.0,0,4.219507705176107,長野_1981,sugi_1981,長野_sugi
1981,長野,hinoki,156.0,1981.0,"長野県林業総合センター研究報告(木曽郡山口村, 昭和56年)",0.0,0.0,0,5.056245805348308,長野_1981,hinoki_1981,長野_hinoki
1981,秋田,matsu,39.0,1982.0,"秋田県公式サイト(にかほ市旧象潟町, 昭和57年度)",-1.0,-1.0,1,3.6888794541139363,秋田_1981,matsu_1981,秋田_matsu
1981,秋田,sugi,869.0,1982.0,"秋田県公式サイト(にかほ市旧象潟町, 昭和57年度)",-1.0,-1.0,0,6.76849321164863,秋田_1981,sugi_1981,秋田_sugi
1981,秋田,hinoki,2.0,1982.0,"秋田県公式サイト(にかほ市旧象潟町, 昭和57年度)",-1.0,-1.0,0,1.0986122886681098,秋田_1981,hinoki_1981,秋田_hinoki
1981,北海道,matsu,1.0,,,,,1,0.6931471805599453,北海道_1981,matsu_1981,北海道_matsu
1981,北海道,sugi,14.0,,,,,0,2.70805020110221,北海道_1981,sugi_1981,北海道_sugi
1981,北海道,hinoki,6.0,,,,,0,1.9459101490553132,北海道_1981,hinoki_1981,北海道_hinoki
1981,青森,matsu,136.0,,,,,1,4.919980925828125,青森_1981,matsu_1981,青森_matsu
1981,青森,sugi,274.0,,,,,0,5.616771097666572,青森_1981,sugi_1981,青森_sugi
1981,青森,hinoki,0.0,,,,,0,0.0,青森_1981,hinoki_1981,青森_hinoki
1982,宮城,matsu,68.0,1975.0,"宮城県公式サイト(石巻市大門崎, 昭和50年)",7.0,7.0,1,4.23410650459726,宮城_1982,matsu_1982,宮城_matsu
1982,宮城,sugi,222.0,1975.0,"宮城県公式サイト(石巻市大門崎, 昭和50年)",7.0,7.0,0,5.407171771460119,宮城_1982,sugi_1982,宮城_sugi
1982,宮城,hinoki,17.0,1975.0,"宮城県公式サイト(石巻市大門崎, 昭和50年)",7.0,7.0,0,2.8903717578961645,宮城_1982,hinoki_1982,宮城_hinoki
1982,新潟,matsu,42.0,1977.0,"新潟県治山課(南魚沼市, 昭和52年度)",5.0,5.0,1,3.7612001156935624,新潟_1982,matsu_1982,新潟_matsu
1982,新潟,sugi,179.0,1977.0,"新潟県治山課(南魚沼市, 昭和52年度)",5.0,5.0,0,5.19295685089021,新潟_1982,sugi_1982,新潟_sugi
1982,新潟,hinoki,4.0,1977.0,"新潟県治山課(南魚沼市, 昭和52年度)",5.0,5.0,0,1.6094379124341003,新潟_1982,hinoki_1982,新潟_hinoki
1982,山形,matsu,21.0,1978.0,"山形県松くい虫被害対策推進計画(山形市, 昭和53年)",4.0,4.0,1,3.091042453358316,山形_1982,matsu_1982,山形_matsu
1982,山形,sugi,235.0,1978.0,"山形県松くい虫被害対策推進計画(山形市, 昭和53年)",4.0,4.0,0,5.4638318050256105,山形_1982,sugi_1982,山形_sugi
1982,山形,hinoki,2.0,1978.0,"山形県松くい虫被害対策推進計画(山形市, 昭和53年)",4.0,4.0,0,1.0986122886681098,山形_1982,hinoki_1982,山形_hinoki
1982,山梨,matsu,23.0,1978.0,山梨県公式サイト(昭和53年),4.0,4.0,1,3.1780538303479458,山梨_1982,matsu_1982,山梨_matsu
1982,山梨,sugi,20.0,1978.0,山梨県公式サイト(昭和53年),4.0,4.0,0,3.044522437723423,山梨_1982,sugi_1982,山梨_sugi
1982,山梨,hinoki,22.0,1978.0,山梨県公式サイト(昭和53年),4.0,4.0,0,3.1354942159291497,山梨_1982,hinoki_1982,山梨_hinoki
1982,長野,matsu,95.0,1981.0,"長野県林業総合センター研究報告(木曽郡山口村, 昭和56年)",1.0,1.0,1,4.564348191467836,長野_1982,matsu_1982,長野_matsu
1982,長野,sugi,76.0,1981.0,"長野県林業総合センター研究報告(木曽郡山口村, 昭和56年)",1.0,1.0,0,4.343805421853684,長野_1982,sugi_1982,長野_sugi
1982,長野,hinoki,152.0,1981.0,"長野県林業総合センター研究報告(木曽郡山口村, 昭和56年)",1.0,1.0,0,5.030437921392435,長野_1982,hinoki_1982,長野_hinoki
1982,秋田,matsu,42.0,1982.0,"秋田県公式サイト(にかほ市旧象潟町, 昭和57年度)",0.0,0.0,1,3.7612001156935624,秋田_1982,matsu_1982,秋田_matsu
1982,秋田,sugi,852.0,1982.0,"秋田県公式サイト(にかほ市旧象潟町, 昭和57年度)",0.0,0.0,0,6.748759547491679,秋田_1982,sugi_1982,秋田_sugi
1982,秋田,hinoki,2.0,1982.0,"秋田県公式サイト(にかほ市旧象潟町, 昭和57年度)",0.0,0.0,0,1.0986122886681098,秋田_1982,hinoki_1982,秋田_hinoki
1982,北海道,matsu,2.0,,,,,1,1.0986122886681098,北海道_1982,matsu_1982,北海道_matsu
1982,北海道,sugi,17.0,,,,,0,2.8903717578961645,北海道_1982,sugi_1982,北海道_sugi
1982,青森,matsu,123.0,,,,,1,4.820281565605037,青森_1982,matsu_1982,青森_matsu
1982,青森,sugi,271.0,,,,,0,5.605802066295998,青森_1982,sugi_1982,青森_sugi
1982,青森,hinoki,1.0,,,,,0,0.6931471805599453,青森_1982,hinoki_1982,青森_hinoki
1983,宮城,matsu,62.0,1975.0,"宮城県公式サイト(石巻市大門崎, 昭和50年)",8.0,8.0,1,4.143134726391533,宮城_1983,matsu_1983,宮城_matsu
1983,宮城,sugi,202.0,1975.0,"宮城県公式サイト(石巻市大門崎, 昭和50年)",8.0,8.0,0,5.313205979041787,宮城_1983,sugi_1983,宮城_sugi
1983,宮城,hinoki,13.0,1975.0,"宮城県公式サイト(石巻市大門崎, 昭和50年)",8.0,8.0,0,2.6390573296152584,宮城_1983,hinoki_1983,宮城_hinoki
1983,新潟,matsu,43.0,1977.0,"新潟県治山課(南魚沼市, 昭和52年度)",6.0,6.0,1,3.784189633918261,新潟_1983,matsu_1983,新潟_matsu
1983,新潟,sugi,174.0,1977.0,"新潟県治山課(南魚沼市, 昭和52年度)",6.0,6.0,0,5.1647859739235145,新潟_1983,sugi_1983,新潟_sugi
1983,新潟,hinoki,2.0,1977.0,"新潟県治山課(南魚沼市, 昭和52年度)",6.0,6.0,0,1.0986122886681098,新潟_1983,hinoki_1983,新潟_hinoki
1983,山形,matsu,19.0,1978.0,"山形県松くい虫被害対策推進計画(山形市, 昭和53年)",5.0,5.0,1,2.995732273553991,山形_1983,matsu_1983,山形_matsu
1983,山形,sugi,227.0,1978.0,"山形県松くい虫被害対策推進計画(山形市, 昭和53年)",5.0,5.0,0,5.429345628954441,山形_1983,sugi_1983,山形_sugi
1983,山形,hinoki,1.0,1978.0,"山形県松くい虫被害対策推進計画(山形市, 昭和53年)",5.0,5.0,0,0.6931471805599453,山形_1983,hinoki_1983,山形_hinoki
1983,山梨,matsu,28.0,1978.0,山梨県公式サイト(昭和53年),5.0,5.0,1,3.367295829986474,山梨_1983,matsu_1983,山梨_matsu
1983,山梨,sugi,16.0,1978.0,山梨県公式サイト(昭和53年),5.0,5.0,0,2.833213344056216,山梨_1983,sugi_1983,山梨_sugi
1983,山梨,hinoki,15.0,1978.0,山梨県公式サイト(昭和53年),5.0,5.0,0,2.772588722239781,山梨_1983,hinoki_1983,山梨_hinoki
1983,長野,matsu,83.0,1981.0,"長野県林業総合センター研究報告(木曽郡山口村, 昭和56年)",2.0,2.0,1,4.430816798843313,長野_1983,matsu_1983,長野_matsu
1983,長野,sugi,67.0,1981.0,"長野県林業総合センター研究報告(木曽郡山口村, 昭和56年)",2.0,2.0,0,4.219507705176107,長野_1983,sugi_1983,長野_sugi
1983,長野,hinoki,154.0,1981.0,"長野県林業総合センター研究報告(木曽郡山口村, 昭和56年)",2.0,2.0,0,5.043425116919247,長野_1983,hinoki_1983,長野_hinoki
1983,秋田,matsu,43.0,1982.0,"秋田県公式サイト(にかほ市旧象潟町, 昭和57年度)",1.0,1.0,1,3.784189633918261,秋田_1983,matsu_1983,秋田_matsu
1983,秋田,sugi,784.0,1982.0,"秋田県公式サイト(にかほ市旧象潟町, 昭和57年度)",1.0,1.0,0,6.665683717782408,秋田_1983,sugi_1983,秋田_sugi
1983,秋田,hinoki,2.0,1982.0,"秋田県公式サイト(にかほ市旧象潟町, 昭和57年度)",1.0,1.0,0,1.0986122886681098,秋田_1983,hinoki_1983,秋田_hinoki
1983,北海道,matsu,1.0,,,,,1,0.6931471805599453,北海道_1983,matsu_1983,北海道_matsu
1983,北海道,sugi,20.0,,,,,0,3.044522437723423,北海道_1983,sugi_1983,北海道_sugi
1983,北海道,hinoki,0.0,,,,,0,0.0,北海道_1983,hinoki_1983,北海道_hinoki
1983,青森,matsu,133.0,,,,,1,4.897839799950911,青森_1983,matsu_1983,青森_matsu
1983,青森,sugi,293.0,,,,,0,5.683579767338681,青森_1983,sugi_1983,青森_sugi
1983,青森,hinoki,3.0,,,,,0,1.3862943611198906,青森_1983,hinoki_1983,青森_hinoki
1984,宮城,matsu,75.0,1975.0,"宮城県公式サイト(石巻市大門崎, 昭和50年)",9.0,9.0,1,4.330733340286331,宮城_1984,matsu_1984,宮城_matsu
1984,宮城,sugi,200.0,1975.0,"宮城県公式サイト(石巻市大門崎, 昭和50年)",9.0,9.0,0,5.303304908059076,宮城_1984,sugi_1984,宮城_sugi
1984,宮城,hinoki,13.0,1975.0,"宮城県公式サイト(石巻市大門崎, 昭和50年)",9.0,9.0,0,2.6390573296152584,宮城_1984,hinoki_1984,宮城_hinoki
1984,新潟,matsu,42.0,1977.0,"新潟県治山課(南魚沼市, 昭和52年度)",7.0,7.0,1,3.7612001156935624,新潟_1984,matsu_1984,新潟_matsu
1984,新潟,sugi,172.0,1977.0,"新潟県治山課(南魚沼市, 昭和52年度)",7.0,7.0,0,5.153291594497779,新潟_1984,sugi_1984,新潟_sugi
1984,新潟,hinoki,2.0,1977.0,"新潟県治山課(南魚沼市, 昭和52年度)",7.0,7.0,0,1.0986122886681098,新潟_1984,hinoki_1984,新潟_hinoki
1984,山形,matsu,16.0,1978.0,"山形県松くい虫被害対策推進計画(山形市, 昭和53年)",6.0,6.0,1,2.833213344056216,山形_1984,matsu_1984,山形_matsu
1984,山形,sugi,234.0,1978.0,"山形県松くい虫被害対策推進計画(山形市, 昭和53年)",6.0,6.0,0,5.459585514144159,山形_1984,sugi_1984,山形_sugi
1984,山形,hinoki,2.0,1978.0,"山形県松くい虫被害対策推進計画(山形市, 昭和53年)",6.0,6.0,0,1.0986122886681098,山形_1984,hinoki_1984,山形_hinoki
1984,山梨,matsu,27.0,1978.0,山梨県公式サイト(昭和53年),6.0,6.0,1,3.332204510175204,山梨_1984,matsu_1984,山梨_matsu
1984,山梨,sugi,19.0,1978.0,山梨県公式サイト(昭和53年),6.0,6.0,0,2.995732273553991,山梨_1984,sugi_1984,山梨_sugi
1984,山梨,hinoki,20.0,1978.0,山梨県公式サイト(昭和53年),6.0,6.0,0,3.044522437723423,山梨_1984,hinoki_1984,山梨_hinoki
1984,長野,matsu,80.0,1981.0,"長野県林業総合センター研究報告(木曽郡山口村, 昭和56年)",3.0,3.0,1,4.394449154672439,長野_1984,matsu_1984,長野_matsu
1984,長野,sugi,68.0,1981.0,"長野県林業総合センター研究報告(木曽郡山口村, 昭和56年)",3.0,3.0,0,4.23410650459726,長野_1984,sugi_1984,長野_sugi
1984,長野,hinoki,148.0,1981.0,"長野県林業総合センター研究報告(木曽郡山口村, 昭和56年)",3.0,3.0,0,5.003946305945459,長野_1984,hinoki_1984,長野_hinoki
1984,秋田,matsu,50.0,1982.0,"秋田県公式サイト(にかほ市旧象潟町, 昭和57年度)",2.0,2.0,1,3.9318256327243257,秋田_1984,matsu_1984,秋田_matsu
1984,秋田,sugi,798.0,1982.0,"秋田県公式サイト(にかほ市旧象潟町, 昭和57年度)",2.0,2.0,0,6.683360945766275,秋田_1984,sugi_1984,秋田_sugi
1984,秋田,hinoki,3.0,1982.0,"秋田県公式サイト(にかほ市旧象潟町, 昭和57年度)",2.0,2.0,0,1.3862943611198906,秋田_1984,hinoki_1984,秋田_hinoki
1984,北海道,matsu,3.0,,,,,1,1.3862943611198906,北海道_1984,matsu_1984,北海道_matsu
1984,北海道,sugi,17.0,,,,,0,2.8903717578961645,北海道_1984,sugi_1984,北海道_sugi
1984,青森,matsu,122.0,,,,,1,4.812184355372417,青森_1984,matsu_1984,青森_matsu
1984,青森,sugi,279.0,,,,,0,5.634789603169249,青森_1984,sugi_1984,青森_sugi
1984,青森,hinoki,1.0,,,,,0,0.6931471805599453,青森_1984,hinoki_1984,青森_hinoki
1985,宮城,matsu,82.0,1975.0,"宮城県公式サイト(石巻市大門崎, 昭和50年)",10.0,10.0,1,4.418840607796598,宮城_1985,matsu_1985,宮城_matsu
1985,宮城,sugi,213.0,1975.0,"宮城県公式サイト(石巻市大門崎, 昭和50年)",10.0,10.0,0,5.365976015021851,宮城_1985,sugi_1985,宮城_sugi
1985,宮城,hinoki,14.0,1975.0,"宮城県公式サイト(石巻市大門崎, 昭和50年)",10.0,10.0,0,2.70805020110221,宮城_1985,hinoki_1985,宮城_hinoki
1985,新潟,matsu,50.0,1977.0,"新潟県治山課(南魚沼市, 昭和52年度)",8.0,8.0,1,3.9318256327243257,新潟_1985,matsu_1985,新潟_matsu
1985,新潟,sugi,177.0,1977.0,"新潟県治山課(南魚沼市, 昭和52年度)",8.0,8.0,0,5.181783550292085,新潟_1985,sugi_1985,新潟_sugi
1985,新潟,hinoki,1.0,1977.0,"新潟県治山課(南魚沼市, 昭和52年度)",8.0,8.0,0,0.6931471805599453,新潟_1985,hinoki_1985,新潟_hinoki
1985,山形,matsu,19.0,1978.0,"山形県松くい虫被害対策推進計画(山形市, 昭和53年)",7.0,7.0,1,2.995732273553991,山形_1985,matsu_1985,山形_matsu
1985,山形,sugi,240.0,1978.0,"山形県松くい虫被害対策推進計画(山形市, 昭和53年)",7.0,7.0,0,5.484796933490655,山形_1985,sugi_1985,山形_sugi
1985,山形,hinoki,1.0,1978.0,"山形県松くい虫被害対策推進計画(山形市, 昭和53年)",7.0,7.0,0,0.6931471805599453,山形_1985,hinoki_1985,山形_hinoki
1985,山梨,matsu,26.0,1978.0,山梨県公式サイト(昭和53年),7.0,7.0,1,3.295836866004329,山梨_1985,matsu_1985,山梨_matsu
1985,山梨,sugi,19.0,1978.0,山梨県公式サイト(昭和53年),7.0,7.0,0,2.995732273553991,山梨_1985,sugi_1985,山梨_sugi
1985,山梨,hinoki,19.0,1978.0,山梨県公式サイト(昭和53年),7.0,7.0,0,2.995732273553991,山梨_1985,hinoki_1985,山梨_hinoki
1985,長野,matsu,92.0,1981.0,"長野県林業総合センター研究報告(木曽郡山口村, 昭和56年)",4.0,4.0,1,4.532599493153256,長野_1985,matsu_1985,長野_matsu
1985,長野,sugi,58.0,1981.0,"長野県林業総合センター研究報告(木曽郡山口村, 昭和56年)",4.0,4.0,0,4.07753744390572,長野_1985,sugi_1985,長野_sugi
1985,長野,hinoki,154.0,1981.0,"長野県林業総合センター研究報告(木曽郡山口村, 昭和56年)",4.0,4.0,0,5.043425116919247,長野_1985,hinoki_1985,長野_hinoki
1985,秋田,matsu,44.0,1982.0,"秋田県公式サイト(にかほ市旧象潟町, 昭和57年度)",3.0,3.0,1,3.8066624897703196,秋田_1985,matsu_1985,秋田_matsu
1985,秋田,sugi,799.0,1982.0,"秋田県公式サイト(にかほ市旧象潟町, 昭和57年度)",3.0,3.0,0,6.684611727667927,秋田_1985,sugi_1985,秋田_sugi
1985,秋田,hinoki,2.0,1982.0,"秋田県公式サイト(にかほ市旧象潟町, 昭和57年度)",3.0,3.0,0,1.0986122886681098,秋田_1985,hinoki_1985,秋田_hinoki
1985,北海道,matsu,7.0,,,,,1,2.0794415416798357,北海道_1985,matsu_1985,北海道_matsu
1985,北海道,sugi,24.0,,,,,0,3.2188758248682006,北海道_1985,sugi_1985,北海道_sugi
1985,青森,matsu,166.0,,,,,1,5.117993812416755,青森_1985,matsu_1985,青森_matsu
1985,青森,sugi,297.0,,,,,0,5.697093486505405,青森_1985,sugi_1985,青森_sugi
1985,青森,hinoki,2.0,,,,,0,1.0986122886681098,青森_1985,hinoki_1985,青森_hinoki
1986,宮城,matsu,75.0,1975.0,"宮城県公式サイト(石巻市大門崎, 昭和50年)",11.0,11.0,1,4.330733340286331,宮城_1986,matsu_1986,宮城_matsu
1986,宮城,sugi,215.0,1975.0,"宮城県公式サイト(石巻市大門崎, 昭和50年)",11.0,11.0,0,5.375278407684165,宮城_1986,sugi_1986,宮城_sugi
1986,宮城,hinoki,14.0,1975.0,"宮城県公式サイト(石巻市大門崎, 昭和50年)",11.0,11.0,0,2.70805020110221,宮城_1986,hinoki_1986,宮城_hinoki
1986,新潟,matsu,52.0,1977.0,"新潟県治山課(南魚沼市, 昭和52年度)",9.0,9.0,1,3.970291913552122,新潟_1986,matsu_1986,新潟_matsu
1986,新潟,sugi,181.0,1977.0,"新潟県治山課(南魚沼市, 昭和52年度)",9.0,9.0,0,5.204006687076795,新潟_1986,sugi_1986,新潟_sugi
1986,新潟,hinoki,1.0,1977.0,"新潟県治山課(南魚沼市, 昭和52年度)",9.0,9.0,0,0.6931471805599453,新潟_1986,hinoki_1986,新潟_hinoki
1986,山形,matsu,22.0,1978.0,"山形県松くい虫被害対策推進計画(山形市, 昭和53年)",8.0,8.0,1,3.1354942159291497,山形_1986,matsu_1986,山形_matsu
1986,山形,sugi,236.0,1978.0,"山形県松くい虫被害対策推進計画(山形市, 昭和53年)",8.0,8.0,0,5.4680601411351315,山形_1986,sugi_1986,山形_sugi
1986,山形,hinoki,2.0,1978.0,"山形県松くい虫被害対策推進計画(山形市, 昭和53年)",8.0,8.0,0,1.0986122886681098,山形_1986,hinoki_1986,山形_hinoki
1986,山梨,matsu,23.0,1978.0,山梨県公式サイト(昭和53年),8.0,8.0,1,3.1780538303479458,山梨_1986,matsu_1986,山梨_matsu
1986,山梨,sugi,19.0,1978.0,山梨県公式サイト(昭和53年),8.0,8.0,0,2.995732273553991,山梨_1986,sugi_1986,山梨_sugi
1986,山梨,hinoki,13.0,1978.0,山梨県公式サイト(昭和53年),8.0,8.0,0,2.6390573296152584,山梨_1986,hinoki_1986,山梨_hinoki
1986,長野,matsu,68.0,1981.0,"長野県林業総合センター研究報告(木曽郡山口村, 昭和56年)",5.0,5.0,1,4.23410650459726,長野_1986,matsu_1986,長野_matsu
1986,長野,sugi,57.0,1981.0,"長野県林業総合センター研究報告(木曽郡山口村, 昭和56年)",5.0,5.0,0,4.060443010546419,長野_1986,sugi_1986,長野_sugi
1986,長野,hinoki,150.0,1981.0,"長野県林業総合センター研究報告(木曽郡山口村, 昭和56年)",5.0,5.0,0,5.017279836814924,長野_1986,hinoki_1986,長野_hinoki
1986,秋田,matsu,43.0,1982.0,"秋田県公式サイト(にかほ市旧象潟町, 昭和57年度)",4.0,4.0,1,3.784189633918261,秋田_1986,matsu_1986,秋田_matsu
1986,秋田,sugi,875.0,1982.0,"秋田県公式サイト(にかほ市旧象潟町, 昭和57年度)",4.0,4.0,0,6.775366090936392,秋田_1986,sugi_1986,秋田_sugi
1986,秋田,hinoki,1.0,1982.0,"秋田県公式サイト(にかほ市旧象潟町, 昭和57年度)",4.0,4.0,0,0.6931471805599453,秋田_1986,hinoki_1986,秋田_hinoki
1986,北海道,matsu,3.0,,,,,1,1.3862943611198906,北海道_1986,matsu_1986,北海道_matsu
1986,北海道,sugi,25.0,,,,,0,3.258096538021482,北海道_1986,sugi_1986,北海道_sugi
1986,北海道,hinoki,0.0,,,,,0,0.0,北海道_1986,hinoki_1986,北海道_hinoki
1986,青森,matsu,134.0,,,,,1,4.90527477843843,青森_1986,matsu_1986,青森_matsu
1986,青森,sugi,273.0,,,,,0,5.6131281063880705,青森_1986,sugi_1986,青森_sugi
1986,青森,hinoki,2.0,,,,,0,1.0986122886681098,青森_1986,hinoki_1986,青森_hinoki
1987,宮城,matsu,70.0,1975.0,"宮城県公式サイト(石巻市大門崎, 昭和50年)",12.0,12.0,1,4.2626798770413155,宮城_1987,matsu_1987,宮城_matsu
1987,宮城,sugi,217.0,1975.0,"宮城県公式サイト(石巻市大門崎, 昭和50年)",12.0,12.0,0,5.384495062789089,宮城_1987,sugi_1987,宮城_sugi
1987,宮城,hinoki,15.0,1975.0,"宮城県公式サイト(石巻市大門崎, 昭和50年)",12.0,12.0,0,2.772588722239781,宮城_1987,hinoki_1987,宮城_hinoki
1987,新潟,matsu,45.0,1977.0,"新潟県治山課(南魚沼市, 昭和52年度)",10.0,10.0,1,3.828641396489095,新潟_1987,matsu_1987,新潟_matsu
1987,新潟,sugi,180.0,1977.0,"新潟県治山課(南魚沼市, 昭和52年度)",10.0,10.0,0,5.198497031265826,新潟_1987,sugi_1987,新潟_sugi
1987,新潟,hinoki,1.0,1977.0,"新潟県治山課(南魚沼市, 昭和52年度)",10.0,10.0,0,0.6931471805599453,新潟_1987,hinoki_1987,新潟_hinoki
1987,山形,matsu,18.0,1978.0,"山形県松くい虫被害対策推進計画(山形市, 昭和53年)",9.0,9.0,1,2.9444389791664403,山形_1987,matsu_1987,山形_matsu
1987,山形,sugi,258.0,1978.0,"山形県松くい虫被害対策推進計画(山形市, 昭和53年)",9.0,9.0,0,5.556828061699537,山形_1987,sugi_1987,山形_sugi
1987,山形,hinoki,1.0,1978.0,"山形県松くい虫被害対策推進計画(山形市, 昭和53年)",9.0,9.0,0,0.6931471805599453,山形_1987,hinoki_1987,山形_hinoki
1987,山梨,matsu,17.0,1978.0,山梨県公式サイト(昭和53年),9.0,9.0,1,2.8903717578961645,山梨_1987,matsu_1987,山梨_matsu
1987,山梨,sugi,14.0,1978.0,山梨県公式サイト(昭和53年),9.0,9.0,0,2.70805020110221,山梨_1987,sugi_1987,山梨_sugi
1987,山梨,hinoki,13.0,1978.0,山梨県公式サイト(昭和53年),9.0,9.0,0,2.6390573296152584,山梨_1987,hinoki_1987,山梨_hinoki
1987,長野,matsu,54.0,1981.0,"長野県林業総合センター研究報告(木曽郡山口村, 昭和56年)",6.0,6.0,1,4.007333185232471,長野_1987,matsu_1987,長野_matsu
1987,長野,sugi,58.0,1981.0,"長野県林業総合センター研究報告(木曽郡山口村, 昭和56年)",6.0,6.0,0,4.07753744390572,長野_1987,sugi_1987,長野_sugi
1987,長野,hinoki,167.0,1981.0,"長野県林業総合センター研究報告(木曽郡山口村, 昭和56年)",6.0,6.0,0,5.123963979403259,長野_1987,hinoki_1987,長野_hinoki
1987,秋田,matsu,40.0,1982.0,"秋田県公式サイト(にかほ市旧象潟町, 昭和57年度)",5.0,5.0,1,3.713572066704308,秋田_1987,matsu_1987,秋田_matsu
1987,秋田,sugi,868.0,1982.0,"秋田県公式サイト(にかほ市旧象潟町, 昭和57年度)",5.0,5.0,0,6.767343125265392,秋田_1987,sugi_1987,秋田_sugi
1987,秋田,hinoki,1.0,1982.0,"秋田県公式サイト(にかほ市旧象潟町, 昭和57年度)",5.0,5.0,0,0.6931471805599453,秋田_1987,hinoki_1987,秋田_hinoki
1987,北海道,matsu,8.0,,,,,1,2.1972245773362196,北海道_1987,matsu_1987,北海道_matsu
1987,北海道,sugi,29.0,,,,,0,3.4011973816621555,北海道_1987,sugi_1987,北海道_sugi
1987,北海道,hinoki,0.0,,,,,0,0.0,北海道_1987,hinoki_1987,北海道_hinoki
1987,青森,matsu,115.0,,,,,1,4.7535901911063645,青森_1987,matsu_1987,青森_matsu
1987,青森,sugi,294.0,,,,,0,5.68697535633982,青森_1987,sugi_1987,青森_sugi
1987,青森,hinoki,2.0,,,,,0,1.0986122886681098,青森_1987,hinoki_1987,青森_hinoki
1988,宮城,matsu,81.0,1975.0,"宮城県公式サイト(石巻市大門崎, 昭和50年)",13.0,12.0,1,4.406719247264253,宮城_1988,matsu_1988,宮城_matsu
1988,宮城,sugi,222.0,1975.0,"宮城県公式サイト(石巻市大門崎, 昭和50年)",13.0,12.0,0,5.407171771460119,宮城_1988,sugi_1988,宮城_sugi
1988,宮城,hinoki,11.0,1975.0,"宮城県公式サイト(石巻市大門崎, 昭和50年)",13.0,12.0,0,2.4849066497880004,宮城_1988,hinoki_1988,宮城_hinoki
1988,新潟,matsu,49.0,1977.0,"新潟県治山課(南魚沼市, 昭和52年度)",11.0,11.0,1,3.912023005428146,新潟_1988,matsu_1988,新潟_matsu
1988,新潟,sugi,179.0,1977.0,"新潟県治山課(南魚沼市, 昭和52年度)",11.0,11.0,0,5.19295685089021,新潟_1988,sugi_1988,新潟_sugi
1988,新潟,hinoki,1.0,1977.0,"新潟県治山課(南魚沼市, 昭和52年度)",11.0,11.0,0,0.6931471805599453,新潟_1988,hinoki_1988,新潟_hinoki
1988,山形,matsu,28.0,1978.0,"山形県松くい虫被害対策推進計画(山形市, 昭和53年)",10.0,10.0,1,3.367295829986474,山形_1988,matsu_1988,山形_matsu
1988,山形,sugi,256.0,1978.0,"山形県松くい虫被害対策推進計画(山形市, 昭和53年)",10.0,10.0,0,5.54907608489522,山形_1988,sugi_1988,山形_sugi
1988,山形,hinoki,3.0,1978.0,"山形県松くい虫被害対策推進計画(山形市, 昭和53年)",10.0,10.0,0,1.3862943611198906,山形_1988,hinoki_1988,山形_hinoki
1988,山梨,matsu,16.0,1978.0,山梨県公式サイト(昭和53年),10.0,10.0,1,2.833213344056216,山梨_1988,matsu_1988,山梨_matsu
1988,山梨,sugi,15.0,1978.0,山梨県公式サイト(昭和53年),10.0,10.0,0,2.772588722239781,山梨_1988,sugi_1988,山梨_sugi
1988,山梨,hinoki,15.0,1978.0,山梨県公式サイト(昭和53年),10.0,10.0,0,2.772588722239781,山梨_1988,hinoki_1988,山梨_hinoki
1988,長野,matsu,57.0,1981.0,"長野県林業総合センター研究報告(木曽郡山口村, 昭和56年)",7.0,7.0,1,4.060443010546419,長野_1988,matsu_1988,長野_matsu
1988,長野,sugi,56.0,1981.0,"長野県林業総合センター研究報告(木曽郡山口村, 昭和56年)",7.0,7.0,0,4.04305126783455,長野_1988,sugi_1988,長野_sugi
1988,長野,hinoki,154.0,1981.0,"長野県林業総合センター研究報告(木曽郡山口村, 昭和56年)",7.0,7.0,0,5.043425116919247,長野_1988,hinoki_1988,長野_hinoki
1988,秋田,matsu,41.0,1982.0,"秋田県公式サイト(にかほ市旧象潟町, 昭和57年度)",6.0,6.0,1,3.7376696182833684,秋田_1988,matsu_1988,秋田_matsu
1988,秋田,sugi,882.0,1982.0,"秋田県公式サイト(にかほ市旧象潟町, 昭和57年度)",6.0,6.0,0,6.78332520060396,秋田_1988,sugi_1988,秋田_sugi
1988,秋田,hinoki,1.0,1982.0,"秋田県公式サイト(にかほ市旧象潟町, 昭和57年度)",6.0,6.0,0,0.6931471805599453,秋田_1988,hinoki_1988,秋田_hinoki
1988,北海道,matsu,17.0,,,,,1,2.8903717578961645,北海道_1988,matsu_1988,北海道_matsu
1988,北海道,sugi,30.0,,,,,0,3.4339872044851463,北海道_1988,sugi_1988,北海道_sugi
1988,北海道,hinoki,0.0,,,,,0,0.0,北海道_1988,hinoki_1988,北海道_hinoki
1988,青森,matsu,115.0,,,,,1,4.7535901911063645,青森_1988,matsu_1988,青森_matsu
1988,青森,sugi,278.0,,,,,0,5.631211781821365,青森_1988,sugi_1988,青森_sugi
1988,青森,hinoki,3.0,,,,,0,1.3862943611198906,青森_1988,hinoki_1988,青森_hinoki
1989,宮城,matsu,78.0,1975.0,"宮城県公式サイト(石巻市大門崎, 昭和50年)",14.0,12.0,1,4.3694478524670215,宮城_1989,matsu_1989,宮城_matsu
1989,宮城,sugi,229.0,1975.0,"宮城県公式サイト(石巻市大門崎, 昭和50年)",14.0,12.0,0,5.438079308923196,宮城_1989,sugi_1989,宮城_sugi
1989,宮城,hinoki,8.0,1975.0,"宮城県公式サイト(石巻市大門崎, 昭和50年)",14.0,12.0,0,2.1972245773362196,宮城_1989,hinoki_1989,宮城_hinoki
1989,新潟,matsu,46.0,1977.0,"新潟県治山課(南魚沼市, 昭和52年度)",12.0,12.0,1,3.8501476017100584,新潟_1989,matsu_1989,新潟_matsu
1989,新潟,sugi,169.0,1977.0,"新潟県治山課(南魚沼市, 昭和52年度)",12.0,12.0,0,5.135798437050262,新潟_1989,sugi_1989,新潟_sugi
1989,新潟,hinoki,3.0,1977.0,"新潟県治山課(南魚沼市, 昭和52年度)",12.0,12.0,0,1.3862943611198906,新潟_1989,hinoki_1989,新潟_hinoki
1989,山形,matsu,34.0,1978.0,"山形県松くい虫被害対策推進計画(山形市, 昭和53年)",11.0,11.0,1,3.5553480614894135,山形_1989,matsu_1989,山形_matsu
1989,山形,sugi,256.0,1978.0,"山形県松くい虫被害対策推進計画(山形市, 昭和53年)",11.0,11.0,0,5.54907608489522,山形_1989,sugi_1989,山形_sugi
1989,山形,hinoki,0.0,1978.0,"山形県松くい虫被害対策推進計画(山形市, 昭和53年)",11.0,11.0,0,0.0,山形_1989,hinoki_1989,山形_hinoki
1989,山梨,matsu,23.0,1978.0,山梨県公式サイト(昭和53年),11.0,11.0,1,3.1780538303479458,山梨_1989,matsu_1989,山梨_matsu
1989,山梨,sugi,6.0,1978.0,山梨県公式サイト(昭和53年),11.0,11.0,0,1.9459101490553132,山梨_1989,sugi_1989,山梨_sugi
1989,山梨,hinoki,14.0,1978.0,山梨県公式サイト(昭和53年),11.0,11.0,0,2.70805020110221,山梨_1989,hinoki_1989,山梨_hinoki
1989,長野,matsu,62.0,1981.0,"長野県林業総合センター研究報告(木曽郡山口村, 昭和56年)",8.0,8.0,1,4.143134726391533,長野_1989,matsu_1989,長野_matsu
1989,長野,sugi,59.0,1981.0,"長野県林業総合センター研究報告(木曽郡山口村, 昭和56年)",8.0,8.0,0,4.0943445622221,長野_1989,sugi_1989,長野_sugi
1989,長野,hinoki,135.0,1981.0,"長野県林業総合センター研究報告(木曽郡山口村, 昭和56年)",8.0,8.0,0,4.912654885736052,長野_1989,hinoki_1989,長野_hinoki
1989,秋田,matsu,47.0,1982.0,"秋田県公式サイト(にかほ市旧象潟町, 昭和57年度)",7.0,7.0,1,3.871201010907891,秋田_1989,matsu_1989,秋田_matsu
1989,秋田,sugi,863.0,1982.0,"秋田県公式サイト(にかほ市旧象潟町, 昭和57年度)",7.0,7.0,0,6.761572768804055,秋田_1989,sugi_1989,秋田_sugi
1989,秋田,hinoki,2.0,1982.0,"秋田県公式サイト(にかほ市旧象潟町, 昭和57年度)",7.0,7.0,0,1.0986122886681098,秋田_1989,hinoki_1989,秋田_hinoki
1989,北海道,matsu,12.0,,,,,1,2.5649493574615367,北海道_1989,matsu_1989,北海道_matsu
1989,北海道,sugi,35.0,,,,,0,3.58351893845611,北海道_1989,sugi_1989,北海道_sugi
1989,北海道,hinoki,0.0,,,,,0,0.0,北海道_1989,hinoki_1989,北海道_hinoki
1989,青森,matsu,113.0,,,,,1,4.736198448394496,青森_1989,matsu_1989,青森_matsu
1989,青森,sugi,288.0,,,,,0,5.666426688112432,青森_1989,sugi_1989,青森_sugi
1989,青森,hinoki,2.0,,,,,0,1.0986122886681098,青森_1989,hinoki_1989,青森_hinoki
1990,宮城,matsu,84.0,1975.0,"宮城県公式サイト(石巻市大門崎, 昭和50年)",15.0,12.0,1,4.442651256490317,宮城_1990,matsu_1990,宮城_matsu
1990,宮城,sugi,238.0,1975.0,"宮城県公式サイト(石巻市大門崎, 昭和50年)",15.0,12.0,0,5.476463551931511,宮城_1990,sugi_1990,宮城_sugi
1990,宮城,hinoki,8.0,1975.0,"宮城県公式サイト(石巻市大門崎, 昭和50年)",15.0,12.0,0,2.1972245773362196,宮城_1990,hinoki_1990,宮城_hinoki
1990,新潟,matsu,40.0,1977.0,"新潟県治山課(南魚沼市, 昭和52年度)",13.0,12.0,1,3.713572066704308,新潟_1990,matsu_1990,新潟_matsu
1990,新潟,sugi,172.0,1977.0,"新潟県治山課(南魚沼市, 昭和52年度)",13.0,12.0,0,5.153291594497779,新潟_1990,sugi_1990,新潟_sugi
1990,新潟,hinoki,1.0,1977.0,"新潟県治山課(南魚沼市, 昭和52年度)",13.0,12.0,0,0.6931471805599453,新潟_1990,hinoki_1990,新潟_hinoki
1990,山形,matsu,29.0,1978.0,"山形県松くい虫被害対策推進計画(山形市, 昭和53年)",12.0,12.0,1,3.4011973816621555,山形_1990,matsu_1990,山形_matsu
1990,山形,sugi,273.0,1978.0,"山形県松くい虫被害対策推進計画(山形市, 昭和53年)",12.0,12.0,0,5.6131281063880705,山形_1990,sugi_1990,山形_sugi
1990,山形,hinoki,2.0,1978.0,"山形県松くい虫被害対策推進計画(山形市, 昭和53年)",12.0,12.0,0,1.0986122886681098,山形_1990,hinoki_1990,山形_hinoki
1990,山梨,matsu,24.0,1978.0,山梨県公式サイト(昭和53年),12.0,12.0,1,3.2188758248682006,山梨_1990,matsu_1990,山梨_matsu
1990,山梨,sugi,18.0,1978.0,山梨県公式サイト(昭和53年),12.0,12.0,0,2.9444389791664403,山梨_1990,sugi_1990,山梨_sugi
1990,山梨,hinoki,10.0,1978.0,山梨県公式サイト(昭和53年),12.0,12.0,0,2.3978952727983707,山梨_1990,hinoki_1990,山梨_hinoki
1990,長野,matsu,58.0,1981.0,"長野県林業総合センター研究報告(木曽郡山口村, 昭和56年)",9.0,9.0,1,4.07753744390572,長野_1990,matsu_1990,長野_matsu
1990,長野,sugi,58.0,1981.0,"長野県林業総合センター研究報告(木曽郡山口村, 昭和56年)",9.0,9.0,0,4.07753744390572,長野_1990,sugi_1990,長野_sugi
1990,長野,hinoki,155.0,1981.0,"長野県林業総合センター研究報告(木曽郡山口村, 昭和56年)",9.0,9.0,0,5.049856007249537,長野_1990,hinoki_1990,長野_hinoki
1990,秋田,matsu,42.0,1982.0,"秋田県公式サイト(にかほ市旧象潟町, 昭和57年度)",8.0,8.0,1,3.7612001156935624,秋田_1990,matsu_1990,秋田_matsu
1990,秋田,sugi,810.0,1982.0,"秋田県公式サイト(にかほ市旧象潟町, 昭和57年度)",8.0,8.0,0,6.698268054115413,秋田_1990,sugi_1990,秋田_sugi
1990,秋田,hinoki,0.0,1982.0,"秋田県公式サイト(にかほ市旧象潟町, 昭和57年度)",8.0,8.0,0,0.0,秋田_1990,hinoki_1990,秋田_hinoki
1990,北海道,matsu,0.0,,,,,1,0.0,北海道_1990,matsu_1990,北海道_matsu
1990,北海道,sugi,38.0,,,,,0,3.6635616461296463,北海道_1990,sugi_1990,北海道_sugi
1990,北海道,hinoki,0.0,,,,,0,0.0,北海道_1990,hinoki_1990,北海道_hinoki
1990,青森,matsu,125.0,,,,,1,4.836281906951478,青森_1990,matsu_1990,青森_matsu
1990,青森,sugi,308.0,,,,,0,5.733341276897746,青森_1990,sugi_1990,青森_sugi
1990,青森,hinoki,1.0,,,,,0,0.6931471805599453,青森_1990,hinoki_1990,青森_hinoki
1991,宮城,matsu,85.0,1975.0,"宮城県公式サイト(石巻市大門崎, 昭和50年)",16.0,12.0,1,4.454347296253507,宮城_1991,matsu_1991,宮城_matsu
1991,宮城,sugi,219.0,1975.0,"宮城県公式サイト(石巻市大門崎, 昭和50年)",16.0,12.0,0,5.393627546352362,宮城_1991,sugi_1991,宮城_sugi
1991,宮城,hinoki,9.0,1975.0,"宮城県公式サイト(石巻市大門崎, 昭和50年)",16.0,12.0,0,2.302585092994046,宮城_1991,hinoki_1991,宮城_hinoki
1991,新潟,matsu,34.0,1977.0,"新潟県治山課(南魚沼市, 昭和52年度)",14.0,12.0,1,3.5553480614894135,新潟_1991,matsu_1991,新潟_matsu
1991,新潟,sugi,176.0,1977.0,"新潟県治山課(南魚沼市, 昭和52年度)",14.0,12.0,0,5.176149732573829,新潟_1991,sugi_1991,新潟_sugi
1991,新潟,hinoki,0.0,1977.0,"新潟県治山課(南魚沼市, 昭和52年度)",14.0,12.0,0,0.0,新潟_1991,hinoki_1991,新潟_hinoki
1991,山形,matsu,29.0,1978.0,"山形県松くい虫被害対策推進計画(山形市, 昭和53年)",13.0,12.0,1,3.4011973816621555,山形_1991,matsu_1991,山形_matsu
1991,山形,sugi,275.0,1978.0,"山形県松くい虫被害対策推進計画(山形市, 昭和53年)",13.0,12.0,0,5.62040086571715,山形_1991,sugi_1991,山形_sugi
1991,山形,hinoki,1.0,1978.0,"山形県松くい虫被害対策推進計画(山形市, 昭和53年)",13.0,12.0,0,0.6931471805599453,山形_1991,hinoki_1991,山形_hinoki
1991,山梨,matsu,23.0,1978.0,山梨県公式サイト(昭和53年),13.0,12.0,1,3.1780538303479458,山梨_1991,matsu_1991,山梨_matsu
1991,山梨,sugi,14.0,1978.0,山梨県公式サイト(昭和53年),13.0,12.0,0,2.70805020110221,山梨_1991,sugi_1991,山梨_sugi
1991,山梨,hinoki,11.0,1978.0,山梨県公式サイト(昭和53年),13.0,12.0,0,2.4849066497880004,山梨_1991,hinoki_1991,山梨_hinoki
1991,長野,matsu,52.0,1981.0,"長野県林業総合センター研究報告(木曽郡山口村, 昭和56年)",10.0,10.0,1,3.970291913552122,長野_1991,matsu_1991,長野_matsu
1991,長野,sugi,53.0,1981.0,"長野県林業総合センター研究報告(木曽郡山口村, 昭和56年)",10.0,10.0,0,3.9889840465642745,長野_1991,sugi_1991,長野_sugi
1991,長野,hinoki,157.0,1981.0,"長野県林業総合センター研究報告(木曽郡山口村, 昭和56年)",10.0,10.0,0,5.062595033026967,長野_1991,hinoki_1991,長野_hinoki
1991,秋田,matsu,39.0,1982.0,"秋田県公式サイト(にかほ市旧象潟町, 昭和57年度)",9.0,9.0,1,3.6888794541139363,秋田_1991,matsu_1991,秋田_matsu
1991,秋田,sugi,762.0,1982.0,"秋田県公式サイト(にかほ市旧象潟町, 昭和57年度)",9.0,9.0,0,6.637258031284457,秋田_1991,sugi_1991,秋田_sugi
1991,秋田,hinoki,1.0,1982.0,"秋田県公式サイト(にかほ市旧象潟町, 昭和57年度)",9.0,9.0,0,0.6931471805599453,秋田_1991,hinoki_1991,秋田_hinoki
1991,北海道,matsu,0.0,,,,,1,0.0,北海道_1991,matsu_1991,北海道_matsu
1991,北海道,sugi,39.0,,,,,0,3.6888794541139363,北海道_1991,sugi_1991,北海道_sugi
1991,北海道,hinoki,0.0,,,,,0,0.0,北海道_1991,hinoki_1991,北海道_hinoki
1991,青森,matsu,105.0,,,,,1,4.663439094112067,青森_1991,matsu_1991,青森_matsu
1991,青森,sugi,312.0,,,,,0,5.746203190540153,青森_1991,sugi_1991,青森_sugi
1991,青森,hinoki,2.0,,,,,0,1.0986122886681098,青森_1991,hinoki_1991,青森_hinoki
1992,宮城,matsu,84.0,1975.0,"宮城県公式サイト(石巻市大門崎, 昭和50年)",17.0,12.0,1,4.442651256490317,宮城_1992,matsu_1992,宮城_matsu
1992,宮城,sugi,253.0,1975.0,"宮城県公式サイト(石巻市大門崎, 昭和50年)",17.0,12.0,0,5.537334267018537,宮城_1992,sugi_1992,宮城_sugi
1992,宮城,hinoki,6.0,1975.0,"宮城県公式サイト(石巻市大門崎, 昭和50年)",17.0,12.0,0,1.9459101490553132,宮城_1992,hinoki_1992,宮城_hinoki
1992,新潟,matsu,32.0,1977.0,"新潟県治山課(南魚沼市, 昭和52年度)",15.0,12.0,1,3.4965075614664802,新潟_1992,matsu_1992,新潟_matsu
1992,新潟,sugi,181.0,1977.0,"新潟県治山課(南魚沼市, 昭和52年度)",15.0,12.0,0,5.204006687076795,新潟_1992,sugi_1992,新潟_sugi
1992,新潟,hinoki,1.0,1977.0,"新潟県治山課(南魚沼市, 昭和52年度)",15.0,12.0,0,0.6931471805599453,新潟_1992,hinoki_1992,新潟_hinoki
1992,山形,matsu,32.0,1978.0,"山形県松くい虫被害対策推進計画(山形市, 昭和53年)",14.0,12.0,1,3.4965075614664802,山形_1992,matsu_1992,山形_matsu
1992,山形,sugi,278.0,1978.0,"山形県松くい虫被害対策推進計画(山形市, 昭和53年)",14.0,12.0,0,5.631211781821365,山形_1992,sugi_1992,山形_sugi
1992,山形,hinoki,1.0,1978.0,"山形県松くい虫被害対策推進計画(山形市, 昭和53年)",14.0,12.0,0,0.6931471805599453,山形_1992,hinoki_1992,山形_hinoki
1992,山梨,matsu,18.0,1978.0,山梨県公式サイト(昭和53年),14.0,12.0,1,2.9444389791664403,山梨_1992,matsu_1992,山梨_matsu
1992,山梨,sugi,12.0,1978.0,山梨県公式サイト(昭和53年),14.0,12.0,0,2.5649493574615367,山梨_1992,sugi_1992,山梨_sugi
1992,山梨,hinoki,12.0,1978.0,山梨県公式サイト(昭和53年),14.0,12.0,0,2.5649493574615367,山梨_1992,hinoki_1992,山梨_hinoki
1992,長野,matsu,49.0,1981.0,"長野県林業総合センター研究報告(木曽郡山口村, 昭和56年)",11.0,11.0,1,3.912023005428146,長野_1992,matsu_1992,長野_matsu
1992,長野,sugi,42.0,1981.0,"長野県林業総合センター研究報告(木曽郡山口村, 昭和56年)",11.0,11.0,0,3.7612001156935624,長野_1992,sugi_1992,長野_sugi
1992,長野,hinoki,142.0,1981.0,"長野県林業総合センター研究報告(木曽郡山口村, 昭和56年)",11.0,11.0,0,4.962844630259907,長野_1992,hinoki_1992,長野_hinoki
1992,秋田,matsu,35.0,1982.0,"秋田県公式サイト(にかほ市旧象潟町, 昭和57年度)",10.0,10.0,1,3.58351893845611,秋田_1992,matsu_1992,秋田_matsu
1992,秋田,sugi,824.0,1982.0,"秋田県公式サイト(にかほ市旧象潟町, 昭和57年度)",10.0,10.0,0,6.715383386334681,秋田_1992,sugi_1992,秋田_sugi
1992,秋田,hinoki,0.0,1982.0,"秋田県公式サイト(にかほ市旧象潟町, 昭和57年度)",10.0,10.0,0,0.0,秋田_1992,hinoki_1992,秋田_hinoki
1992,北海道,matsu,2.0,,,,,1,1.0986122886681098,北海道_1992,matsu_1992,北海道_matsu
1992,北海道,sugi,43.0,,,,,0,3.784189633918261,北海道_1992,sugi_1992,北海道_sugi
1992,北海道,hinoki,0.0,,,,,0,0.0,北海道_1992,hinoki_1992,北海道_hinoki
1992,青森,matsu,110.0,,,,,1,4.709530201312334,青森_1992,matsu_1992,青森_matsu
1992,青森,sugi,297.0,,,,,0,5.697093486505405,青森_1992,sugi_1992,青森_sugi
1992,青森,hinoki,5.0,,,,,0,1.791759469228055,青森_1992,hinoki_1992,青森_hinoki
1993,宮城,matsu,84.0,1975.0,"宮城県公式サイト(石巻市大門崎, 昭和50年)",18.0,12.0,1,4.442651256490317,宮城_1993,matsu_1993,宮城_matsu
1993,宮城,sugi,265.0,1975.0,"宮城県公式サイト(石巻市大門崎, 昭和50年)",18.0,12.0,0,5.583496308781699,宮城_1993,sugi_1993,宮城_sugi
1993,宮城,hinoki,7.0,1975.0,"宮城県公式サイト(石巻市大門崎, 昭和50年)",18.0,12.0,0,2.0794415416798357,宮城_1993,hinoki_1993,宮城_hinoki
1993,新潟,matsu,35.0,1977.0,"新潟県治山課(南魚沼市, 昭和52年度)",16.0,12.0,1,3.58351893845611,新潟_1993,matsu_1993,新潟_matsu
1993,新潟,sugi,188.0,1977.0,"新潟県治山課(南魚沼市, 昭和52年度)",16.0,12.0,0,5.241747015059643,新潟_1993,sugi_1993,新潟_sugi
1993,新潟,hinoki,1.0,1977.0,"新潟県治山課(南魚沼市, 昭和52年度)",16.0,12.0,0,0.6931471805599453,新潟_1993,hinoki_1993,新潟_hinoki
1993,山形,matsu,31.0,1978.0,"山形県松くい虫被害対策推進計画(山形市, 昭和53年)",15.0,12.0,1,3.4657359027997265,山形_1993,matsu_1993,山形_matsu
1993,山形,sugi,280.0,1978.0,"山形県松くい虫被害対策推進計画(山形市, 昭和53年)",15.0,12.0,0,5.638354669333745,山形_1993,sugi_1993,山形_sugi
1993,山形,hinoki,1.0,1978.0,"山形県松くい虫被害対策推進計画(山形市, 昭和53年)",15.0,12.0,0,0.6931471805599453,山形_1993,hinoki_1993,山形_hinoki
1993,山梨,matsu,19.0,1978.0,山梨県公式サイト(昭和53年),15.0,12.0,1,2.995732273553991,山梨_1993,matsu_1993,山梨_matsu
1993,山梨,sugi,11.0,1978.0,山梨県公式サイト(昭和53年),15.0,12.0,0,2.4849066497880004,山梨_1993,sugi_1993,山梨_sugi
1993,山梨,hinoki,9.0,1978.0,山梨県公式サイト(昭和53年),15.0,12.0,0,2.302585092994046,山梨_1993,hinoki_1993,山梨_hinoki
1993,長野,matsu,49.0,1981.0,"長野県林業総合センター研究報告(木曽郡山口村, 昭和56年)",12.0,12.0,1,3.912023005428146,長野_1993,matsu_1993,長野_matsu
1993,長野,sugi,47.0,1981.0,"長野県林業総合センター研究報告(木曽郡山口村, 昭和56年)",12.0,12.0,0,3.871201010907891,長野_1993,sugi_1993,長野_sugi
1993,長野,hinoki,140.0,1981.0,"長野県林業総合センター研究報告(木曽郡山口村, 昭和56年)",12.0,12.0,0,4.948759890378168,長野_1993,hinoki_1993,長野_hinoki
1993,秋田,matsu,29.0,1982.0,"秋田県公式サイト(にかほ市旧象潟町, 昭和57年度)",11.0,11.0,1,3.4011973816621555,秋田_1993,matsu_1993,秋田_matsu
1993,秋田,sugi,794.0,1982.0,"秋田県公式サイト(にかほ市旧象潟町, 昭和57年度)",11.0,11.0,0,6.678342114654332,秋田_1993,sugi_1993,秋田_sugi
1993,秋田,hinoki,1.0,1982.0,"秋田県公式サイト(にかほ市旧象潟町, 昭和57年度)",11.0,11.0,0,0.6931471805599453,秋田_1993,hinoki_1993,秋田_hinoki
1993,北海道,matsu,23.0,,,,,1,3.1780538303479458,北海道_1993,matsu_1993,北海道_matsu
1993,北海道,sugi,46.0,,,,,0,3.8501476017100584,北海道_1993,sugi_1993,北海道_sugi
1993,北海道,hinoki,0.0,,,,,0,0.0,北海道_1993,hinoki_1993,北海道_hinoki
1993,青森,matsu,93.0,,,,,1,4.543294782270004,青森_1993,matsu_1993,青森_matsu
1993,青森,sugi,294.0,,,,,0,5.68697535633982,青森_1993,sugi_1993,青森_sugi
1993,青森,hinoki,1.0,,,,,0,0.6931471805599453,青森_1993,hinoki_1993,青森_hinoki
1994,宮城,matsu,86.0,1975.0,"宮城県公式サイト(石巻市大門崎, 昭和50年)",19.0,12.0,1,4.465908118654584,宮城_1994,matsu_1994,宮城_matsu
1994,宮城,sugi,326.0,1975.0,"宮城県公式サイト(石巻市大門崎, 昭和50年)",19.0,12.0,0,5.7899601708972535,宮城_1994,sugi_1994,宮城_sugi
1994,宮城,hinoki,6.0,1975.0,"宮城県公式サイト(石巻市大門崎, 昭和50年)",19.0,12.0,0,1.9459101490553132,宮城_1994,hinoki_1994,宮城_hinoki
1994,新潟,matsu,28.0,1977.0,"新潟県治山課(南魚沼市, 昭和52年度)",17.0,12.0,1,3.367295829986474,新潟_1994,matsu_1994,新潟_matsu
1994,新潟,sugi,192.0,1977.0,"新潟県治山課(南魚沼市, 昭和52年度)",17.0,12.0,0,5.262690188904886,新潟_1994,sugi_1994,新潟_sugi
1994,新潟,hinoki,1.0,1977.0,"新潟県治山課(南魚沼市, 昭和52年度)",17.0,12.0,0,0.6931471805599453,新潟_1994,hinoki_1994,新潟_hinoki
1994,山形,matsu,33.0,1978.0,"山形県松くい虫被害対策推進計画(山形市, 昭和53年)",16.0,12.0,1,3.5263605246161616,山形_1994,matsu_1994,山形_matsu
1994,山形,sugi,291.0,1978.0,"山形県松くい虫被害対策推進計画(山形市, 昭和53年)",16.0,12.0,0,5.676753802268282,山形_1994,sugi_1994,山形_sugi
1994,山形,hinoki,1.0,1978.0,"山形県松くい虫被害対策推進計画(山形市, 昭和53年)",16.0,12.0,0,0.6931471805599453,山形_1994,hinoki_1994,山形_hinoki
1994,山梨,matsu,14.0,1978.0,山梨県公式サイト(昭和53年),16.0,12.0,1,2.70805020110221,山梨_1994,matsu_1994,山梨_matsu
1994,山梨,sugi,13.0,1978.0,山梨県公式サイト(昭和53年),16.0,12.0,0,2.6390573296152584,山梨_1994,sugi_1994,山梨_sugi
1994,山梨,hinoki,10.0,1978.0,山梨県公式サイト(昭和53年),16.0,12.0,0,2.3978952727983707,山梨_1994,hinoki_1994,山梨_hinoki
1994,長野,matsu,43.0,1981.0,"長野県林業総合センター研究報告(木曽郡山口村, 昭和56年)",13.0,12.0,1,3.784189633918261,長野_1994,matsu_1994,長野_matsu
1994,長野,sugi,49.0,1981.0,"長野県林業総合センター研究報告(木曽郡山口村, 昭和56年)",13.0,12.0,0,3.912023005428146,長野_1994,sugi_1994,長野_sugi
1994,長野,hinoki,137.0,1981.0,"長野県林業総合センター研究報告(木曽郡山口村, 昭和56年)",13.0,12.0,0,4.927253685157205,長野_1994,hinoki_1994,長野_hinoki
1994,秋田,matsu,28.0,1982.0,"秋田県公式サイト(にかほ市旧象潟町, 昭和57年度)",12.0,12.0,1,3.367295829986474,秋田_1994,matsu_1994,秋田_matsu
1994,秋田,sugi,773.0,1982.0,"秋田県公式サイト(にかほ市旧象潟町, 昭和57年度)",12.0,12.0,0,6.651571873589727,秋田_1994,sugi_1994,秋田_sugi
1994,秋田,hinoki,1.0,1982.0,"秋田県公式サイト(にかほ市旧象潟町, 昭和57年度)",12.0,12.0,0,0.6931471805599453,秋田_1994,hinoki_1994,秋田_hinoki
1994,北海道,matsu,6.0,,,,,1,1.9459101490553132,北海道_1994,matsu_1994,北海道_matsu
1994,北海道,sugi,46.0,,,,,0,3.8501476017100584,北海道_1994,sugi_1994,北海道_sugi
1994,北海道,hinoki,1.0,,,,,0,0.6931471805599453,北海道_1994,hinoki_1994,北海道_hinoki
1994,青森,matsu,96.0,,,,,1,4.574710978503383,青森_1994,matsu_1994,青森_matsu
1994,青森,sugi,295.0,,,,,0,5.69035945432406,青森_1994,sugi_1994,青森_sugi
1994,青森,hinoki,2.0,,,,,0,1.0986122886681098,青森_1994,hinoki_1994,青森_hinoki
1995,宮城,matsu,95.0,1975.0,"宮城県公式サイト(石巻市大門崎, 昭和50年)",20.0,12.0,1,4.564348191467836,宮城_1995,matsu_1995,宮城_matsu
1995,宮城,sugi,259.0,1975.0,"宮城県公式サイト(石巻市大門崎, 昭和50年)",20.0,12.0,0,5.560681631015528,宮城_1995,sugi_1995,宮城_sugi
1995,宮城,hinoki,6.0,1975.0,"宮城県公式サイト(石巻市大門崎, 昭和50年)",20.0,12.0,0,1.9459101490553132,宮城_1995,hinoki_1995,宮城_hinoki
1995,新潟,matsu,25.0,1977.0,"新潟県治山課(南魚沼市, 昭和52年度)",18.0,12.0,1,3.258096538021482,新潟_1995,matsu_1995,新潟_matsu
1995,新潟,sugi,176.0,1977.0,"新潟県治山課(南魚沼市, 昭和52年度)",18.0,12.0,0,5.176149732573829,新潟_1995,sugi_1995,新潟_sugi
1995,新潟,hinoki,1.0,1977.0,"新潟県治山課(南魚沼市, 昭和52年度)",18.0,12.0,0,0.6931471805599453,新潟_1995,hinoki_1995,新潟_hinoki
1995,山形,matsu,34.0,1978.0,"山形県松くい虫被害対策推進計画(山形市, 昭和53年)",17.0,12.0,1,3.5553480614894135,山形_1995,matsu_1995,山形_matsu
1995,山形,sugi,266.0,1978.0,"山形県松くい虫被害対策推進計画(山形市, 昭和53年)",17.0,12.0,0,5.58724865840025,山形_1995,sugi_1995,山形_sugi
1995,山形,hinoki,4.0,1978.0,"山形県松くい虫被害対策推進計画(山形市, 昭和53年)",17.0,12.0,0,1.6094379124341003,山形_1995,hinoki_1995,山形_hinoki
1995,山梨,matsu,13.0,1978.0,山梨県公式サイト(昭和53年),17.0,12.0,1,2.6390573296152584,山梨_1995,matsu_1995,山梨_matsu
1995,山梨,sugi,12.0,1978.0,山梨県公式サイト(昭和53年),17.0,12.0,0,2.5649493574615367,山梨_1995,sugi_1995,山梨_sugi
1995,山梨,hinoki,10.0,1978.0,山梨県公式サイト(昭和53年),17.0,12.0,0,2.3978952727983707,山梨_1995,hinoki_1995,山梨_hinoki
1995,長野,matsu,35.0,1981.0,"長野県林業総合センター研究報告(木曽郡山口村, 昭和56年)",14.0,12.0,1,3.58351893845611,長野_1995,matsu_1995,長野_matsu
1995,長野,sugi,51.0,1981.0,"長野県林業総合センター研究報告(木曽郡山口村, 昭和56年)",14.0,12.0,0,3.9512437185814275,長野_1995,sugi_1995,長野_sugi
1995,長野,hinoki,123.0,1981.0,"長野県林業総合センター研究報告(木曽郡山口村, 昭和56年)",14.0,12.0,0,4.820281565605037,長野_1995,hinoki_1995,長野_hinoki
1995,秋田,matsu,29.0,1982.0,"秋田県公式サイト(にかほ市旧象潟町, 昭和57年度)",13.0,12.0,1,3.4011973816621555,秋田_1995,matsu_1995,秋田_matsu
1995,秋田,sugi,725.0,1982.0,"秋田県公式サイト(にかほ市旧象潟町, 昭和57年度)",13.0,12.0,0,6.587550014824796,秋田_1995,sugi_1995,秋田_sugi
1995,秋田,hinoki,8.0,1982.0,"秋田県公式サイト(にかほ市旧象潟町, 昭和57年度)",13.0,12.0,0,2.1972245773362196,秋田_1995,hinoki_1995,秋田_hinoki
1995,北海道,matsu,38.0,,,,,1,3.6635616461296463,北海道_1995,matsu_1995,北海道_matsu
1995,北海道,sugi,40.0,,,,,0,3.713572066704308,北海道_1995,sugi_1995,北海道_sugi
1995,北海道,hinoki,0.0,,,,,0,0.0,北海道_1995,hinoki_1995,北海道_hinoki
1995,青森,matsu,98.0,,,,,1,4.59511985013459,青森_1995,matsu_1995,青森_matsu
1995,青森,sugi,292.0,,,,,0,5.680172609017068,青森_1995,sugi_1995,青森_sugi
1995,青森,hinoki,3.0,,,,,0,1.3862943611198906,青森_1995,hinoki_1995,青森_hinoki
1996,宮城,matsu,96.0,1975.0,"宮城県公式サイト(石巻市大門崎, 昭和50年)",21.0,12.0,1,4.574710978503383,宮城_1996,matsu_1996,宮城_matsu
1996,宮城,sugi,261.0,1975.0,"宮城県公式サイト(石巻市大門崎, 昭和50年)",21.0,12.0,0,5.568344503761097,宮城_1996,sugi_1996,宮城_sugi
1996,宮城,hinoki,7.0,1975.0,"宮城県公式サイト(石巻市大門崎, 昭和50年)",21.0,12.0,0,2.0794415416798357,宮城_1996,hinoki_1996,宮城_hinoki
1996,新潟,matsu,18.0,1977.0,"新潟県治山課(南魚沼市, 昭和52年度)",19.0,12.0,1,2.9444389791664403,新潟_1996,matsu_1996,新潟_matsu
1996,新潟,sugi,170.0,1977.0,"新潟県治山課(南魚沼市, 昭和52年度)",19.0,12.0,0,5.14166355650266,新潟_1996,sugi_1996,新潟_sugi
1996,新潟,hinoki,1.0,1977.0,"新潟県治山課(南魚沼市, 昭和52年度)",19.0,12.0,0,0.6931471805599453,新潟_1996,hinoki_1996,新潟_hinoki
1996,山形,matsu,46.0,1978.0,"山形県松くい虫被害対策推進計画(山形市, 昭和53年)",18.0,12.0,1,3.8501476017100584,山形_1996,matsu_1996,山形_matsu
1996,山形,sugi,292.0,1978.0,"山形県松くい虫被害対策推進計画(山形市, 昭和53年)",18.0,12.0,0,5.680172609017068,山形_1996,sugi_1996,山形_sugi
1996,山形,hinoki,2.0,1978.0,"山形県松くい虫被害対策推進計画(山形市, 昭和53年)",18.0,12.0,0,1.0986122886681098,山形_1996,hinoki_1996,山形_hinoki
1996,山梨,matsu,9.0,1978.0,山梨県公式サイト(昭和53年),18.0,12.0,1,2.302585092994046,山梨_1996,matsu_1996,山梨_matsu
1996,山梨,sugi,11.0,1978.0,山梨県公式サイト(昭和53年),18.0,12.0,0,2.4849066497880004,山梨_1996,sugi_1996,山梨_sugi
1996,山梨,hinoki,10.0,1978.0,山梨県公式サイト(昭和53年),18.0,12.0,0,2.3978952727983707,山梨_1996,hinoki_1996,山梨_hinoki
1996,長野,matsu,32.0,1981.0,"長野県林業総合センター研究報告(木曽郡山口村, 昭和56年)",15.0,12.0,1,3.4965075614664802,長野_1996,matsu_1996,長野_matsu
1996,長野,sugi,50.0,1981.0,"長野県林業総合センター研究報告(木曽郡山口村, 昭和56年)",15.0,12.0,0,3.9318256327243257,長野_1996,sugi_1996,長野_sugi
1996,長野,hinoki,126.0,1981.0,"長野県林業総合センター研究報告(木曽郡山口村, 昭和56年)",15.0,12.0,0,4.844187086458591,長野_1996,hinoki_1996,長野_hinoki
1996,秋田,matsu,26.0,1982.0,"秋田県公式サイト(にかほ市旧象潟町, 昭和57年度)",14.0,12.0,1,3.295836866004329,秋田_1996,matsu_1996,秋田_matsu
1996,秋田,sugi,726.0,1982.0,"秋田県公式サイト(にかほ市旧象潟町, 昭和57年度)",14.0,12.0,0,6.588926477533519,秋田_1996,sugi_1996,秋田_sugi
1996,秋田,hinoki,0.0,1982.0,"秋田県公式サイト(にかほ市旧象潟町, 昭和57年度)",14.0,12.0,0,0.0,秋田_1996,hinoki_1996,秋田_hinoki
1996,北海道,matsu,4.0,,,,,1,1.6094379124341003,北海道_1996,matsu_1996,北海道_matsu
1996,北海道,sugi,42.0,,,,,0,3.7612001156935624,北海道_1996,sugi_1996,北海道_sugi
1996,北海道,hinoki,1.0,,,,,0,0.6931471805599453,北海道_1996,hinoki_1996,北海道_hinoki
1996,青森,matsu,94.0,,,,,1,4.553876891600541,青森_1996,matsu_1996,青森_matsu
1996,青森,sugi,327.0,,,,,0,5.793013608384144,青森_1996,sugi_1996,青森_sugi
1996,青森,hinoki,0.0,,,,,0,0.0,青森_1996,hinoki_1996,青森_hinoki
1997,宮城,matsu,89.0,1975.0,"宮城県公式サイト(石巻市大門崎, 昭和50年)",22.0,12.0,1,4.499809670330265,宮城_1997,matsu_1997,宮城_matsu
1997,宮城,sugi,259.0,1975.0,"宮城県公式サイト(石巻市大門崎, 昭和50年)",22.0,12.0,0,5.560681631015528,宮城_1997,sugi_1997,宮城_sugi
1997,宮城,hinoki,5.0,1975.0,"宮城県公式サイト(石巻市大門崎, 昭和50年)",22.0,12.0,0,1.791759469228055,宮城_1997,hinoki_1997,宮城_hinoki
1997,新潟,matsu,22.0,1977.0,"新潟県治山課(南魚沼市, 昭和52年度)",20.0,12.0,1,3.1354942159291497,新潟_1997,matsu_1997,新潟_matsu
1997,新潟,sugi,161.0,1977.0,"新潟県治山課(南魚沼市, 昭和52年度)",20.0,12.0,0,5.087596335232384,新潟_1997,sugi_1997,新潟_sugi
1997,新潟,hinoki,1.0,1977.0,"新潟県治山課(南魚沼市, 昭和52年度)",20.0,12.0,0,0.6931471805599453,新潟_1997,hinoki_1997,新潟_hinoki
1997,山形,matsu,27.0,1978.0,"山形県松くい虫被害対策推進計画(山形市, 昭和53年)",19.0,12.0,1,3.332204510175204,山形_1997,matsu_1997,山形_matsu
1997,山形,sugi,258.0,1978.0,"山形県松くい虫被害対策推進計画(山形市, 昭和53年)",19.0,12.0,0,5.556828061699537,山形_1997,sugi_1997,山形_sugi
1997,山形,hinoki,0.0,1978.0,"山形県松くい虫被害対策推進計画(山形市, 昭和53年)",19.0,12.0,0,0.0,山形_1997,hinoki_1997,山形_hinoki
1997,山梨,matsu,9.0,1978.0,山梨県公式サイト(昭和53年),19.0,12.0,1,2.302585092994046,山梨_1997,matsu_1997,山梨_matsu
1997,山梨,sugi,13.0,1978.0,山梨県公式サイト(昭和53年),19.0,12.0,0,2.6390573296152584,山梨_1997,sugi_1997,山梨_sugi
1997,山梨,hinoki,9.0,1978.0,山梨県公式サイト(昭和53年),19.0,12.0,0,2.302585092994046,山梨_1997,hinoki_1997,山梨_hinoki
1997,長野,matsu,37.0,1981.0,"長野県林業総合センター研究報告(木曽郡山口村, 昭和56年)",16.0,12.0,1,3.6375861597263857,長野_1997,matsu_1997,長野_matsu
1997,長野,sugi,41.0,1981.0,"長野県林業総合センター研究報告(木曽郡山口村, 昭和56年)",16.0,12.0,0,3.7376696182833684,長野_1997,sugi_1997,長野_sugi
1997,長野,hinoki,118.0,1981.0,"長野県林業総合センター研究報告(木曽郡山口村, 昭和56年)",16.0,12.0,0,4.77912349311153,長野_1997,hinoki_1997,長野_hinoki
1997,秋田,matsu,29.0,1982.0,"秋田県公式サイト(にかほ市旧象潟町, 昭和57年度)",15.0,12.0,1,3.4011973816621555,秋田_1997,matsu_1997,秋田_matsu
1997,秋田,sugi,683.0,1982.0,"秋田県公式サイト(にかほ市旧象潟町, 昭和57年度)",15.0,12.0,0,6.52795791762255,秋田_1997,sugi_1997,秋田_sugi
1997,秋田,hinoki,0.0,1982.0,"秋田県公式サイト(にかほ市旧象潟町, 昭和57年度)",15.0,12.0,0,0.0,秋田_1997,hinoki_1997,秋田_hinoki
1997,北海道,matsu,20.0,,,,,1,3.044522437723423,北海道_1997,matsu_1997,北海道_matsu
1997,北海道,sugi,44.0,,,,,0,3.8066624897703196,北海道_1997,sugi_1997,北海道_sugi
1997,北海道,hinoki,1.0,,,,,0,0.6931471805599453,北海道_1997,hinoki_1997,北海道_hinoki
1997,青森,matsu,88.0,,,,,1,4.48863636973214,青森_1997,matsu_1997,青森_matsu
1997,青森,sugi,308.0,,,,,0,5.733341276897746,青森_1997,sugi_1997,青森_sugi
1997,青森,hinoki,0.0,,,,,0,0.0,青森_1997,hinoki_1997,青森_hinoki
1998,宮城,matsu,84.0,1975.0,"宮城県公式サイト(石巻市大門崎, 昭和50年)",23.0,12.0,1,4.442651256490317,宮城_1998,matsu_1998,宮城_matsu
1998,宮城,sugi,230.0,1975.0,"宮城県公式サイト(石巻市大門崎, 昭和50年)",23.0,12.0,0,5.442417710521793,宮城_1998,sugi_1998,宮城_sugi
1998,宮城,hinoki,5.0,1975.0,"宮城県公式サイト(石巻市大門崎, 昭和50年)",23.0,12.0,0,1.791759469228055,宮城_1998,hinoki_1998,宮城_hinoki
1998,新潟,matsu,26.0,1977.0,"新潟県治山課(南魚沼市, 昭和52年度)",21.0,12.0,1,3.295836866004329,新潟_1998,matsu_1998,新潟_matsu
1998,新潟,sugi,140.0,1977.0,"新潟県治山課(南魚沼市, 昭和52年度)",21.0,12.0,0,4.948759890378168,新潟_1998,sugi_1998,新潟_sugi
1998,新潟,hinoki,1.0,1977.0,"新潟県治山課(南魚沼市, 昭和52年度)",21.0,12.0,0,0.6931471805599453,新潟_1998,hinoki_1998,新潟_hinoki
1998,山形,matsu,25.0,1978.0,"山形県松くい虫被害対策推進計画(山形市, 昭和53年)",20.0,12.0,1,3.258096538021482,山形_1998,matsu_1998,山形_matsu
1998,山形,sugi,217.0,1978.0,"山形県松くい虫被害対策推進計画(山形市, 昭和53年)",20.0,12.0,0,5.384495062789089,山形_1998,sugi_1998,山形_sugi
1998,山形,hinoki,0.0,1978.0,"山形県松くい虫被害対策推進計画(山形市, 昭和53年)",20.0,12.0,0,0.0,山形_1998,hinoki_1998,山形_hinoki
1998,山梨,matsu,5.0,1978.0,山梨県公式サイト(昭和53年),20.0,12.0,1,1.791759469228055,山梨_1998,matsu_1998,山梨_matsu
1998,山梨,sugi,12.0,1978.0,山梨県公式サイト(昭和53年),20.0,12.0,0,2.5649493574615367,山梨_1998,sugi_1998,山梨_sugi
1998,山梨,hinoki,8.0,1978.0,山梨県公式サイト(昭和53年),20.0,12.0,0,2.1972245773362196,山梨_1998,hinoki_1998,山梨_hinoki
1998,長野,matsu,29.0,1981.0,"長野県林業総合センター研究報告(木曽郡山口村, 昭和56年)",17.0,12.0,1,3.4011973816621555,長野_1998,matsu_1998,長野_matsu
1998,長野,sugi,41.0,1981.0,"長野県林業総合センター研究報告(木曽郡山口村, 昭和56年)",17.0,12.0,0,3.7376696182833684,長野_1998,sugi_1998,長野_sugi
1998,長野,hinoki,101.0,1981.0,"長野県林業総合センター研究報告(木曽郡山口村, 昭和56年)",17.0,12.0,0,4.624972813284271,長野_1998,hinoki_1998,長野_hinoki
1998,秋田,matsu,25.0,1982.0,"秋田県公式サイト(にかほ市旧象潟町, 昭和57年度)",16.0,12.0,1,3.258096538021482,秋田_1998,matsu_1998,秋田_matsu
1998,秋田,sugi,543.0,1982.0,"秋田県公式サイト(にかほ市旧象潟町, 昭和57年度)",16.0,12.0,0,6.298949246855942,秋田_1998,sugi_1998,秋田_sugi
1998,秋田,hinoki,3.0,1982.0,"秋田県公式サイト(にかほ市旧象潟町, 昭和57年度)",16.0,12.0,0,1.3862943611198906,秋田_1998,hinoki_1998,秋田_hinoki
1998,北海道,matsu,30.0,,,,,1,3.4339872044851463,北海道_1998,matsu_1998,北海道_matsu
1998,北海道,sugi,29.0,,,,,0,3.4011973816621555,北海道_1998,sugi_1998,北海道_sugi
1998,北海道,hinoki,0.0,,,,,0,0.0,北海道_1998,hinoki_1998,北海道_hinoki
1998,青森,matsu,76.0,,,,,1,4.343805421853684,青森_1998,matsu_1998,青森_matsu
1998,青森,sugi,272.0,,,,,0,5.60947179518496,青森_1998,sugi_1998,青森_sugi
1998,青森,hinoki,1.0,,,,,0,0.6931471805599453,青森_1998,hinoki_1998,青森_hinoki
1999,宮城,matsu,87.0,1975.0,"宮城県公式サイト(石巻市大門崎, 昭和50年)",24.0,12.0,1,4.477336814478207,宮城_1999,matsu_1999,宮城_matsu
1999,宮城,sugi,244.0,1975.0,"宮城県公式サイト(石巻市大門崎, 昭和50年)",24.0,12.0,0,5.501258210544727,宮城_1999,sugi_1999,宮城_sugi
1999,宮城,hinoki,4.0,1975.0,"宮城県公式サイト(石巻市大門崎, 昭和50年)",24.0,12.0,0,1.6094379124341003,宮城_1999,hinoki_1999,宮城_hinoki
1999,新潟,matsu,22.0,1977.0,"新潟県治山課(南魚沼市, 昭和52年度)",22.0,12.0,1,3.1354942159291497,新潟_1999,matsu_1999,新潟_matsu
1999,新潟,sugi,132.0,1977.0,"新潟県治山課(南魚沼市, 昭和52年度)",22.0,12.0,0,4.890349128221754,新潟_1999,sugi_1999,新潟_sugi
1999,新潟,hinoki,1.0,1977.0,"新潟県治山課(南魚沼市, 昭和52年度)",22.0,12.0,0,0.6931471805599453,新潟_1999,hinoki_1999,新潟_hinoki
1999,山形,matsu,23.0,1978.0,"山形県松くい虫被害対策推進計画(山形市, 昭和53年)",21.0,12.0,1,3.1780538303479458,山形_1999,matsu_1999,山形_matsu
1999,山形,sugi,214.0,1978.0,"山形県松くい虫被害対策推進計画(山形市, 昭和53年)",21.0,12.0,0,5.3706380281276624,山形_1999,sugi_1999,山形_sugi
1999,山形,hinoki,0.0,1978.0,"山形県松くい虫被害対策推進計画(山形市, 昭和53年)",21.0,12.0,0,0.0,山形_1999,hinoki_1999,山形_hinoki
1999,山梨,matsu,4.0,1978.0,山梨県公式サイト(昭和53年),21.0,12.0,1,1.6094379124341003,山梨_1999,matsu_1999,山梨_matsu
1999,山梨,sugi,13.0,1978.0,山梨県公式サイト(昭和53年),21.0,12.0,0,2.6390573296152584,山梨_1999,sugi_1999,山梨_sugi
1999,山梨,hinoki,8.0,1978.0,山梨県公式サイト(昭和53年),21.0,12.0,0,2.1972245773362196,山梨_1999,hinoki_1999,山梨_hinoki
1999,長野,matsu,30.0,1981.0,"長野県林業総合センター研究報告(木曽郡山口村, 昭和56年)",18.0,12.0,1,3.4339872044851463,長野_1999,matsu_1999,長野_matsu
1999,長野,sugi,50.0,1981.0,"長野県林業総合センター研究報告(木曽郡山口村, 昭和56年)",18.0,12.0,0,3.9318256327243257,長野_1999,sugi_1999,長野_sugi
1999,長野,hinoki,90.0,1981.0,"長野県林業総合センター研究報告(木曽郡山口村, 昭和56年)",18.0,12.0,0,4.51085950651685,長野_1999,hinoki_1999,長野_hinoki
1999,秋田,matsu,28.0,1982.0,"秋田県公式サイト(にかほ市旧象潟町, 昭和57年度)",17.0,12.0,1,3.367295829986474,秋田_1999,matsu_1999,秋田_matsu
1999,秋田,sugi,543.0,1982.0,"秋田県公式サイト(にかほ市旧象潟町, 昭和57年度)",17.0,12.0,0,6.298949246855942,秋田_1999,sugi_1999,秋田_sugi
1999,秋田,hinoki,0.0,1982.0,"秋田県公式サイト(にかほ市旧象潟町, 昭和57年度)",17.0,12.0,0,0.0,秋田_1999,hinoki_1999,秋田_hinoki
1999,北海道,matsu,5.0,,,,,1,1.791759469228055,北海道_1999,matsu_1999,北海道_matsu
1999,北海道,sugi,42.0,,,,,0,3.7612001156935624,北海道_1999,sugi_1999,北海道_sugi
1999,北海道,hinoki,0.0,,,,,0,0.0,北海道_1999,hinoki_1999,北海道_hinoki
1999,青森,matsu,72.0,,,,,1,4.290459441148391,青森_1999,matsu_1999,青森_matsu
1999,青森,sugi,289.0,,,,,0,5.66988092298052,青森_1999,sugi_1999,青森_sugi
1999,青森,hinoki,1.0,,,,,0,0.6931471805599453,青森_1999,hinoki_1999,青森_hinoki
