,D-10,D-9,D-8,D-7,D-6,D-5,D-4,D-3,D-2,D0,D1,D2,D3,D4,D5,D6,D7,D8,D9,D10,D11,D12
D-10,0.023625395052095512,0.01930723648095561,0.00547084477009035,-0.009114486135393063,0.007583761333900397,-0.0057358792922173035,-0.0076355811298967,0.01893160652121575,0.008074183615169015,0.004047379422348878,-0.004805824855394091,0.002451669539078745,0.011916207968790199,0.004001568793677989,0.003603560668023515,-0.0020234479684745573,-0.003650737209970829,-0.0009647626670797411,0.009929432049219382,-0.0017088283104854081,0.01515146415682055,0.0005053614401530576
D-9,0.019307236480957727,0.027045327628408344,0.01753816544399962,-0.011155545045827931,0.008747053496709928,0.002330081096989579,-0.005276468464093937,0.01787632716405705,0.005050072414298048,-0.0012586722422450822,-0.0032035740957807863,0.0014006883131508318,0.008656776038757898,0.00015662681321525744,-0.008205742199562537,0.003591668238664068,0.006090553752592434,-0.0008628580517608601,0.009967422382305429,0.0058591843376918406,0.018262262190746354,-0.00047249735555035516
D-8,0.005470844770091162,0.017538165443998725,0.043881376763309256,0.0003695618620218783,0.021261816589698678,0.018020930479568403,0.01675785591311983,0.02010835639114744,0.012338766979217477,-0.015483696260706281,-0.0025983848448532924,-0.012508150261834366,-0.01806273790633409,-0.017230861276455664,-0.023472139470773694,-0.01452471371296103,0.003968241927303572,-0.023781049587708644,-0.017071181168438927,0.004031645325981744,0.025543293420591157,0.006013141179803536
D-7,-0.009114486135393512,-0.011155545045829955,0.00036956186202083164,0.01174975906509556,-0.0015022138348621244,0.003498722091391313,0.0011081354594268745,-0.007538710000977004,0.0022241261722502964,-0.008724557103811282,-0.0021240907061304574,-0.01016977059400398,-0.01248435548969562,-0.0032274172047831347,0.0045685817101801885,-0.003033787954313508,-0.000167144347171194,0.005712296750685897,-0.0031893210422732875,0.005895228039654229,0.0013026275906133137,0.0052660362571178634
D-6,0.007583761333899868,0.00874705349670785,0.0212618165896975,-0.0015022138348622799,0.030777637820015902,-0.0009793209886384048,0.014952408372457834,0.022722844081453645,0.003821969040201575,0.001988071564722535,-0.008848705206989447,-0.014180879161827371,-0.01881285166507702,-0.02740139078923704,-0.026346695168720576,-0.022200755882280345,-0.01413085534618635,-0.03505806889273771,-0.016734038755921034,-0.0082903124568038,0.011315009449331517,-0.0025743141279468843
D-5,-0.005735879292216444,0.0023300810969886757,0.018020930479568296,0.0034987220913922576,-0.0009793209886372757,0.023455451427735734,0.022635837202557223,-0.003925799913821198,0.002317059619867056,-0.004827213287548094,0.011895762241446516,0.007718664016292999,-0.007840785460641073,-0.0002490586828429798,-0.011439848561276075,-0.00502719922758098,0.010088115803840907,0.003393480835024735,-0.002220386741049362,0.018301203064871974,0.007602118417635057,0.009915444455665473
D-4,-0.007635581129894512,-0.005276468464093466,0.016757855913121046,0.0011081354594289921,0.01495240837246009,0.02263583720255836,0.052771186940906205,0.01765473199067249,0.001543887107389187,0.014221238558057809,0.01379066154312219,0.017395505662570743,-0.01163666046018188,-0.019952017199638142,-0.02636177292479844,-0.02455505482414003,-0.001800845504252135,-0.027400690703409645,-0.018700721355618396,0.005691336258705276,0.01632645792661371,0.02247554167468004
D-3,0.018931606521215855,0.01787632716405556,0.020108356391146796,-0.007538710000976701,0.022722844081454193,-0.003925799913821786,0.017654731990670757,0.06234586550632838,0.017732479851570445,0.008936658332570258,-0.01292131966319102,0.0033947208200469843,0.009788135852511346,-0.022430185807760676,-0.003910561337732631,-0.011932356573669254,0.00038640777020313317,-0.031818496411947096,-0.010618584438514796,-0.014719447919572057,0.06079173790310852,0.036265948576468136
D-2,0.008074183615170028,0.005050072414297349,0.012338766979217531,0.0022241261722512604,0.0038219690402026252,0.0023170596198671027,0.0015438871073881096,0.017732479851571007,0.01310427219279447,-0.00657629410670624,-0.004655507083992352,-0.003621757483026562,0.0010931160694256732,-0.0010184545298932927,0.00792131510681253,-0.0048530865599568165,0.0013269166114401884,-0.004335464507744906,-0.004256276299518433,-0.0028288964906864784,0.024053426944123362,0.014152103401520639
D0,0.004047379422350155,-0.0012586722422452568,-0.015483696260705703,-0.008724557103809852,0.0019880715647241773,-0.0048272132875475104,0.014221238558057216,0.008936658332571411,-0.006576294106705733,0.022966605935420308,0.00592518056092934,0.019406923586852046,0.012249923776299371,-0.001955706497995572,-0.004765954218150256,-0.004181388161668026,-0.00600812487836567,-0.007734543442755546,0.003319636978933907,-0.004982322430290856,-0.002955756827177159,0.0039748865512885916
D1,-0.004805824855393196,-0.0032035740957814785,-0.0025983848448532577,-0.00212409070612939,-0.008848705206988262,0.011895762241446593,0.013790661543121125,-0.012921319663190323,-0.004655507083992278,0.005925180560928842,0.014234605496930742,0.016274401470732752,0.0038999008578872356,0.009186582066570404,-0.003569930657523631,5.386510330984193e-05,0.004164346229542078,0.006865269656908986,0.002502699266768947,0.00867889489655178,-0.011892178915738384,-0.0008799043299406275
D2,0.002451669539078976,0.0014006883131494586,-0.012508150261835048,-0.010169770594003804,-0.014180879161826917,0.007718664016292385,0.017395505662569102,0.0033947208200469483,-0.0036217574830271887,0.019406923586850835,0.016274401470731937,0.03381739751761165,0.024044390744801705,0.014215975881357663,0.004760478012760259,0.005799857527334266,0.008560720950192294,0.008952375342567582,0.009981342345987146,0.004859916189739856,0.002688441550836864,0.01323332772619134
D3,0.011916207968790945,0.00865677603875713,-0.01806273790633418,-0.012484355489694733,-0.018812851665076104,-0.00784078546064103,-0.011636660460183123,0.009788135852511868,0.0010931160694256105,0.012249923776298736,0.0038999008578870084,0.024044390744802267,0.03504741727252901,0.021620801734905177,0.022627928977791142,0.01876729674850109,0.010505126011538487,0.01811790443887845,0.018374614730326692,-0.003701398344018336,0.010318105601797831,0.010546567112460901
D4,0.004001568793678673,0.0001566268132143041,-0.017230861276455907,-0.003227417204782276,-0.027401390789236108,-0.00024905868284294996,-0.01995201719963945,-0.02243018580776022,-0.0010184545298933157,-0.001955706497996393,0.009186582066570205,0.01421597588135836,0.021620801734905257,0.03274122327434352,0.025920200696274404,0.019061880376244483,0.009373940616730967,0.03448394910020253,0.020130125658574596,0.007370356247420604,-0.015397428213639748,-0.006534680195058436
D5,0.0036035606680252055,-0.008205742199562445,-0.023472139470773076,0.004568581710181867,-0.02634669516871869,-0.011439848561275287,-0.02636177292479912,-0.00391056133773132,0.007921315106813218,-0.004765954218150248,-0.003569930657523115,0.004760478012761529,0.022627928977791787,0.02592020069627507,0.04340308329199101,0.0187036391907732,0.007537189218573005,0.0320603566433208,0.016119895763971343,-0.0026545266952962172,0.008505298777341927,0.012878694413393321
D6,-0.0020234479684743878,0.0035916682386626497,-0.014524713712961797,-0.0030337879543131403,-0.022200755882279734,-0.0050271992275815105,-0.024555054824141904,-0.01193235657366931,-0.004853086559957479,-0.004181388161669218,5.3865103309108135e-05,0.0057998575273344195,0.018767296748500497,0.01906188037624384,0.018703639190771823,0.027030479960432955,0.016357804501578893,0.030224808568088988,0.019716928990458495,0.007050883730171127,-0.00255507124750264,-0.0005564066037403313
D7,-0.003650737209968758,0.006090553752592814,0.003968241927304536,-0.00016714434716921556,-0.014130855346184235,0.010088115803841896,-0.0018008455042525726,0.0003864077702048528,0.0013269166114411167,-0.00600812487836543,0.0041643462295429135,0.008560720950193935,0.01050512601153948,0.009373940616732005,0.0075371892185732954,0.01635780450158052,0.020194194723338384,0.019812265379955483,0.010903250411971464,0.014037650493458158,0.016099550065108333,0.014596917249805077
D8,-0.0009647626670796887,-0.0008628580517625431,-0.02378104958770974,0.005712296750686001,-0.035058068892737125,0.0033934808350239926,-0.02740069070341172,-0.03181849641194727,-0.004335464507745753,-0.00773454344275699,0.0068652696569079545,0.008952375342567515,0.018117904438877626,0.03448394910020164,0.03206035664331912,0.030224808568088714,0.019812265379953484,0.062351620842884835,0.038909465335797526,0.03080949087654756,-0.00819670783640043,0.001976569642240187
D9,0.009929432049218897,0.009967422382303375,-0.017071181168440232,-0.0031893210422735212,-0.016734038755921086,-0.0022203867410503977,-0.018700721355620908,-0.010618584438515318,-0.004256276299519496,0.003319636978932159,0.0025026992667676494,0.009981342345986882,0.018374614730325672,0.020130125658573587,0.01611989576396951,0.019716928990458127,0.01090325041196925,0.03890946533579754,0.0332489324610346,0.021214738727607693,-0.0002188402348059867,0.0005012725720893536
D10,-0.0017088283104855727,0.005859184337690006,0.0040316453259806855,0.00589522803965431,-0.008290312456803579,0.018301203064871173,0.005691336258703023,-0.01471944791957231,-0.0028288964906873844,-0.004982322430292391,0.008678894896550694,0.004859916189739747,-0.0037013983440190956,0.007370356247419684,-0.002654526695297915,0.007050883730170885,0.014037650493456011,0.030809490876547586,0.021214738727607825,0.03500104034242985,0.004335213312116217,0.0069444789732112915
D11,0.01515146415682083,0.01826226219074491,0.02554329342059048,0.0013026275906138224,0.011315009449332386,0.007602118417634531,0.016326457926611776,0.06079173790310867,0.024053426944122814,-0.0029557568271784953,-0.011892178915739142,0.0026884415508371326,0.010318105601797379,-0.015397428213640188,0.008505298777340442,-0.002555071247502446,0.016099550065106587,-0.008196707836400006,-0.00021884023480542953,0.004335213312116644,0.08085144156663979,0.05483429360911961
D12,0.000505361440154437,-0.00047249735555066606,0.006013141179803778,0.005266036257119232,-0.002574314127945005,0.009915444455665898,0.02247554167467876,0.0362659485764692,0.014152103401521048,0.003974886551288043,-0.0008799043299405013,0.01323332772619259,0.010546567112461389,-0.006534680195057867,0.012878694413392825,-0.0005564066037390839,0.014596917249804492,0.001976569642241798,0.000501272572090908,0.006944478973212827,0.05483429360912074,0.049403139347851524
